key,deal,a,p,y,m
7f045f115e20c06b,A,580856432,535702377,1052792947,811939015
7f045f115e20c06b,A,695371275,174190485,1831698887,1803008546
7f045f115e20c06b,A,568228984,210301442,732523088,65512760
7f045f115e20c06b,A,253439198,1553549721,2124758202,52161006
7f045f115e20c06b,A,1390979603,1882117511,1330192337,107033284
7f045f115e20c06b,A,51940420,965986382,1206516250,1540912860
7f045f115e20c06b,A,575186231,778210107,1755330263,383354286
7f045f115e20c06b,A,678610797,1371523832,1844040556,844872803
7f045f115e20c06b,A,1432185593,703038522,1193434182,332823694
7f045f115e20c06b,A,2076749540,1766340969,1973560985,2063897618
7f045f115e20c06b,A,1348640338,370469878,1068134224,69181248
7f045f115e20c06b,A,230260462,7894700,2075346299,1443793252
7f045f115e20c06b,A,2103629665,2088339998,1210352587,522702014
7f045f115e20c06b,A,182632592,518327150,414583303,1288266933
7f045f115e20c06b,A,2112439038,1425236611,984808173,335121788
7f045f115e20c06b,A,294399815,657215984,1907228652,1022519920
7f045f115e20c06b,A,1749352855,2056447250,1299420959,1945622977
7f045f115e20c06b,A,533083,1212645057,1994830638,733010702
7f045f115e20c06b,A,556569792,543456241,362468412,1830112231
7f045f115e20c06b,A,552141455,425662587,1304485274,2056379939
7f045f115e20c06b,A,1011800691,945651358,1480460214,1515258374
7f045f115e20c06b,A,1526707047,673176510,253991349,1812174848
7f045f115e20c06b,A,449219156,1983243367,223175111,855406552
7f045f115e20c06b,A,174722016,1667473745,1128696133,1059742807
7f045f115e20c06b,A,1177124462,1330412216,2087909542,1203131698
7f045f115e20c06b,A,574716447,409942335,1086014172,319305990
7f045f115e20c06b,A,1443127020,514434599,1690167887,1034220848
7f045f115e20c06b,A,1864587207,1476657598,2091783624,951766465
7f045f115e20c06b,A,1736251943,1193895934,2130544996,1467500859
7f045f115e20c06b,A,970556130,994745083,1721524784,1332112100
7f045f115e20c06b,B,1297016085,1127514174,1847392095,1897144872
7f045f115e20c06b,B,1950449879,1237929777,611345310,1950899294
7f045f115e20c06b,B,1730674216,448080871,232866884,521923236
7f045f115e20c06b,B,2063659614,662767039,1640260619,498992868
7f045f115e20c06b,B,1822261870,1232797823,1093709842,272438844
7f045f115e20c06b,B,630462316,794796347,1040455470,1624869313
7f045f115e20c06b,B,260538995,801370195,1251092086,759668348
7f045f115e20c06b,B,1907928662,1057228807,494738109,1348858757
7f045f115e20c06b,B,121269018,316852129,478007864,1449479585
7f045f115e20c06b,B,1108331726,1692896580,1150310328,78911590
7f045f115e20c06b,B,1777969496,741580972,292437060,1943270397
7f045f115e20c06b,B,166817171,535891646,2039956678,1772908567
7f045f115e20c06b,B,1705663689,1684192814,195748952,1141614362
7f045f115e20c06b,B,1305838953,1187385521,1269652671,1791597643
7f045f115e20c06b,B,2016615406,1516615157,1634574153,244296999
7f045f115e20c06b,B,2081185266,1682320012,1168514340,2112861341
7f045f115e20c06b,B,1520604214,344159836,1066092339,1811789807
7f045f115e20c06b,B,1621194227,56270477,1397266758,800910627
7f045f115e20c06b,B,1868657695,784945617,29327505,1797564499
7f045f115e20c06b,B,790395859,1141208500,697369775,1897568839
7f045f115e20c06b,B,946131405,1844093935,46706111,1327184890
7f045f115e20c06b,B,2097477535,110398345,260564964,2071326272
7f045f115e20c06b,B,865642190,1739174541,1734808859,572116554
7f045f115e20c06b,B,381421938,2038227152,1324433423,1565140167
7f045f115e20c06b,B,676533437,181852813,2014439207,844412055
7f045f115e20c06b,B,1922721096,752992101,723366670,2108154775
7f045f115e20c06b,B,2106654374,1635144597,1531801391,60150083
7f045f115e20c06b,B,1360761085,1048193315,2096793698,580508113
7f045f115e20c06b,B,379553209,375234316,1539791375,1906965047
7f045f115e20c06b,B,506777761,1348062897,751868885,2117153068
7f045f115e20c06b,C,1431738841,2001395484,1287479507,1173142965
7f045f115e20c06b,C,1722636589,1077154694,453469221,442697486
7f045f115e20c06b,C,455487421,1483959463,1573454340,916051133
7f045f115e20c06b,C,2143529425,898591579,327575012,794178784
7f045f115e20c06b,C,1796239429,521669952,248658261,1105925361
7f045f115e20c06b,C,1532217394,1419132235,755084074,1927338010
7f045f115e20c06b,C,128024628,610280528,1840481314,2020286441
7f045f115e20c06b,C,1365206473,733991899,496523037,1858679817
7f045f115e20c06b,C,7393150,848990401,822176800,1655970491
7f045f115e20c06b,C,1936812698,213532953,1597181619,1236334068
7f045f115e20c06b,C,485683067,1464182276,70144205,1372292044
7f045f115e20c06b,C,254263614,2131488469,832157682,1154166390
7f045f115e20c06b,C,573534404,359321391,1756325852,1484193651
7f045f115e20c06b,C,640452434,1248814774,1004867722,1842067059
7f045f115e20c06b,C,264449021,1538036725,898293566,1076198436
7f045f115e20c06b,C,586173705,1163749650,2014883207,1974816954
7f045f115e20c06b,C,372754150,379623986,1313115207,1106995657
7f045f115e20c06b,C,1459584365,1239969757,874772779,1254408092
7f045f115e20c06b,C,137603109,510377788,1660984180,1612989358
7f045f115e20c06b,C,1872461406,147515338,40353535,1189672036
7f045f115e20c06b,C,1152163040,877539450,2090713996,823171862
7f045f115e20c06b,C,293696909,466153650,1761397460,807977654
7f045f115e20c06b,C,851419589,557868092,187192141,1911732106
7f045f115e20c06b,C,1138649822,2015851050,1634483175,1204366492
7f045f115e20c06b,C,717422341,1223629957,839352185,500683771
7f045f115e20c06b,C,759322623,1224132033,1221469941,2051975191
7f045f115e20c06b,C,171780202,1394594757,692068528,791049071
7f045f115e20c06b,C,2013189408,1459883207,2111230744,2086868462
7f045f115e20c06b,C,522776401,1069638705,1202652498,1227301778
7f045f115e20c06b,C,1328953509,101627198,799269915,922693123
7f045f115e20c06b,D,1454009813,1109155369,1995118254,1579091818
7f045f115e20c06b,D,2109351365,916547506,1284640200,1099287734
7f045f115e20c06b,D,1530688407,1936171072,474065350,693691892
7f045f115e20c06b,D,934055546,1844322491,1581109600,1801874494
7f045f115e20c06b,D,1595226313,20439647,1939082354,1022944889
7f045f115e20c06b,D,2049569794,1228783465,337409329,2066806924
7f045f115e20c06b,D,253724790,308027235,474609245,32617781
7f045f115e20c06b,D,513850042,2062210869,1448032889,1729032588
7f045f115e20c06b,D,39070259,1634315939,1711417739,1651684139
7f045f115e20c06b,D,443329603,243378286,1638351091,1726149996
7f045f115e20c06b,D,1021628091,1924098646,1212049901,917819447
7f045f115e20c06b,D,1945361086,506629997,1416707764,1009455370
7f045f115e20c06b,D,2053770854,1501742735,1560079855,487642052
7f045f115e20c06b,D,1547468895,1139917370,372230810,1118708935
7f045f115e20c06b,D,2065324867,993483368,1835193677,1316859101
7f045f115e20c06b,D,602127160,2086555583,528157699,280508569
7f045f115e20c06b,D,653306379,197785027,2071531839,868577958
7f045f115e20c06b,D,1618459712,599625359,567748204,63663728
7f045f115e20c06b,D,1383293444,1659721302,1875598833,2085818943
7f045f115e20c06b,D,758588334,367760777,180051130,1544733252
7f045f115e20c06b,D,1180528012,889068096,852412950,642328432
7f045f115e20c06b,D,1981847309,996554378,1669241133,1152456334
7f045f115e20c06b,D,1293262449,1815612617,1293275463,1970033341
7f045f115e20c06b,D,1873708702,380559313,984280476,945999943
7f045f115e20c06b,D,951453487,535511001,1808163605,632819730
7f045f115e20c06b,D,2099472866,1147987446,2014088425,2079463961
7f045f115e20c06b,D,518532638,2064506797,371050221,1321228004
7f045f115e20c06b,D,2047139246,2113328781,2117800837,1043481090
7f045f115e20c06b,D,839003382,653055627,973656751,1405472254
7f045f115e20c06b,D,638374146,938945918,1058298971,829415236
7f045f115e20c06b,E,2043789512,632554393,74592846,52937154
7f045f115e20c06b,E,1750405517,93863909,390413262,900491295
7f045f115e20c06b,E,140626602,1220017687,1723322404,620293521
7f045f115e20c06b,E,1218970143,889010367,230764538,1900148581
7f045f115e20c06b,E,424834603,824314696,88795504,1218010227
7f045f115e20c06b,E,1557351032,589358297,1621198629,1839868163
7f045f115e20c06b,E,974434359,1345805249,1181126970,198415826
7f045f115e20c06b,E,1863320171,681396325,2133364329,191609051
7f045f115e20c06b,E,1083273548,545655700,223604162,948376854
7f045f115e20c06b,E,1155828112,501884427,1194423320,299233350
7f045f115e20c06b,E,613853202,1873315770,885257033,1947809352
7f045f115e20c06b,E,1352331236,1563460959,1950650411,2051935856
7f045f115e20c06b,E,720708768,740909284,1835344173,567003628
7f045f115e20c06b,E,1538290960,423366720,1407135883,297542536
7f045f115e20c06b,E,1916351879,1736750625,611937054,38224862
7f045f115e20c06b,E,1416520971,682132999,1371267076,1570638163
7f045f115e20c06b,E,1396380251,1557081484,163546340,104352188
7f045f115e20c06b,E,275681369,1519778949,1601508674,547079560
7f045f115e20c06b,E,1794625573,916933235,1095423223,300485629
7f045f115e20c06b,E,473618596,406450283,1486253094,2132168095
7f045f115e20c06b,E,961057468,209468486,797021020,1022729954
7f045f115e20c06b,E,435969277,272081984,1523214836,1178636576
7f045f115e20c06b,E,376616121,1702359392,1155630706,1406163743
7f045f115e20c06b,E,659157382,1949328400,1814371065,2055856704
7f045f115e20c06b,E,1108465965,1520976914,393431030,1110867842
7f045f115e20c06b,E,825094218,978599649,9482638,1063721198
7f045f115e20c06b,E,678290496,2063659523,418222020,2110871464
7f045f115e20c06b,E,1934724077,2140535018,1506652840,405376522
7f045f115e20c06b,E,3064815,1399285953,2042386195,1201245309
7f045f115e20c06b,E,1670762962,1615440273,1592597970,1251475960
7f045f115e20c06b,F,172941086,6391642,530683180,1392902486
7f045f115e20c06b,F,1929041038,1637210372,1178670333,1912414090
7f045f115e20c06b,F,195615967,1498996593,1698335610,58735692
7f045f115e20c06b,F,1360176628,1769400491,984825268,1328339236
7f045f115e20c06b,F,103745397,1931889730,1429425403,471896822
7f045f115e20c06b,F,1756887124,603931781,1537187381,721980545
7f045f115e20c06b,F,1536499419,1807561374,937740473,541065715
7f045f115e20c06b,F,1967939739,694288532,1913101005,836086452
7f045f115e20c06b,F,2117257372,508672430,2139769602,746068339
7f045f115e20c06b,F,1405046075,1993297971,92496107,1160894848
7f045f115e20c06b,F,259407620,1695497617,85675331,1532039205
7f045f115e20c06b,F,608044608,1248565644,1883666730,2054558518
7f045f115e20c06b,F,2124158603,1590724337,19550694,44890741
7f045f115e20c06b,F,792864332,1831664503,1976239970,1642119698
7f045f115e20c06b,F,1580457585,1391026990,1316006015,768718066
7f045f115e20c06b,F,930952516,214546828,818613883,155885542
7f045f115e20c06b,F,996266454,57338831,234290314,2009377749
7f045f115e20c06b,F,972523099,270143485,1366448927,1059506795
7f045f115e20c06b,F,398188219,411174283,918809717,202413959
7f045f115e20c06b,F,1073867084,527636323,900306611,2007855320
7f045f115e20c06b,F,1924888199,175110375,943023230,1239397690
7f045f115e20c06b,F,1825761143,1630715434,414718636,1407084708
7f045f115e20c06b,F,1552782722,193427605,620723850,1724829084
7f045f115e20c06b,F,1982115824,89767117,1022454545,197111521
7f045f115e20c06b,F,2043940366,1831465066,137885557,899929849
7f045f115e20c06b,F,1202841363,1504741660,856121159,725808160
7f045f115e20c06b,F,1420175366,917053883,1260816591,494299661
7f045f115e20c06b,F,561280227,546093936,778500381,1034004793
7f045f115e20c06b,F,1790809075,1984177887,1786991103,1742184833
7f045f115e20c06b,F,701357436,268692528,984587108,757820560
7f045f115e20c06b,G,1357388386,1606272945,2089084546,990858903
7f045f115e20c06b,G,741447361,1233587884,396885621,1078983506
7f045f115e20c06b,G,981190343,1043216734,466785238,1510392442
7f045f115e20c06b,G,832776202,263190858,483689497,581651484
7f045f115e20c06b,G,1186336145,431935376,169090898,201622375
7f045f115e20c06b,G,324260931,1016023314,1254465091,1483446883
7f045f115e20c06b,G,1556262498,112827304,1312530772,1597901217
7f045f115e20c06b,G,701790086,404086683,839627926,1103253550
7f045f115e20c06b,G,907331382,144671838,1741086976,684385298
7f045f115e20c06b,G,1964431959,1806253953,907133903,63228434
7f045f115e20c06b,G,896684251,1434733275,773432707,469220565
7f045f115e20c06b,G,1078743403,1536323826,553017801,763553748
7f045f115e20c06b,G,999185199,2066655268,1542732133,581860312
7f045f115e20c06b,G,1691447269,962644596,1968147267,1865848178
7f045f115e20c06b,G,1367942295,979365781,745814320,2104909132
7f045f115e20c06b,G,1971955223,914412402,1911115443,1583089699
7f045f115e20c06b,G,1314448847,1352932214,1930463256,609091277
7f045f115e20c06b,G,1705694191,1926883695,1771321196,1852068892
7f045f115e20c06b,G,962358383,1827217856,729326682,480097914
7f045f115e20c06b,G,765228996,326329469,963685452,1863260414
7f045f115e20c06b,G,1060317222,236152836,423646355,377769621
7f045f115e20c06b,G,1256243204,1804689929,930734851,387870817
7f045f115e20c06b,G,389103708,1843419517,486697738,1842706266
7f045f115e20c06b,G,32477518,1978060258,1583520581,2032823981
7f045f115e20c06b,G,982020445,357698096,330683120,2092516495
7f045f115e20c06b,G,1484229916,1134085626,519161156,237940806
7f045f115e20c06b,G,1496152289,1052916408,1447724100,36609769
7f045f115e20c06b,G,534050186,364361672,1904223040,20669780
7f045f115e20c06b,G,713731905,1015966723,138939462,289403382
7f045f115e20c06b,G,1089988720,268242490,472767881,1467556099
7f045f115e20c06b,H,262121647,1545108634,1884528206,414606909
7f045f115e20c06b,H,288593411,2114472840,1064744591,49582653
7f045f115e20c06b,H,1880085205,84750530,286763981,1282759001
7f045f115e20c06b,H,1644801967,697050536,852214698,1414475108
7f045f115e20c06b,H,704303200,1242138366,1748173164,1720979773
7f045f115e20c06b,H,441449432,2086129444,865881360,838257773
7f045f115e20c06b,H,833726100,1611963155,447671008,942926487
7f045f115e20c06b,H,236150425,624734904,444090822,750832394
7f045f115e20c06b,H,1227920394,1102033532,932122146,1340917561
7f045f115e20c06b,H,1428247356,1709800562,1323044270,706481991
7f045f115e20c06b,H,1355864496,495661347,1372820333,317845892
7f045f115e20c06b,H,771013755,1504674489,683833854,557581870
7f045f115e20c06b,H,785513184,2026956192,635893757,1625612403
7f045f115e20c06b,H,169256657,200596562,121298880,354153955
7f045f115e20c06b,H,969547975,984225361,507853523,780889892
7f045f115e20c06b,H,751048290,1831700822,1214176870,1071398155
7f045f115e20c06b,H,1322021661,897554962,2045841938,515688660
7f045f115e20c06b,H,510703350,1157131349,417144164,1972821190
7f045f115e20c06b,H,271437159,1390273036,919713851,281177393
7f045f115e20c06b,H,1712071216,1402436904,1002364204,69968093
7f045f115e20c06b,H,174353699,390140077,2127615110,1562174000
7f045f115e20c06b,H,1616262070,1589339087,124161300,1056975972
7f045f115e20c06b,H,1810265640,1838792327,1181181412,863769303
7f045f115e20c06b,H,1026227787,1731472459,1402134351,265844444
7f045f115e20c06b,H,1594103368,870511297,1274484357,1733374286
7f045f115e20c06b,H,1655073121,1392770651,1392192206,1266934027
7f045f115e20c06b,H,1910007218,630930074,33798227,1096815365
7f045f115e20c06b,H,431381706,455303429,779727884,793256772
7f045f115e20c06b,H,424560284,134419406,796357645,989524042
7f045f115e20c06b,H,1878543834,221598935,1280729528,1252749063
7f045f115e20c06b,I,494865473,24876328,539718458,1935542038
7f045f115e20c06b,I,1805684045,575756601,2068295289,1056969950
7f045f115e20c06b,I,1624163541,962970063,933330086,1367922220
7f045f115e20c06b,I,2086182449,809436986,1300265756,409874762
7f045f115e20c06b,I,1264999779,1563730141,1506399535,1452917090
7f045f115e20c06b,I,772114458,1704991552,372677600,545290531
7f045f115e20c06b,I,1885757219,2050508207,1711157163,403012934
7f045f115e20c06b,I,2125952785,1626832010,1114869854,227337229
7f045f115e20c06b,I,541280056,2085805196,1137717254,174557612
7f045f115e20c06b,I,956562825,152301958,1852496323,428839917
7f045f115e20c06b,I,1440407735,106537778,1692264536,2134259753
7f045f115e20c06b,I,1280486248,887476902,2086885632,1703067085
7f045f115e20c06b,I,742421627,1354572512,1043921856,424194469
7f045f115e20c06b,I,1635836678,1154865410,415537942,892724694
7f045f115e20c06b,I,773055826,1797422052,64386369,2136709472
7f045f115e20c06b,I,1671597080,231810305,254441045,1530618947
7f045f115e20c06b,I,1132891608,632987384,309580725,1657647118
7f045f115e20c06b,I,1057718243,735396155,952061385,35946905
7f045f115e20c06b,I,798054027,1028731268,1923025779,1024859300
7f045f115e20c06b,I,1539697051,2094929271,1449825463,1864938834
7f045f115e20c06b,I,1198156253,1289586432,1905953197,832226973
7f045f115e20c06b,I,863449867,1563010825,1674105911,1104046897
7f045f115e20c06b,I,1249244948,313751857,118750195,915662465
7f045f115e20c06b,I,1880964560,646046066,174754006,1259135716
7f045f115e20c06b,I,482631669,1980889489,1695356599,36393238
7f045f115e20c06b,I,1008233010,944714334,574598597,462169336
7f045f115e20c06b,I,1551156011,343569816,777541722,1048137553
7f045f115e20c06b,I,1567428890,411499478,91051518,1820682979
7f045f115e20c06b,I,599958185,1724649097,1343349266,477457552
7f045f115e20c06b,I,1800037515,1998994958,1956523219,2041676790
7f045f115e20c06b,J,1497934533,158903469,2012739082,689343902
7f045f115e20c06b,J,1601505130,1405610643,1103487124,310829747
7f045f115e20c06b,J,637043754,1983660576,1187442828,998151750
7f045f115e20c06b,J,1379971422,1278365480,455786683,1441760870
7f045f115e20c06b,J,223256167,235904882,76484560,1420981071
7f045f115e20c06b,J,1285290202,1446087027,890886351,1543683803
7f045f115e20c06b,J,106091133,2143807051,877815757,1047331327
7f045f115e20c06b,J,296675181,1169474780,1683586215,904877896
7f045f115e20c06b,J,1209865074,319733888,458378650,1702186279
7f045f115e20c06b,J,2049949444,1076735316,540131740,1343071037
7f045f115e20c06b,J,1111890807,1826615858,645742064,1610803080
7f045f115e20c06b,J,1253274858,1525901564,973996152,895149931
7f045f115e20c06b,J,569797789,1313734042,1511796990,2071857868
7f045f115e20c06b,J,1823564870,1883657215,2114593495,1161921500
7f045f115e20c06b,J,1204364995,1937943327,992304061,310052936
7f045f115e20c06b,J,1346794234,1873732089,1220902503,1215468595
7f045f115e20c06b,J,1696361148,1750915041,896111224,208133057
7f045f115e20c06b,J,302281219,209750640,1093365577,442626294
7f045f115e20c06b,J,304295727,1698842902,1120080771,214596068
7f045f115e20c06b,J,640954308,1167775775,1222249566,123273626
7f045f115e20c06b,J,1155310116,979661558,1978696809,1975346689
7f045f115e20c06b,J,1449989157,475989773,632641400,388812821
7f045f115e20c06b,J,1837981616,1462034286,1922162702,254699629
7f045f115e20c06b,J,1583384202,970134033,1373691521,1911885580
7f045f115e20c06b,J,333300221,91466827,285189060,1719622097
7f045f115e20c06b,J,1254695154,2026767206,1933853517,12503730
7f045f115e20c06b,J,1605792289,1061850217,2141941913,242332434
7f045f115e20c06b,J,485854563,894253630,887279492,1004081254
7f045f115e20c06b,J,1363409769,198322829,1500961018,130966418
7f045f115e20c06b,J,908867726,521007050,286255316,508581531
7f045f115e20c06b,K,2000866126,686731230,1276240292,821872562
7f045f115e20c06b,K,1216158895,1090490612,1726909802,1140510172
7f045f115e20c06b,K,774925018,291362448,998587024,1825136754
7f045f115e20c06b,K,1448443159,17368797,127095549,355539637
7f045f115e20c06b,K,300004103,1227293357,462497278,1717016177
7f045f115e20c06b,K,916227541,1006145872,667972895,532405607
7f045f115e20c06b,K,2146667732,427060559,520537663,1313584278
7f045f115e20c06b,K,2132151338,171339612,445970195,322166090
7f045f115e20c06b,K,1711129911,1749638576,570794416,542851052
7f045f115e20c06b,K,53392722,1746472791,2081492073,1045323950
7f045f115e20c06b,K,1559663039,973398112,1947982758,1251220709
7f045f115e20c06b,K,193172758,1080849790,1231506565,502670672
7f045f115e20c06b,K,296813055,1210677921,1919069513,1534853024
7f045f115e20c06b,K,1533857606,137159695,1549455581,2141619005
7f045f115e20c06b,K,844476998,1539259789,449912489,9123800
7f045f115e20c06b,K,1865334998,1834978390,1805123869,2079596632
7f045f115e20c06b,K,1609294663,2015309559,1593863553,810376647
7f045f115e20c06b,K,1702377974,530563744,179054862,732886039
7f045f115e20c06b,K,1293259717,999941817,2050373427,718430403
7f045f115e20c06b,K,1125278361,1643823373,526760997,238295083
7f045f115e20c06b,K,82144860,1085964490,1219675456,664483981
7f045f115e20c06b,K,716940634,1690155653,1340133210,702036412
7f045f115e20c06b,K,1403825723,362947109,883356387,1328070555
7f045f115e20c06b,K,1121953127,857925574,1988323081,26074618
7f045f115e20c06b,K,1107128824,1850684169,1039509866,847705583
7f045f115e20c06b,K,227046303,126593900,2006380033,263528712
7f045f115e20c06b,K,2063137393,1256338682,93247853,1556447146
7f045f115e20c06b,K,888871428,1974582967,568720290,1106424374
7f045f115e20c06b,K,725907863,769771074,1862888466,1031353269
7f045f115e20c06b,K,1541149913,2131176803,1096214083,1631855450
7f045f115e20c06b,L,733015761,1881753266,901207995,1057993676
7f045f115e20c06b,L,1525115383,1177309641,1254824463,1583066746
7f045f115e20c06b,L,560017116,933303518,1027028483,1594221761
7f045f115e20c06b,L,236462348,845862344,765964611,552205415
7f045f115e20c06b,L,1013671593,42786739,1603489903,787861723
7f045f115e20c06b,L,1275474917,658863080,1647566839,1935898976
7f045f115e20c06b,L,1443633464,456771586,1329967031,848042556
7f045f115e20c06b,L,964006315,1717087363,2031145376,955609885
7f045f115e20c06b,L,751143424,2144653761,953207407,899292275
7f045f115e20c06b,L,2064085426,686611209,1251086523,631766350
7f045f115e20c06b,L,1016547342,990544295,481469607,1839868286
7f045f115e20c06b,L,1553690727,1068289729,2092024750,998198881
7f045f115e20c06b,L,457165518,1545753979,513638434,309012596
7f045f115e20c06b,L,569935804,1356939085,389805312,584183771
7f045f115e20c06b,L,843567040,1313131376,1193617567,613953944
7f045f115e20c06b,L,1491179525,1181337070,1174534341,1399081233
7f045f115e20c06b,L,536205764,773141774,557166433,460078960
7f045f115e20c06b,L,1687686593,119862908,207131831,1731707394
7f045f115e20c06b,L,1726086661,600308485,681202770,333369798
7f045f115e20c06b,L,309637992,1269931247,517060349,569397084
7f045f115e20c06b,L,1792999423,343671299,952387289,1497754554
7f045f115e20c06b,L,1198122712,1350099871,976685419,1132118805
7f045f115e20c06b,L,1728882772,1973240837,1571422902,207106693
7f045f115e20c06b,L,761261290,1508851712,1502716759,406888300
7f045f115e20c06b,L,196650046,164962759,737435060,486198801
7f045f115e20c06b,L,154355390,445022402,188623047,1222783082
7f045f115e20c06b,L,479723588,1577110220,548492623,1715963459
7f045f115e20c06b,L,892597879,632922147,1836273586,1673836512
7f045f115e20c06b,L,833693030,1548501630,742688435,1874162991
7f045f115e20c06b,L,883525337,972453069,553921468,556883090
9a3bfb8e1bebf619,A,133262371,691039582,878822941,1044832408
9a3bfb8e1bebf619,A,1110153888,613108572,928489254,1184945184
9a3bfb8e1bebf619,A,1495793924,1534327008,1471022327,1036578655
9a3bfb8e1bebf619,A,1313782772,1238986960,2002920938,1783712076
9a3bfb8e1bebf619,A,1780130652,452325522,2126300593,2131750424
9a3bfb8e1bebf619,A,1261255600,441927775,1556922589,637363197
9a3bfb8e1bebf619,A,882243635,1856112441,1335845522,515530412
9a3bfb8e1bebf619,A,2001696558,1252938773,183033415,650223400
9a3bfb8e1bebf619,A,930227304,173169533,279510486,1768203660
9a3bfb8e1bebf619,A,1958014375,1179816355,1712351353,673583332
9a3bfb8e1bebf619,A,1190479867,629225102,1751173194,1084952016
9a3bfb8e1bebf619,A,600836559,1003612829,123743627,1175608789
9a3bfb8e1bebf619,A,1493260367,836522740,795456834,832767662
9a3bfb8e1bebf619,A,1079557499,1323389174,637629636,2088922239
9a3bfb8e1bebf619,A,1330788960,276221292,482329892,1909662509
9a3bfb8e1bebf619,A,292511314,1513557897,1211608025,490399910
9a3bfb8e1bebf619,A,81707976,763485218,2143153046,1789315185
9a3bfb8e1bebf619,A,1558812290,32906976,1369790782,1262085702
9a3bfb8e1bebf619,A,372011432,1683645174,1042629624,890425978
9a3bfb8e1bebf619,A,1412625668,602044081,996620890,258467984
9a3bfb8e1bebf619,A,28918306,106321290,1074280375,1348257030
9a3bfb8e1bebf619,A,648621989,165985080,1732481151,99571139
9a3bfb8e1bebf619,A,1301053115,729803281,108083613,513248912
9a3bfb8e1bebf619,A,1524452001,68486616,2036740175,1258017197
9a3bfb8e1bebf619,A,1774447487,162918222,920566291,1185726602
9a3bfb8e1bebf619,A,453207311,1471546676,798042327,182293269
9a3bfb8e1bebf619,A,1021969681,1303316052,469721049,415947954
9a3bfb8e1bebf619,A,1685791467,1269052870,233040110,2121514327
9a3bfb8e1bebf619,A,675832209,327304242,641584382,1241463756
9a3bfb8e1bebf619,A,909062830,1284568512,2043065842,2120093
9a3bfb8e1bebf619,B,1726639423,197354623,1435078719,87000618
9a3bfb8e1bebf619,B,1679307863,1989714774,218849376,55681989
9a3bfb8e1bebf619,B,2069066846,1429221130,1610911832,1122885926
9a3bfb8e1bebf619,B,722591861,777991686,547894367,516783300
9a3bfb8e1bebf619,B,2112399198,1374655979,1155507310,1958107866
9a3bfb8e1bebf619,B,2022068888,1145908432,138415883,663119421
9a3bfb8e1bebf619,B,713726261,89391190,761887918,1487693255
9a3bfb8e1bebf619,B,1068649295,1787795799,860943027,2052939958
9a3bfb8e1bebf619,B,1862699890,1372525031,34932467,99359370
9a3bfb8e1bebf619,B,1270431231,1153830869,1731296954,1611648619
9a3bfb8e1bebf619,B,1843176395,553720053,288689107,1410343038
9a3bfb8e1bebf619,B,711708166,2146788019,1906969412,657068699
9a3bfb8e1bebf619,B,601593428,60749841,1925479993,1695666793
9a3bfb8e1bebf619,B,127297887,1510673011,434101632,828110266
9a3bfb8e1bebf619,B,1381502346,1485813646,337154980,789892125
9a3bfb8e1bebf619,B,736779547,144669084,120668588,932388613
9a3bfb8e1bebf619,B,1148599634,1471278385,202803393,1997883569
9a3bfb8e1bebf619,B,1168573870,1880800932,1785940718,298187201
9a3bfb8e1bebf619,B,969345093,744030188,1419819106,2048317992
9a3bfb8e1bebf619,B,3391002,52593958,869869107,190913015
9a3bfb8e1bebf619,B,1931885452,467109130,142670591,204179763
9a3bfb8e1bebf619,B,2030757031,1019544142,555398910,682860090
9a3bfb8e1bebf619,B,1250868465,1590494451,1032217464,1705309013
9a3bfb8e1bebf619,B,1659582612,1438996094,392562917,726008786
9a3bfb8e1bebf619,B,799198620,1391960690,356901482,1968685263
9a3bfb8e1bebf619,B,1651582901,417810594,2097626682,2137005702
9a3bfb8e1bebf619,B,966074872,1480036822,1269396185,1824059875
9a3bfb8e1bebf619,B,441151078,299371529,634247678,793583201
9a3bfb8e1bebf619,B,466804728,1204480395,1432804360,593670613
9a3bfb8e1bebf619,B,260670777,556189115,200314517,353337816
9a3bfb8e1bebf619,C,695468206,1856113208,659199604,2041775975
9a3bfb8e1bebf619,C,370676623,1634199466,701490621,1223041999
9a3bfb8e1bebf619,C,632434692,1717277125,553752486,1018749395
9a3bfb8e1bebf619,C,178763434,247457571,987379472,1367827891
9a3bfb8e1bebf619,C,270685170,508664152,1269416081,1306711650
9a3bfb8e1bebf619,C,1957222669,703473587,1334920003,1353446207
9a3bfb8e1bebf619,C,317207120,1818237140,1423000761,1733505988
9a3bfb8e1bebf619,C,198508937,1133796897,1624362033,439204958
9a3bfb8e1bebf619,C,2089509547,1968243167,703088420,695700779
9a3bfb8e1bebf619,C,1919191524,1885526245,1629155736,366286443
9a3bfb8e1bebf619,C,851208620,43465085,1833732607,1835115925
9a3bfb8e1bebf619,C,713669876,2127725198,99929142,1184304248
9a3bfb8e1bebf619,C,667114839,576657725,89533040,1102599198
9a3bfb8e1bebf619,C,1504243854,40628423,1877241714,386911907
9a3bfb8e1bebf619,C,701423457,321045839,1855797383,1425726767
9a3bfb8e1bebf619,C,1116786232,1248884061,25083462,609233634
9a3bfb8e1bebf619,C,1463722577,1073806398,304621839,45134977
9a3bfb8e1bebf619,C,1497261460,460067018,1778693445,1727828013
9a3bfb8e1bebf619,C,1767074500,221015226,2109096392,2080714898
9a3bfb8e1bebf619,C,970880026,529310438,1128584400,158956043
9a3bfb8e1bebf619,C,1462244773,1099849694,96089952,1911748541
9a3bfb8e1bebf619,C,1129351016,1951670112,370862920,1610066573
9a3bfb8e1bebf619,C,1604442424,1701707673,2048156281,1025950211
9a3bfb8e1bebf619,C,1953047641,1502591351,478532922,2020510829
9a3bfb8e1bebf619,C,821073392,425019179,146153394,1137562844
9a3bfb8e1bebf619,C,720569743,1057181636,1806758015,1003923183
9a3bfb8e1bebf619,C,888844764,790245196,1852299516,1009575128
9a3bfb8e1bebf619,C,321163720,637859044,734306533,995794692
9a3bfb8e1bebf619,C,750949892,1143886425,153550845,1134482419
9a3bfb8e1bebf619,C,103793568,1335517926,619800092,1210815596
9a3bfb8e1bebf619,D,1152958388,1368907813,271790878,484208723
9a3bfb8e1bebf619,D,1215091429,1305159466,1813931125,776904481
9a3bfb8e1bebf619,D,143683288,795467618,59555671,472397221
9a3bfb8e1bebf619,D,1316786474,1384622383,2075767118,1303396613
9a3bfb8e1bebf619,D,1301002213,191870381,1341947447,68228717
9a3bfb8e1bebf619,D,1660943093,1018434558,734410504,253298009
9a3bfb8e1bebf619,D,1571507532,84451452,1296860787,450056292
9a3bfb8e1bebf619,D,133434847,1937872526,283005669,634017883
9a3bfb8e1bebf619,D,711453478,1038911870,1304678640,2051704131
9a3bfb8e1bebf619,D,522590641,182246996,1372323135,286263391
9a3bfb8e1bebf619,D,564191349,407641971,1235460010,1894251274
9a3bfb8e1bebf619,D,298908930,903342941,155098539,2106562630
9a3bfb8e1bebf619,D,293171787,1452923589,1304031112,1551550432
9a3bfb8e1bebf619,D,614536330,579658236,553758923,1449746474
9a3bfb8e1bebf619,D,1162698083,1848654628,463559161,193599981
9a3bfb8e1bebf619,D,1018700366,1928297459,566706849,741929865
9a3bfb8e1bebf619,D,866280119,2011979449,1350300451,1619425874
9a3bfb8e1bebf619,D,617860941,989237096,2042355058,680490942
9a3bfb8e1bebf619,D,955559427,2032308672,2005899666,980253875
9a3bfb8e1bebf619,D,1723641842,1510932303,40460483,997118587
9a3bfb8e1bebf619,D,101908086,1925898266,1730009921,821586991
9a3bfb8e1bebf619,D,1167103473,177970512,2009128784,567423810
9a3bfb8e1bebf619,D,65484425,2070452700,1800315969,1695356312
9a3bfb8e1bebf619,D,905447941,8449099,1637171874,1616051338
9a3bfb8e1bebf619,D,584016364,1746089511,2040056575,601278520
9a3bfb8e1bebf619,D,1934857703,826604153,769803140,608505232
9a3bfb8e1bebf619,D,982492676,1063893847,472302640,1568111215
9a3bfb8e1bebf619,D,927160075,1133239547,540514390,999817340
9a3bfb8e1bebf619,D,1252699364,137110798,1002862553,642214048
9a3bfb8e1bebf619,D,1918854168,1246867634,1780226096,1435529046
9a3bfb8e1bebf619,E,2128140029,477945321,937679888,1332451041
9a3bfb8e1bebf619,E,1694243799,976049603,657090868,257876915
9a3bfb8e1bebf619,E,41338750,1047320178,1637089442,1978507849
9a3bfb8e1bebf619,E,1464580740,227246072,1043348515,1797405377
9a3bfb8e1bebf619,E,1304205801,1201141372,1562789953,272233013
9a3bfb8e1bebf619,E,1698992964,1315245427,1369609607,1455365093
9a3bfb8e1bebf619,E,1785816351,47183543,120241572,216257937
9a3bfb8e1bebf619,E,1886203892,1433097866,1278427310,611072928
9a3bfb8e1bebf619,E,370245810,758367060,681637533,749525629
9a3bfb8e1bebf619,E,1036301739,1539119849,471606721,1699774796
9a3bfb8e1bebf619,E,1177866635,850050841,320706335,298411732
9a3bfb8e1bebf619,E,653133796,1406465703,927956692,171355384
9a3bfb8e1bebf619,E,452358128,624817560,2031291137,486954869
9a3bfb8e1bebf619,E,1732121149,597367052,1069808644,499750813
9a3bfb8e1bebf619,E,1714501084,1745979310,1098448297,1154838956
9a3bfb8e1bebf619,E,1435198235,976104597,932830278,250417465
9a3bfb8e1bebf619,E,1271593291,1262369359,2001092246,1180698414
9a3bfb8e1bebf619,E,1939281072,100882188,266892053,579376085
9a3bfb8e1bebf619,E,464887408,668839458,1572588981,2062261630
9a3bfb8e1bebf619,E,553599079,1287646118,1777430079,1982956525
9a3bfb8e1bebf619,E,345683538,1878095345,63872348,1010816658
9a3bfb8e1bebf619,E,1069076387,1305746109,947054013,1075858707
9a3bfb8e1bebf619,E,2108331904,248354521,1064697327,1011265567
9a3bfb8e1bebf619,E,687432461,598244689,19715594,777452771
9a3bfb8e1bebf619,E,1220037034,132497125,1842348540,1982853435
9a3bfb8e1bebf619,E,1473983883,1640897434,1023350486,1075049984
9a3bfb8e1bebf619,E,1695387033,663641692,1365151199,470635607
9a3bfb8e1bebf619,E,1514611172,1539779909,1529210432,1338833400
9a3bfb8e1bebf619,E,362528920,662054038,697650031,830816155
9a3bfb8e1bebf619,E,2084757079,1653807634,2124055900,230599847
9a3bfb8e1bebf619,F,1622124870,39235392,2064563160,397975810
9a3bfb8e1bebf619,F,395878520,1181502742,1379990764,2017111678
9a3bfb8e1bebf619,F,582815683,974859108,1433281929,1247347634
9a3bfb8e1bebf619,F,1592915022,2132061953,1643895509,1475736567
9a3bfb8e1bebf619,F,439632573,1518091908,157926392,329767349
9a3bfb8e1bebf619,F,1917830504,1342578180,2037979962,334745712
9a3bfb8e1bebf619,F,460382832,1533591734,913160861,551281924
9a3bfb8e1bebf619,F,1258181745,1157226463,1389658874,954285696
9a3bfb8e1bebf619,F,812852187,1786208464,7892298,1745653629
9a3bfb8e1bebf619,F,438676957,657099951,465205930,938380924
9a3bfb8e1bebf619,F,1553117753,771473030,432261672,1434944432
9a3bfb8e1bebf619,F,1222706570,2080970942,1903066188,184596131
9a3bfb8e1bebf619,F,756056085,2046997805,412168769,1184879405
9a3bfb8e1bebf619,F,236445498,1000730962,1940070519,1400929588
9a3bfb8e1bebf619,F,2114418410,1684936844,1700987140,1985442158
9a3bfb8e1bebf619,F,1611337783,1853037437,1955254574,1465137397
9a3bfb8e1bebf619,F,550597103,465869458,1376764583,1255498831
9a3bfb8e1bebf619,F,580474412,1471659887,705845488,1269620616
9a3bfb8e1bebf619,F,2124767505,1083745843,1914835965,996889386
9a3bfb8e1bebf619,F,282894664,1806160924,278789561,625583082
9a3bfb8e1bebf619,F,2121756675,1995326254,1713160442,806270029
9a3bfb8e1bebf619,F,1229803279,958089447,235661422,1681485748
9a3bfb8e1bebf619,F,863734582,2055591263,1724162022,1366718568
9a3bfb8e1bebf619,F,983495279,1289867220,1866863651,1327943231
9a3bfb8e1bebf619,F,1111019059,301977323,653596838,91204111
9a3bfb8e1bebf619,F,531550476,2097778887,990985355,595167747
9a3bfb8e1bebf619,F,298708726,1727187073,1125333192,206645404
9a3bfb8e1bebf619,F,1968750332,1915947587,1388111190,204244827
9a3bfb8e1bebf619,F,1575593410,1723327336,859429493,269994564
9a3bfb8e1bebf619,F,1619235860,2067494807,1199683249,1340792078
9a3bfb8e1bebf619,G,622881093,1544350133,1125542486,1575651205
9a3bfb8e1bebf619,G,74888299,1164367736,1622161852,1763467109
9a3bfb8e1bebf619,G,922305624,379981165,932753906,595342173
9a3bfb8e1bebf619,G,762823124,494529070,422945797,3704155
9a3bfb8e1bebf619,G,386335117,1830940118,1387634898,872004511
9a3bfb8e1bebf619,G,1071007257,843907926,1684842314,1542480927
9a3bfb8e1bebf619,G,1624111611,1167358117,473240370,1361702943
9a3bfb8e1bebf619,G,1105215725,264483864,2090646451,466327859
9a3bfb8e1bebf619,G,1358511355,448040259,1470105013,1256960868
9a3bfb8e1bebf619,G,1433725287,2002858032,930541624,320271187
9a3bfb8e1bebf619,G,1066230988,97058601,1180616181,1149820829
9a3bfb8e1bebf619,G,713697754,1214551804,1124806504,1741932647
9a3bfb8e1bebf619,G,1556763720,1662613301,92723027,1530553172
9a3bfb8e1bebf619,G,1966753906,51215198,1753640153,208512597
9a3bfb8e1bebf619,G,2080344826,1502718637,1200774536,184644943
9a3bfb8e1bebf619,G,1498996279,1383892186,1032784213,242434261
9a3bfb8e1bebf619,G,1050624634,1113632023,1148498743,1599376107
9a3bfb8e1bebf619,G,674709789,1098951586,363269051,475706713
9a3bfb8e1bebf619,G,969958531,1347152114,164599307,1386158333
9a3bfb8e1bebf619,G,1094439757,841463465,1690609807,1459016292
9a3bfb8e1bebf619,G,1567417691,1688852790,1037808521,1612008202
9a3bfb8e1bebf619,G,1497131799,328759135,1166323804,795715603
9a3bfb8e1bebf619,G,1815057570,1880224030,436104835,199635057
9a3bfb8e1bebf619,G,1743253602,642962955,947326557,1521571001
9a3bfb8e1bebf619,G,354874899,1361042739,1005693869,1702576048
9a3bfb8e1bebf619,G,1167358189,666557014,844538290,604559283
9a3bfb8e1bebf619,G,1492415444,1072089639,615254473,703649197
9a3bfb8e1bebf619,G,1919499084,1379369687,499494125,577271156
9a3bfb8e1bebf619,G,755794432,1259485944,1808418148,1761905676
9a3bfb8e1bebf619,G,2088216224,1032677168,1283215582,1332691516
9a3bfb8e1bebf619,H,1134133896,1111835423,721324708,730632810
9a3bfb8e1bebf619,H,1921731833,597131575,1461456596,333407366
9a3bfb8e1bebf619,H,64857616,1987224648,1895894465,1793715961
9a3bfb8e1bebf619,H,842705679,469387040,1338446893,538593667
9a3bfb8e1bebf619,H,927219450,687778971,1467005805,1988086195
9a3bfb8e1bebf619,H,454829493,1493451607,1402743770,820934315
9a3bfb8e1bebf619,H,564816531,153067492,1987013345,59002706
9a3bfb8e1bebf619,H,1568400784,615083865,1995715792,1953524719
9a3bfb8e1bebf619,H,1450539990,266882260,1629643043,286268904
9a3bfb8e1bebf619,H,1034643642,1833055450,1318831857,2049085036
9a3bfb8e1bebf619,H,2129574351,286368126,690849337,606183715
9a3bfb8e1bebf619,H,1715861367,174005004,503844232,1151226371
9a3bfb8e1bebf619,H,643592840,384184424,1468593859,1769503723
9a3bfb8e1bebf619,H,196463140,1056493881,2073183895,1305539815
9a3bfb8e1bebf619,H,981391471,831360255,69288377,1029755319
9a3bfb8e1bebf619,H,1530113525,1418965936,1252903551,1069797006
9a3bfb8e1bebf619,H,312218256,521301917,1649767695,1824943055
9a3bfb8e1bebf619,H,341702748,646803075,1655165307,511119610
9a3bfb8e1bebf619,H,700427994,464175114,99453934,1013700232
9a3bfb8e1bebf619,H,1805038454,912400005,356528539,1259427356
9a3bfb8e1bebf619,H,1411486452,509707161,614591523,1506061442
9a3bfb8e1bebf619,H,1342378081,1099405536,2070133426,736494322
9a3bfb8e1bebf619,H,325643242,302249837,1348357877,42622858
9a3bfb8e1bebf619,H,444917858,341565930,458287092,918516598
9a3bfb8e1bebf619,H,2095702230,1373412545,1829539423,1162243995
9a3bfb8e1bebf619,H,1073567439,860850828,744295575,1522344473
9a3bfb8e1bebf619,H,1430575520,275340898,535780970,1282555588
9a3bfb8e1bebf619,H,550237153,1755029200,480199694,1409699743
9a3bfb8e1bebf619,H,1347809551,1780120825,1390934795,1774139641
9a3bfb8e1bebf619,H,724693016,1621879908,24112995,946111155
9a3bfb8e1bebf619,I,698941256,2086737285,2047499588,2101947080
9a3bfb8e1bebf619,I,2077077849,2040194244,527529130,1249741273
9a3bfb8e1bebf619,I,931623892,50404614,2017370386,1065438450
9a3bfb8e1bebf619,I,947832835,690289979,1730202578,979597123
9a3bfb8e1bebf619,I,639749861,104096872,120430101,1453743759
9a3bfb8e1bebf619,I,2064999922,1806730349,469368248,1512281575
9a3bfb8e1bebf619,I,582745660,1419116044,776767760,1355373584
9a3bfb8e1bebf619,I,1306530519,91087147,625880296,636698238
9a3bfb8e1bebf619,I,1867523080,619574243,2029147209,953620698
9a3bfb8e1bebf619,I,944284892,1944630708,620864736,1824704918
9a3bfb8e1bebf619,I,94388821,588001453,1108903508,389491404
9a3bfb8e1bebf619,I,2065101494,357366664,580521464,1373060876
9a3bfb8e1bebf619,I,499571402,809339226,19411683,886171796
9a3bfb8e1bebf619,I,1225326047,1434809876,890662888,1107756616
9a3bfb8e1bebf619,I,1146297710,1458880722,61338326,1422575371
9a3bfb8e1bebf619,I,736155263,1207574270,1681539112,1333341514
9a3bfb8e1bebf619,I,1034223779,987273683,1606168094,1360524496
9a3bfb8e1bebf619,I,822077004,1536815964,597676798,2124093660
9a3bfb8e1bebf619,I,486405404,472909833,1982996665,1549150502
9a3bfb8e1bebf619,I,1353679477,1502107006,1127065363,783814021
9a3bfb8e1bebf619,I,2142705210,367111443,1465729558,494996327
9a3bfb8e1bebf619,I,2068030239,1246051909,1868338793,901559069
9a3bfb8e1bebf619,I,1657661716,708652570,953143073,1017950344
9a3bfb8e1bebf619,I,847750611,842001136,146784932,127005433
9a3bfb8e1bebf619,I,703326954,671917899,122242694,245315442
9a3bfb8e1bebf619,I,695982472,2069633580,1540452859,856216029
9a3bfb8e1bebf619,I,333646198,1104323649,1428294255,267648988
9a3bfb8e1bebf619,I,1185224666,1513635550,836817723,1583698227
9a3bfb8e1bebf619,I,1826006758,1948144075,1358454145,208278960
9a3bfb8e1bebf619,I,1025715395,603080182,360414686,1495776523
9a3bfb8e1bebf619,J,2006011888,462201978,1230325038,2073581437
9a3bfb8e1bebf619,J,585294533,24028820,856825850,82099034
9a3bfb8e1bebf619,J,896808954,2003864696,1381709084,944240752
9a3bfb8e1bebf619,J,1177538225,674583102,1383901575,1244678941
9a3bfb8e1bebf619,J,912292934,953668461,1174336494,1086741011
9a3bfb8e1bebf619,J,184572555,602838029,1661599898,63947244
9a3bfb8e1bebf619,J,2141064339,1150940926,1581726220,1314308155
9a3bfb8e1bebf619,J,692526706,886462956,2101602766,1360288993
9a3bfb8e1bebf619,J,736568421,1443954371,1189648371,464344056
9a3bfb8e1bebf619,J,1365567781,1136174802,1463518800,84875183
9a3bfb8e1bebf619,J,622558802,217537865,1763942464,673874198
9a3bfb8e1bebf619,J,599883153,265900551,521117293,1080929067
9a3bfb8e1bebf619,J,1861630044,1564250308,1358064193,1752525335
9a3bfb8e1bebf619,J,798986008,141016828,209941620,750843922
9a3bfb8e1bebf619,J,1953721466,138917838,1464794213,784222894
9a3bfb8e1bebf619,J,1178923089,259220596,327404641,506257132
9a3bfb8e1bebf619,J,1071771145,1054561474,209883398,1998856019
9a3bfb8e1bebf619,J,509914128,1517003098,17359351,138737864
9a3bfb8e1bebf619,J,1044237375,174407975,569231403,1578956344
9a3bfb8e1bebf619,J,921179133,396309543,1156597143,2142302099
9a3bfb8e1bebf619,J,407542804,2038520353,1451629156,408007770
9a3bfb8e1bebf619,J,2135738691,475432043,1792463916,844743907
9a3bfb8e1bebf619,J,331012858,1677306001,1525856995,1176609957
9a3bfb8e1bebf619,J,1900559052,864707265,910351688,1603098847
9a3bfb8e1bebf619,J,328304504,1058221727,1035238106,277959983
9a3bfb8e1bebf619,J,1879347848,764502706,343628542,1273056531
9a3bfb8e1bebf619,J,66529016,1669167496,1670650764,585207260
9a3bfb8e1bebf619,J,1003296633,1926769613,1552556616,1186038062
9a3bfb8e1bebf619,J,61284921,1007789242,100813059,2009900282
9a3bfb8e1bebf619,J,1014288210,1110672410,2068798578,2117857035
9a3bfb8e1bebf619,K,472369950,525131258,1655717568,908565871
9a3bfb8e1bebf619,K,2062908112,1842322526,1573453213,1683763542
9a3bfb8e1bebf619,K,1903984731,356311835,528462624,1554737274
9a3bfb8e1bebf619,K,2052376576,495260919,290385251,75758140
9a3bfb8e1bebf619,K,667334612,490554779,1159589405,1226486035
9a3bfb8e1bebf619,K,1314951723,1881964489,1972875908,590383238
9a3bfb8e1bebf619,K,1661259113,1387831510,236129091,394672159
9a3bfb8e1bebf619,K,268636553,303365942,527007674,109581990
9a3bfb8e1bebf619,K,111145342,602024560,2130016643,46475766
9a3bfb8e1bebf619,K,1238515293,383770013,1208908522,1085443745
9a3bfb8e1bebf619,K,649304732,1935856036,1062266457,1053793230
9a3bfb8e1bebf619,K,1266237828,107352942,197252695,168901201
9a3bfb8e1bebf619,K,1460912708,402861493,152811607,944244367
9a3bfb8e1bebf619,K,1260781329,799759230,1162656522,1005053247
9a3bfb8e1bebf619,K,941537467,1693783140,146384182,1031964008
9a3bfb8e1bebf619,K,1313099526,1156860666,1962038720,658885197
9a3bfb8e1bebf619,K,45693798,459962128,95873387,2035643246
9a3bfb8e1bebf619,K,722151984,1081212135,1700414336,1082991977
9a3bfb8e1bebf619,K,1957818971,1860181711,767583154,1318306594
9a3bfb8e1bebf619,K,457220770,1541434008,604734490,1369117088
9a3bfb8e1bebf619,K,182482931,511079285,683767877,911788453
9a3bfb8e1bebf619,K,239943932,1853902460,1269517281,1600764921
9a3bfb8e1bebf619,K,120806964,1852891949,517655468,1674951322
9a3bfb8e1bebf619,K,916704803,70567658,42730003,1838735585
9a3bfb8e1bebf619,K,482895331,676039953,1497246388,495868743
9a3bfb8e1bebf619,K,1057890480,1376234697,332780084,563716162
9a3bfb8e1bebf619,K,2081213752,485093499,1622604875,1213822750
9a3bfb8e1bebf619,K,2085953971,1320286752,1948983043,523624049
9a3bfb8e1bebf619,K,375784805,1983777785,900103026,1165807886
9a3bfb8e1bebf619,K,1418238242,664758640,1344804222,879993453
9a3bfb8e1bebf619,L,1360610792,312187743,2044494624,857617454
9a3bfb8e1bebf619,L,1390171383,1827228828,1413168810,2084950201
9a3bfb8e1bebf619,L,1689624492,333136520,1743765976,1109275607
9a3bfb8e1bebf619,L,1908790,1610549676,1147240215,60089501
9a3bfb8e1bebf619,L,1695285729,2009120669,498908016,677695157
9a3bfb8e1bebf619,L,1070647375,192617900,1005970261,461381345
9a3bfb8e1bebf619,L,1779320840,1956441952,1395003908,2084552590
9a3bfb8e1bebf619,L,85689228,1629546510,299961796,1101619323
9a3bfb8e1bebf619,L,221632558,538721690,166546608,982332491
9a3bfb8e1bebf619,L,1434265959,1029640913,84541195,2045107542
9a3bfb8e1bebf619,L,687196819,1859984956,1044094349,1062923495
9a3bfb8e1bebf619,L,1284658862,1699658512,294393052,1066308802
9a3bfb8e1bebf619,L,1226815991,1993401482,91872537,2084090885
9a3bfb8e1bebf619,L,2105788066,1546736737,2144155141,1228084180
9a3bfb8e1bebf619,L,1516532778,524993821,1635480432,1305582555
9a3bfb8e1bebf619,L,89835877,1413434397,165429385,38324885
9a3bfb8e1bebf619,L,1019047968,563825969,1982708738,758695138
9a3bfb8e1bebf619,L,15042415,51371950,351290898,805038455
9a3bfb8e1bebf619,L,1926741778,2070454739,1107892709,297761009
9a3bfb8e1bebf619,L,1038613382,1688330498,1955821567,1087035978
9a3bfb8e1bebf619,L,1757378746,731446819,1005611042,1549775614
9a3bfb8e1bebf619,L,657420831,161432263,998316787,1185143799
9a3bfb8e1bebf619,L,1718376103,1502589722,2055629074,686060216
9a3bfb8e1bebf619,L,1862237195,1733013109,1425204574,1849042617
9a3bfb8e1bebf619,L,1304886060,1212619488,720152889,2016625482
9a3bfb8e1bebf619,L,804368662,1386438848,142489236,449783608
9a3bfb8e1bebf619,L,1036695305,112513074,1603591026,1253834871
9a3bfb8e1bebf619,L,878682853,5008556,1234204171,1858054017
9a3bfb8e1bebf619,L,1218733656,360389854,1587241356,1874499188
9a3bfb8e1bebf619,L,1876257973,1840034153,1784684827,1520027759
59568341828075fa,A,73141506,1210613647,907791173,1971373741
59568341828075fa,A,691917207,1425005928,468308937,1964333404
59568341828075fa,A,354264450,1670880721,1962033379,1092611033
59568341828075fa,A,1387416003,793704606,118475636,707219677
59568341828075fa,A,1561165633,973819168,1088161087,1033159864
59568341828075fa,A,1055478471,276984808,171205292,1721118622
59568341828075fa,A,173816547,202918997,464935958,624029594
59568341828075fa,A,1421799318,1667633503,136858089,130182994
59568341828075fa,A,1544034918,1500886022,1660736307,1042528452
59568341828075fa,A,1135736821,685984374,1960460175,975129175
59568341828075fa,A,1070251152,1048195872,1424916016,2026760204
59568341828075fa,A,1402829530,1989051315,1697748439,1844188001
59568341828075fa,A,2019824344,1885233723,1313564695,1881030859
59568341828075fa,A,96218634,1882884726,1894088667,811072685
59568341828075fa,A,534080929,387437327,879827976,1492809746
59568341828075fa,A,1649023358,1210699559,506404925,1495069447
59568341828075fa,A,835159402,52781152,1008428895,1307942946
59568341828075fa,A,932190795,986948397,1375653013,13851939
59568341828075fa,A,145101969,430059053,555351614,937647072
59568341828075fa,A,1078502316,933876899,1923486294,2129241477
59568341828075fa,A,700509805,1648853437,1801884387,1720079137
59568341828075fa,A,412352879,2007014669,1733703372,1441573046
59568341828075fa,A,1378023513,431447850,1675668604,1193455693
59568341828075fa,A,2133156838,1612734521,1954600766,1422524758
59568341828075fa,A,451358697,263008158,1483994042,358210789
59568341828075fa,A,72987783,2016772547,910044803,130707547
59568341828075fa,A,2075896282,232947136,1818288192,650270450
59568341828075fa,A,1657246398,1055418689,1391973003,1388878458
59568341828075fa,A,1499577600,1527461882,361398148,1651178366
59568341828075fa,A,1646975529,916217099,1678297577,1561224090
59568341828075fa,B,264708652,1430554413,841112255,1111863857
59568341828075fa,B,1762368412,1654045080,76805840,1382490710
59568341828075fa,B,693297527,222249897,1007193340,1787375997
59568341828075fa,B,1355325810,1088358318,482752270,1880769981
59568341828075fa,B,1597723777,512309519,1266669253,737393612
59568341828075fa,B,240023823,884650073,1953616375,576815718
59568341828075fa,B,786417996,1964232305,725957756,665652403
59568341828075fa,B,315652034,1942262361,734009476,1551950597
59568341828075fa,B,2007708867,2021397050,586167778,1575504808
59568341828075fa,B,475343461,698709068,1754924992,1396087610
59568341828075fa,B,528707541,647495426,1708924593,730308149
59568341828075fa,B,715534911,109761610,450219277,583839539
59568341828075fa,B,1765166655,562739365,1092067890,1614366866
59568341828075fa,B,2118816480,1393590739,761280860,792090861
59568341828075fa,B,907610278,469880165,246232908,1729174347
59568341828075fa,B,823807819,1379165925,300083571,631561486
59568341828075fa,B,511192687,1399935456,1621569778,309656912
59568341828075fa,B,1796660578,1931457789,972032851,127408934
59568341828075fa,B,284483501,1306784560,1655207591,336489591
59568341828075fa,B,1145923948,1337374281,1672549752,815338478
59568341828075fa,B,1106261955,2005738967,1933337944,1809426815
59568341828075fa,B,1108021194,2097014612,1981843734,2085280623
59568341828075fa,B,1127120431,167390750,2090028518,1297698217
59568341828075fa,B,2101361254,893415933,996686971,124115681
59568341828075fa,B,1439485930,1685059324,189309486,743915799
59568341828075fa,B,1508749348,114055976,207454050,1338676333
59568341828075fa,B,176794450,522735078,1257277536,1213087841
59568341828075fa,B,534842802,2096419759,680371154,906761734
59568341828075fa,B,1460426963,791732367,1935573413,1700654388
59568341828075fa,B,1954205106,1277616213,30401088,204721474
59568341828075fa,C,52023592,1922648903,76285624,819954223
59568341828075fa,C,810870719,1995971267,596238894,1881493415
59568341828075fa,C,1391731418,2013156498,2070264633,455066274
59568341828075fa,C,1627837270,1710142689,609978038,912716049
59568341828075fa,C,1907030653,492677335,2145532766,1178191586
59568341828075fa,C,141254217,1035684055,531405482,32543696
59568341828075fa,C,121372199,875358099,1986864156,642392398
59568341828075fa,C,179910651,56615123,780717070,591963325
59568341828075fa,C,524239102,1171324136,2134096098,547983632
59568341828075fa,C,1257021527,713860670,1208493412,1797409596
59568341828075fa,C,1078656878,1580949025,666797229,1932740858
59568341828075fa,C,1678644514,1822097920,2013665693,1553654275
59568341828075fa,C,863149490,1679293220,1733454057,712910389
59568341828075fa,C,946771496,1815928548,474341368,1716079816
59568341828075fa,C,1990958030,504938255,1721471456,1716900521
59568341828075fa,C,196993011,762930335,1914198734,1700622670
59568341828075fa,C,594976330,1104265865,891334472,1052358444
59568341828075fa,C,221535481,856378508,1577458857,1874536414
59568341828075fa,C,1896379425,1089234735,1387943328,675851064
59568341828075fa,C,910833858,1944674647,1989521149,946262662
59568341828075fa,C,1900933435,1856873776,547571253,971944622
59568341828075fa,C,1972784442,1011678390,1621362195,934559126
59568341828075fa,C,566325188,100421340,1061838014,524176990
59568341828075fa,C,1952213735,4918641,2022545705,1640774985
59568341828075fa,C,305597498,509930014,664693056,1809357835
59568341828075fa,C,1210684591,737406236,1586053230,1081859857
59568341828075fa,C,1741228789,933450781,1467739142,1402836808
59568341828075fa,C,365842572,516778677,1895028998,408921182
59568341828075fa,C,999728267,213120233,601983290,2101023008
59568341828075fa,C,733541089,279119287,571452561,461919814
59568341828075fa,D,2014230167,137291413,47604599,995830546
59568341828075fa,D,456623838,1884748469,648117673,1991718914
59568341828075fa,D,56726658,277781394,550706097,2144072542
59568341828075fa,D,2123153950,1458537415,515851685,188449393
59568341828075fa,D,1848701829,1721882102,1155773243,82030646
59568341828075fa,D,1642115164,145670415,1887720963,481620221
59568341828075fa,D,959766726,1332105963,882502849,2131509719
59568341828075fa,D,1058328526,1614428057,1438738897,1999660148
59568341828075fa,D,109398552,1046955161,1769300368,1501774269
59568341828075fa,D,1761729692,2099382171,1622469322,417855086
59568341828075fa,D,1407012832,1088038028,1844449565,536151567
59568341828075fa,D,1785052376,613867719,731064089,1516225698
59568341828075fa,D,1681227444,1120879848,2112827444,852986856
59568341828075fa,D,759820248,598993793,924142638,1165045187
59568341828075fa,D,1044477451,800638936,1332416378,619889663
59568341828075fa,D,564357897,1582911353,1534784596,715235805
59568341828075fa,D,1134489085,1562201601,519860347,1803970491
59568341828075fa,D,1808769964,1503257773,200329979,2019715004
59568341828075fa,D,489105607,1796996728,746824801,2115506291
59568341828075fa,D,34255957,1284298929,317093365,1716078361
59568341828075fa,D,831179793,1397324695,1968278762,204227147
59568341828075fa,D,569599412,19885283,810629725,1796175840
59568341828075fa,D,1314329143,867589992,1449109397,700962503
59568341828075fa,D,118397776,1809279856,1520698189,1080732583
59568341828075fa,D,318081544,1964925885,1009446588,974091348
59568341828075fa,D,1735030746,323197418,482639196,1827080593
59568341828075fa,D,451806523,1804214008,1242461630,1581510762
59568341828075fa,D,1220124700,711923680,813546060,2075221726
59568341828075fa,D,1705281500,2084477963,1955221286,268876772
59568341828075fa,D,536450634,1379231957,2026735783,1474877802
59568341828075fa,E,751826491,458587262,1780669272,673020706
59568341828075fa,E,109167829,249231652,1611345831,1697090343
59568341828075fa,E,1030323407,887231642,389808616,563329271
59568341828075fa,E,1587380680,369923135,863112893,2126233844
59568341828075fa,E,1413085736,356145474,257715277,857077564
59568341828075fa,E,576738180,912379058,1141907241,1436800532
59568341828075fa,E,1879742814,2094064327,1407561896,1602966951
59568341828075fa,E,862872607,1061644938,1219399033,627418052
59568341828075fa,E,2026687708,794387158,1679399807,2031313923
59568341828075fa,E,1882233350,1434245014,819194108,2056441526
59568341828075fa,E,1147849293,914485143,1324174130,1350353931
59568341828075fa,E,1988385778,485843687,1334215820,241978374
59568341828075fa,E,660560981,235030439,381928242,307210423
59568341828075fa,E,1227223781,1391411305,214612425,1830723090
59568341828075fa,E,2040622751,497500370,893734762,1278915878
59568341828075fa,E,546255392,1056347451,1748459487,761686349
59568341828075fa,E,1082433159,1685262344,586798624,1790530645
59568341828075fa,E,191393951,186840756,251566741,844704732
59568341828075fa,E,1231639940,1814529883,2098905376,1164706772
59568341828075fa,E,1168557330,226700094,1413804195,1012368448
59568341828075fa,E,923700418,435024819,1735295431,1913963013
59568341828075fa,E,1074637995,1562253315,1454337961,1872811255
59568341828075fa,E,425268592,134607923,349751649,1882874371
59568341828075fa,E,671783430,2054958811,1339612298,989769196
59568341828075fa,E,799709223,43075193,1059008083,2028339986
59568341828075fa,E,1196622158,550830997,66495687,222668375
59568341828075fa,E,888884022,1138462640,1218974375,1472109351
59568341828075fa,E,95340441,1378449245,473202877,1552372877
59568341828075fa,E,740327213,91192892,209588031,1332861192
59568341828075fa,E,639942073,1787598618,894065725,589574609
59568341828075fa,F,740311656,854327239,646009443,1925635814
59568341828075fa,F,694913159,535564801,536023582,1444563137
59568341828075fa,F,749657312,2025015423,250016272,1660579967
59568341828075fa,F,1351118186,1487848136,121552795,1709610301
59568341828075fa,F,766441120,791308193,1325027109,614071610
59568341828075fa,F,593872734,2041841345,1915813329,1046056104
59568341828075fa,F,77902744,1864973773,2074423727,176726779
59568341828075fa,F,1953968194,2000000011,1057216086,442099146
59568341828075fa,F,715438628,1976046026,1002895061,1501152993
59568341828075fa,F,1811691620,872548892,2022229635,1032486060
59568341828075fa,F,2019249191,1499274945,137871657,1513391256
59568341828075fa,F,148736467,904022358,727958743,642560048
59568341828075fa,F,1483001030,1697446103,2023699861,800403595
59568341828075fa,F,102897629,932003056,148427173,1116529376
59568341828075fa,F,292182086,465261836,253113609,1087517775
59568341828075fa,F,1181569619,1426842607,1119050979,620606078
59568341828075fa,F,1543570237,1716283221,65551321,2124580544
59568341828075fa,F,586967299,65880406,191812846,1649569843
59568341828075fa,F,717999465,1923346944,2097575796,648278585
59568341828075fa,F,1204016890,625180385,971990182,1933494284
59568341828075fa,F,1566451379,242808400,583448349,1097413821
59568341828075fa,F,1702495213,157272709,301172310,1564926517
59568341828075fa,F,1917883298,1815351816,845743466,1875684907
59568341828075fa,F,652732113,1856538267,423971600,630020430
59568341828075fa,F,1342786336,219490759,808922141,1187462430
59568341828075fa,F,1014059808,2045064827,113802106,697838556
59568341828075fa,F,1908748812,1261114897,826232887,1033664296
59568341828075fa,F,2140363221,1379285239,1419699359,305370580
59568341828075fa,F,685261766,808392910,1498255799,530745347
59568341828075fa,F,918779673,1053267528,877974633,175444768
59568341828075fa,G,1568258062,463662110,1227074961,363420447
59568341828075fa,G,41936765,429968225,1927993855,2035029574
59568341828075fa,G,1019031518,1724980626,1756323995,1209882825
59568341828075fa,G,1852433536,1753389295,987856937,467907849
59568341828075fa,G,1895832724,1233126848,2013609618,224931288
59568341828075fa,G,1942962084,1394467067,1163521331,1810579729
59568341828075fa,G,1105689432,698884442,1855228839,1169282148
59568341828075fa,G,1725293488,2050057632,307978323,2008905366
59568341828075fa,G,1791306315,575514308,991978244,305107914
59568341828075fa,G,435848513,977956404,293122649,835410850
59568341828075fa,G,382270598,2048969611,332893413,1426766355
59568341828075fa,G,703878524,371059796,1351269186,489215245
59568341828075fa,G,648538805,146534409,1076597850,96947166
59568341828075fa,G,1566171836,1431816765,1782838384,1178317374
59568341828075fa,G,1090304324,798246499,1983067672,903726514
59568341828075fa,G,1182245907,1271455993,2104915293,1548740001
59568341828075fa,G,639790540,120124065,2111396760,1860729000
59568341828075fa,G,1430782784,948661958,2106809052,340941213
59568341828075fa,G,1729837530,883649926,666422051,1403087210
59568341828075fa,G,1514446278,13971751,939566874,1037812418
59568341828075fa,G,1885096800,520088507,1212610171,1230937395
59568341828075fa,G,918741193,1230526635,1252111508,473560683
59568341828075fa,G,1029501487,804728448,235443379,1398942094
59568341828075fa,G,1687610988,759907835,780823854,237478042
59568341828075fa,G,1488991879,803623827,56257039,874228428
59568341828075fa,G,874992211,906544991,170890745,1619113447
59568341828075fa,G,878317011,2004137749,124894007,995557167
59568341828075fa,G,1731153240,1504568105,1380658677,1258016399
59568341828075fa,G,1674995258,1875223724,238023730,1955201911
59568341828075fa,G,2067174514,1077412945,851993149,564852730
59568341828075fa,H,152341642,1107142312,359862771,218762096
59568341828075fa,H,376811885,677416149,629538338,1018263903
59568341828075fa,H,1990774256,206577218,1842428946,65861629
59568341828075fa,H,33518290,784067141,1594634156,1851033197
59568341828075fa,H,557103822,1460047564,1756422941,1794507169
59568341828075fa,H,1545757696,1423223601,1819992199,539976624
59568341828075fa,H,458866291,1333504465,163397508,82995390
59568341828075fa,H,1543047955,1654262395,1984142963,1387041951
59568341828075fa,H,1458298928,1973617211,2036164159,1273157804
59568341828075fa,H,1943051268,1883843142,584617957,713378956
59568341828075fa,H,2087645237,382990227,1614308251,599747941
59568341828075fa,H,98494575,1169801028,1235286111,1076039251
59568341828075fa,H,1246546747,227928024,569063822,1946724538
59568341828075fa,H,575146667,1324519367,765515749,1307812206
59568341828075fa,H,1521242155,397901229,1647416888,1826943760
59568341828075fa,H,1342439205,1538490270,981737749,309311537
59568341828075fa,H,841638121,989203735,1303752216,2111581802
59568341828075fa,H,198978016,2066662145,1027424454,869432495
59568341828075fa,H,1506266665,146519229,167587583,570119135
59568341828075fa,H,1041758944,1942071346,45705261,1335296765
59568341828075fa,H,664667357,1065547214,450956910,1604823956
59568341828075fa,H,549612460,460491013,1674354119,853509555
59568341828075fa,H,367193286,369259875,444466030,1536086527
59568341828075fa,H,401541120,137873229,301794975,1277336171
59568341828075fa,H,790766633,762283758,435565235,1706734621
59568341828075fa,H,1458275448,1799795139,1313386272,1603668271
59568341828075fa,H,410123027,312652150,454177058,1064544678
59568341828075fa,H,404367330,41669982,1634919901,961798312
59568341828075fa,H,1950228820,190942430,1128490986,1749740083
59568341828075fa,H,1918156902,828439351,19739898,1201043517
59568341828075fa,I,1125996709,1696364845,1363039520,77738333
59568341828075fa,I,744008816,2014300586,2074751611,592830615
59568341828075fa,I,546512460,740687554,1938923099,141840742
59568341828075fa,I,1142648457,242652648,2063902681,1934708560
59568341828075fa,I,1072904048,1921597416,480350499,2080264270
59568341828075fa,I,127909935,1302377214,742003653,470363768
59568341828075fa,I,1918425994,1464449311,553777207,1080683356
59568341828075fa,I,1113610472,1164274079,539342798,1013231566
59568341828075fa,I,870639288,80976705,1411601049,1995893898
59568341828075fa,I,1872721130,1417685475,1697111335,159087074
59568341828075fa,I,836327591,1659395567,993155043,216132604
59568341828075fa,I,392897695,1120640824,1259989517,170957700
59568341828075fa,I,1629020471,1769281024,1754704314,2042502713
59568341828075fa,I,1542542973,1333290530,2028930108,623140411
59568341828075fa,I,752374051,592081089,1804693952,1819660491
59568341828075fa,I,1616043340,289305408,479050302,1676847866
59568341828075fa,I,2050653501,1190535949,1109542453,659052893
59568341828075fa,I,742250262,344464401,2048225661,2018259477
59568341828075fa,I,538413551,1846473737,970008734,24261695
59568341828075fa,I,1696355278,2042006728,1844158554,1355191928
59568341828075fa,I,331149582,524441293,42129241,352821489
59568341828075fa,I,165310901,1011868689,109100394,700626108
59568341828075fa,I,1568771516,979022066,863013185,437054045
59568341828075fa,I,545213598,1431227003,1650901819,453754040
59568341828075fa,I,390226346,381469905,792797124,624534105
59568341828075fa,I,717650863,1760264214,2140903485,1100597623
59568341828075fa,I,1510231982,1300021420,627523511,2078434937
59568341828075fa,I,604907666,2080323811,1179745490,571338618
59568341828075fa,I,1249365904,1394269140,329107644,2084444552
59568341828075fa,I,1217222499,228873742,279498445,754708556
59568341828075fa,J,1687210223,971343397,753753840,343349513
59568341828075fa,J,996809340,1950698845,1303464714,940222042
59568341828075fa,J,1491000423,1671846550,125171318,71797690
59568341828075fa,J,875449478,1706779486,120178616,122231632
59568341828075fa,J,1692372190,1166672731,346746991,247359943
59568341828075fa,J,143230310,286522039,198588634,2043138395
59568341828075fa,J,1178999902,821495091,2103898049,279811356
59568341828075fa,J,128408974,1478644366,1979345747,1913506390
59568341828075fa,J,792561756,812001965,1437855863,1904230073
59568341828075fa,J,1770358430,1056486764,1730782558,677405315
59568341828075fa,J,1936314187,282118297,248455836,936664229
59568341828075fa,J,2124691448,56863794,1467269552,1084551228
59568341828075fa,J,1928526071,979095532,1410148157,1001687681
59568341828075fa,J,2039545896,1151380421,267449709,549587853
59568341828075fa,J,1345654676,912879563,1772913950,1061008577
59568341828075fa,J,1304658762,196946873,87101983,2040290582
59568341828075fa,J,305577056,1816377627,2135261685,1070202280
59568341828075fa,J,1697010560,1440165086,99931519,307866088
59568341828075fa,J,1923557732,984353210,336704870,491100143
59568341828075fa,J,89544025,1042065918,1201600891,1415075987
59568341828075fa,J,1207763551,592607928,1445322319,1502197059
59568341828075fa,J,1430562284,1708282627,1359684664,300387290
59568341828075fa,J,2033462168,812356619,996609371,455010027
59568341828075fa,J,2069315600,1376510340,671186917,1342263256
59568341828075fa,J,64173898,1282500433,1749196462,1185681741
59568341828075fa,J,1126271005,808608165,717312419,330358041
59568341828075fa,J,243418478,368891666,1193163331,1831887316
59568341828075fa,J,844596058,767866298,1714347929,1202550297
59568341828075fa,J,1224612197,1103042858,1133678281,958465144
59568341828075fa,J,628900679,805574465,1446344299,1416673860
59568341828075fa,K,1231415896,547650180,1962796000,1558034570
59568341828075fa,K,324073115,2033499225,1967047183,664587611
59568341828075fa,K,26669435,952109013,1928786414,160507204
59568341828075fa,K,1356124280,1018537303,1491753511,1438209212
59568341828075fa,K,2025670382,1498106151,295273373,2069047366
59568341828075fa,K,1910973282,1422008534,926226197,286540761
59568341828075fa,K,1568911488,968228916,1115438605,1494314945
59568341828075fa,K,620483020,942488804,826840564,35398352
59568341828075fa,K,2053100918,1358172932,524359254,1534669297
59568341828075fa,K,2040555734,245599808,781114424,228051250
59568341828075fa,K,1907772425,1730580635,199097193,1470281432
59568341828075fa,K,1377000391,2087994023,1750664295,808455500
59568341828075fa,K,1927800881,1809067037,665713650,1359225132
59568341828075fa,K,2094499436,661098284,432401466,748793917
59568341828075fa,K,605368458,687390214,1848331783,1921103880
59568341828075fa,K,596366862,1849115522,1664962847,1097925571
59568341828075fa,K,257353496,1088893527,464912394,259044378
59568341828075fa,K,685175331,1799374406,1742752392,900405528
59568341828075fa,K,1695395225,591582536,1965901233,921718
59568341828075fa,K,1241426885,541497288,563908825,1287793225
59568341828075fa,K,2076416112,470599987,753717508,923443903
59568341828075fa,K,430363758,1765046082,639922889,613413413
59568341828075fa,K,959463562,89391690,1245093882,1497020297
59568341828075fa,K,1845898001,1195569577,856953862,588137572
59568341828075fa,K,1501940572,154624542,885284686,1173859279
59568341828075fa,K,1144139727,1387680795,2057260436,1595186054
59568341828075fa,K,300208047,1360823152,1478830544,2141467580
59568341828075fa,K,233910157,911759203,1850685684,667898973
59568341828075fa,K,1998535227,86006907,277013484,226051264
59568341828075fa,K,1474403870,1035387775,1061582693,98683970
59568341828075fa,L,888922826,837551608,131352673,521180226
59568341828075fa,L,1102766300,1308748694,1131149517,532553155
59568341828075fa,L,1119491496,1623370621,1491183278,716642453
59568341828075fa,L,304979559,1644205371,1867866283,959964370
59568341828075fa,L,58502486,149553563,459188722,1161927000
59568341828075fa,L,2059034239,2029531608,428411944,298220145
59568341828075fa,L,1308745063,450492085,197893021,1012562534
59568341828075fa,L,1102865214,1711392938,1814116294,2039321241
59568341828075fa,L,2039457187,1496492481,339491426,1433325738
59568341828075fa,L,1390763766,448123985,1097529625,309362009
59568341828075fa,L,958263961,2126295096,1673216077,937310972
59568341828075fa,L,902735518,1320643525,1561862144,347297665
59568341828075fa,L,167535981,242797222,139448993,1389965847
59568341828075fa,L,1835185754,1581053879,1249353261,1046084637
59568341828075fa,L,867234759,1173608397,199894109,747874655
59568341828075fa,L,768303010,1791758797,869490029,2106524982
59568341828075fa,L,666199485,198755904,2030236413,216568262
59568341828075fa,L,2093881381,391463528,1330163729,2069567221
59568341828075fa,L,1563716178,877842325,157042403,1784142919
59568341828075fa,L,103549112,1855238172,716457320,287098934
59568341828075fa,L,137359411,500991080,1027070478,1267694839
59568341828075fa,L,2090389666,403183613,159178619,2032408776
59568341828075fa,L,2143959781,241780301,1167816997,902838624
59568341828075fa,L,1662685884,789666018,340479580,267753435
59568341828075fa,L,484852797,906907235,440573107,1231077017
59568341828075fa,L,1230810665,572140262,916535495,822126049
59568341828075fa,L,900624136,1404476691,173476309,1795234163
59568341828075fa,L,1063107136,782275378,1610798164,1355048296
59568341828075fa,L,209075231,1153876195,1052980102,696121654
59568341828075fa,L,1955084197,751569901,1739912094,1551600127
c309940ecccc25ad,A,2097714954,720747132,962604583,1662984581
c309940ecccc25ad,A,374502252,1663996152,191389544,1017692738
c309940ecccc25ad,A,1576786576,502852022,23796485,1939410086
c309940ecccc25ad,A,1190730330,1798559309,1800941314,2078555391
c309940ecccc25ad,A,703065375,1650794027,701098414,464200882
c309940ecccc25ad,A,484675252,723651329,1721709139,225501922
c309940ecccc25ad,A,56639162,715151978,790873364,1992690262
c309940ecccc25ad,A,1126920852,1509997854,207329404,592565749
c309940ecccc25ad,A,511348317,1429762422,1533595337,1555579430
c309940ecccc25ad,A,958478294,259950991,1248301960,1954370320
c309940ecccc25ad,A,592988068,800839106,1881013351,996361610
c309940ecccc25ad,A,130829362,2011512071,1761711789,900815090
c309940ecccc25ad,A,946201766,1384350185,894611230,796268846
c309940ecccc25ad,A,767174396,459884612,2105059127,684245015
c309940ecccc25ad,A,1503420466,1080968621,1591138873,1254935585
c309940ecccc25ad,A,1149649684,417323331,963584750,313803644
c309940ecccc25ad,A,1636431257,1237803870,1871812038,145664053
c309940ecccc25ad,A,1721893645,675039870,1723982747,1238472142
c309940ecccc25ad,A,329566098,582258067,412576653,955793616
c309940ecccc25ad,A,45532446,833142389,397245624,625769881
c309940ecccc25ad,A,233046263,642303849,1478035613,1331889252
c309940ecccc25ad,A,548304430,1851874307,1885933225,400691909
c309940ecccc25ad,A,1136749452,1881778369,975087504,1167344114
c309940ecccc25ad,A,433834601,98996767,1649775612,696448630
c309940ecccc25ad,A,1058772209,327427985,2132393513,1896819971
c309940ecccc25ad,A,208517678,2066185276,1236582279,1598188887
c309940ecccc25ad,A,2006580813,1866301130,1994916165,1674755089
c309940ecccc25ad,A,1068068194,2086043218,812883660,967472088
c309940ecccc25ad,A,1651636593,501589612,250878978,788622150
c309940ecccc25ad,A,1272401862,1055721905,699426365,1181132545
c309940ecccc25ad,B,622422579,1803312526,1630283890,799290229
c309940ecccc25ad,B,899448109,501170907,1802405136,598388724
c309940ecccc25ad,B,1571337947,2046404107,1783289239,769123831
c309940ecccc25ad,B,235930829,1347493832,1447022190,2066799649
c309940ecccc25ad,B,574347550,1711839163,924211873,1998110470
c309940ecccc25ad,B,997033054,1030119883,1101547754,1159843599
c309940ecccc25ad,B,1056119340,2109140908,340390940,1500829864
c309940ecccc25ad,B,467271070,426535525,636445938,182545030
c309940ecccc25ad,B,1487287422,625743032,537921537,1264707540
c309940ecccc25ad,B,207233239,2083362387,1929155498,845930769
c309940ecccc25ad,B,1584242556,899265094,1800463479,2015531576
c309940ecccc25ad,B,1088706935,1342679607,1268149517,1142609279
c309940ecccc25ad,B,1222272370,2121687937,552553772,532039226
c309940ecccc25ad,B,508383164,1409984878,690516143,1398299573
c309940ecccc25ad,B,1363613324,1499218638,97079696,1125209542
c309940ecccc25ad,B,453052059,278978530,1121611520,1781019088
c309940ecccc25ad,B,2025520865,498204577,1204943509,557097550
c309940ecccc25ad,B,946083769,2059473479,244118273,1743728259
c309940ecccc25ad,B,532384894,99158088,985777962,1648884814
c309940ecccc25ad,B,1145303256,1221016262,2000463003,2043389788
c309940ecccc25ad,B,32805601,358159623,767398247,2001265225
c309940ecccc25ad,B,1022808542,1442532639,1749583708,754835851
c309940ecccc25ad,B,1933168383,533419346,422569162,1731268834
c309940ecccc25ad,B,1510048611,703460666,882462638,1778015520
c309940ecccc25ad,B,76429181,972869347,1305316597,726082331
c309940ecccc25ad,B,1517950540,617138898,475965824,1431747164
c309940ecccc25ad,B,1062755974,1750740885,1975710148,1547626469
c309940ecccc25ad,B,526247774,1065059333,1214311271,1263871488
c309940ecccc25ad,B,1468889321,1840037699,2012838836,923164411
c309940ecccc25ad,B,700636688,1189255997,1851007568,735073827
c309940ecccc25ad,C,1808185368,1330512412,367328768,95536129
c309940ecccc25ad,C,519468418,561782605,882160503,1542383118
c309940ecccc25ad,C,1571549417,444724786,1810847752,1823778179
c309940ecccc25ad,C,133074263,1842852180,608424752,123750679
c309940ecccc25ad,C,1339588810,214689704,1705888884,213297869
c309940ecccc25ad,C,375028573,947288233,1648582611,1361992697
c309940ecccc25ad,C,704545606,1827884320,460204637,1614835631
c309940ecccc25ad,C,2140488562,1830009369,656400026,1986726318
c309940ecccc25ad,C,1980614142,237945931,1906550676,1039088582
c309940ecccc25ad,C,1122804151,1646442038,1317979583,2060112582
c309940ecccc25ad,C,1784230566,529483658,448803347,749662906
c309940ecccc25ad,C,1924904738,1507701537,724261924,34012634
c309940ecccc25ad,C,1402615660,894274003,812060392,849774456
c309940ecccc25ad,C,1259783742,1382886230,154644928,2118734682
c309940ecccc25ad,C,398604976,1551723648,386994571,1642929645
c309940ecccc25ad,C,733047655,2102221834,924640611,1122538719
c309940ecccc25ad,C,1456634704,538101006,994007012,31354552
c309940ecccc25ad,C,1699499424,602569132,1963264888,1769007388
c309940ecccc25ad,C,1197293585,1021058554,523192453,944740155
c309940ecccc25ad,C,2037831666,365112549,590919463,698160561
c309940ecccc25ad,C,2071365991,670561690,1535367546,1565656768
c309940ecccc25ad,C,1159916681,692463545,1354769146,1230614862
c309940ecccc25ad,C,1919272051,1504525155,1515400095,852913952
c309940ecccc25ad,C,1898046819,386896899,720646092,106567494
c309940ecccc25ad,C,828666339,817663327,190966916,1304094512
c309940ecccc25ad,C,795324697,1478758346,1714064680,1579492984
c309940ecccc25ad,C,1641405722,1733307762,1345331622,1586247981
c309940ecccc25ad,C,169219432,41882414,1326186636,1045505578
c309940ecccc25ad,C,548174596,131752243,1514002520,181441806
c309940ecccc25ad,C,1573772458,956183224,137922183,1111029434
c309940ecccc25ad,D,534658761,498331267,635799113,1379747528
c309940ecccc25ad,D,1623005810,2138641704,1068049443,799027813
c309940ecccc25ad,D,1210766696,455708294,363413884,714363661
c309940ecccc25ad,D,1749572210,1587842927,1656245138,610778273
c309940ecccc25ad,D,1134636187,339524324,220627892,1760374922
c309940ecccc25ad,D,1659864683,1328633916,50077019,1544655193
c309940ecccc25ad,D,808923854,596291772,648317731,883022675
c309940ecccc25ad,D,1779984578,1509153790,2101377691,1546254318
c309940ecccc25ad,D,1543462536,1871383898,580429476,1860003546
c309940ecccc25ad,D,505657948,920472358,130421510,1619276751
c309940ecccc25ad,D,1966477396,1061285214,1065542537,1270975458
c309940ecccc25ad,D,1899911832,408425109,1025285979,1783359977
c309940ecccc25ad,D,905902555,741119008,356825723,1273875253
c309940ecccc25ad,D,1614527946,466614287,1401885837,60666765
c309940ecccc25ad,D,511769017,654533271,389272495,1630757790
c309940ecccc25ad,D,725846324,510704223,1701095054,888927641
c309940ecccc25ad,D,1397598898,473734723,1650670079,713453458
c309940ecccc25ad,D,890460901,1481028662,872105063,43639921
c309940ecccc25ad,D,2034899288,1160267948,1855479839,1937968781
c309940ecccc25ad,D,1049724189,179566051,345214027,1524463446
c309940ecccc25ad,D,1846634596,1307924471,1061152628,938666631
c309940ecccc25ad,D,1401268499,566893380,546040611,1927188950
c309940ecccc25ad,D,209912373,534175349,985410189,1836346678
c309940ecccc25ad,D,1688635163,1978318077,1275637380,1051765255
c309940ecccc25ad,D,2125454114,693015555,1106751234,2093261901
c309940ecccc25ad,D,1273390681,1836603035,1658895328,833366635
c309940ecccc25ad,D,1727307782,1493744899,263695848,1381266101
c309940ecccc25ad,D,2015069897,1728231008,1950463455,693549445
c309940ecccc25ad,D,771074339,1999639817,1086861679,222016517
c309940ecccc25ad,D,1263954346,814978223,1717473206,2060356136
c309940ecccc25ad,E,1228822934,1557891080,2100277277,1167781233
c309940ecccc25ad,E,412424687,133715305,1542161908,546850111
c309940ecccc25ad,E,2007088596,1252729564,747492293,1802024100
c309940ecccc25ad,E,1332897328,1855448931,303462887,413303477
c309940ecccc25ad,E,1364896494,1205434996,547627113,1353556680
c309940ecccc25ad,E,873116999,1274953436,1957591992,1427588411
c309940ecccc25ad,E,287676195,805801440,913103352,271217600
c309940ecccc25ad,E,694557652,319629261,1547449116,1589841545
c309940ecccc25ad,E,550028065,85145809,1194761235,518042969
c309940ecccc25ad,E,377803853,2116589763,243432538,218020057
c309940ecccc25ad,E,951047203,656672591,596944481,1607771195
c309940ecccc25ad,E,1681056998,477972998,40229528,1732565852
c309940ecccc25ad,E,206893047,707479840,798818825,2129418871
c309940ecccc25ad,E,526338736,83122864,952300166,954517972
c309940ecccc25ad,E,28006744,477543685,2109099159,863804809
c309940ecccc25ad,E,1852310353,1688423445,1474419056,1583876781
c309940ecccc25ad,E,1204021845,1516368043,1207993192,1821876349
c309940ecccc25ad,E,697936162,1029167141,2013552574,1498057306
c309940ecccc25ad,E,129058282,1043209572,693253768,1296862946
c309940ecccc25ad,E,1340350607,1122142252,2032524839,556923860
c309940ecccc25ad,E,1366596930,1663361921,1951050376,1602308833
c309940ecccc25ad,E,111900636,462062490,1269188372,732882671
c309940ecccc25ad,E,1607939180,476610086,736674337,88339577
c309940ecccc25ad,E,475668972,534985067,186200907,1336718834
c309940ecccc25ad,E,2016037285,805309895,1800755987,950237419
c309940ecccc25ad,E,1306233851,1314298640,1488021172,1615577673
c309940ecccc25ad,E,1347225047,5214600,959801511,1832358972
c309940ecccc25ad,E,10905932,850099791,431022670,473365448
c309940ecccc25ad,E,523693011,1942739890,1722000975,2101326884
c309940ecccc25ad,E,1143748001,1997696402,1215055234,977763273
c309940ecccc25ad,F,1456565824,2079562903,1220151329,1290025685
c309940ecccc25ad,F,993046063,874602701,1673015785,1506166650
c309940ecccc25ad,F,1255455941,872819514,1515182917,1603809478
c309940ecccc25ad,F,176967736,1168078969,828777605,836661372
c309940ecccc25ad,F,409450669,413437619,473623195,906411666
c309940ecccc25ad,F,905320493,609531217,1214642715,1461641682
c309940ecccc25ad,F,461661084,1393210474,92846129,1070271505
c309940ecccc25ad,F,1110785354,38753433,1641437212,1611175793
c309940ecccc25ad,F,923885692,835141998,71797286,1713782682
c309940ecccc25ad,F,544984402,147552550,1874649464,434191543
c309940ecccc25ad,F,961158466,172817030,1131680873,1757997560
c309940ecccc25ad,F,111649806,1919978479,871043101,1021611396
c309940ecccc25ad,F,260834469,372720686,1649279114,300381180
c309940ecccc25ad,F,1654878296,359310714,1225267770,922951691
c309940ecccc25ad,F,1494137756,1766769472,2064002747,1350454364
c309940ecccc25ad,F,856223098,1497127297,640669557,1158332789
c309940ecccc25ad,F,2098597566,1023215701,1844547811,707900464
c309940ecccc25ad,F,282673967,447184720,1993349049,465818759
c309940ecccc25ad,F,1764880286,1258532340,1175553496,1953288134
c309940ecccc25ad,F,1378906271,547572433,835292419,1697610493
c309940ecccc25ad,F,1530482353,944057219,580518835,331290265
c309940ecccc25ad,F,565134727,943890213,462110097,1460908125
c309940ecccc25ad,F,1838770775,2145172166,463796193,817004403
c309940ecccc25ad,F,2006809258,1880821253,1371909394,714136495
c309940ecccc25ad,F,482531259,1233416487,610720362,1817802855
c309940ecccc25ad,F,178036344,1350008073,200447438,1783584969
c309940ecccc25ad,F,988808113,944301302,1251650051,595040095
c309940ecccc25ad,F,1417190724,292324487,753828324,1121108797
c309940ecccc25ad,F,1430836070,1945734097,914294303,509761845
c309940ecccc25ad,F,934591277,124348441,76570796,274594787
c309940ecccc25ad,G,2035589218,268940998,2127924989,336270346
c309940ecccc25ad,G,552236406,814927693,1847767482,1839566943
c309940ecccc25ad,G,261680013,1171690987,964408885,1920577455
c309940ecccc25ad,G,490377147,977950768,1876731769,1698574424
c309940ecccc25ad,G,1373115611,1345767669,236336001,1322134578
c309940ecccc25ad,G,239598870,262590443,1442641583,317379942
c309940ecccc25ad,G,305105591,135543534,1504747399,1405208575
c309940ecccc25ad,G,1359505281,461394991,1589046055,1556412689
c309940ecccc25ad,G,1912450476,1825064999,1859353535,525939660
c309940ecccc25ad,G,1930625806,285442345,1340982785,1521133433
c309940ecccc25ad,G,345955311,1147391568,1073223560,1241420582
c309940ecccc25ad,G,1665784280,58518918,996536545,190849934
c309940ecccc25ad,G,1221467944,1162903594,1175767248,1113347984
c309940ecccc25ad,G,2095252531,1107638602,595826019,1331056978
c309940ecccc25ad,G,569955386,1849346124,1594604602,733022205
c309940ecccc25ad,G,2115241326,888288066,1720848364,585963341
c309940ecccc25ad,G,1114034635,1958842165,263631432,1013701538
c309940ecccc25ad,G,1107379446,1339244206,845055966,1920060097
c309940ecccc25ad,G,2129349675,1287777318,72994891,334889917
c309940ecccc25ad,G,66557700,1748223943,808084925,693249109
c309940ecccc25ad,G,892260686,97575996,1236844210,400866846
c309940ecccc25ad,G,2049386377,1252330240,1160202182,22410105
c309940ecccc25ad,G,266673172,563375019,428142666,861000216
c309940ecccc25ad,G,1532385074,131875582,131450777,1270511850
c309940ecccc25ad,G,1826527740,1072930927,1084306069,789857776
c309940ecccc25ad,G,2009202965,1144006474,1345809189,1494009426
c309940ecccc25ad,G,1709393845,108511143,468151635,2117567050
c309940ecccc25ad,G,1511279139,1729321619,984690081,1425811461
c309940ecccc25ad,G,41634648,226920710,908975071,1140006204
c309940ecccc25ad,G,1753745810,963702357,409077787,558479343
c309940ecccc25ad,H,1767374545,537185525,1366516899,1744124460
c309940ecccc25ad,H,1815723518,1262905528,1287694816,1372293456
c309940ecccc25ad,H,1620952686,924092188,241088048,1229617318
c309940ecccc25ad,H,222834532,1152540505,756172289,719606654
c309940ecccc25ad,H,1810764198,1550717796,589803704,507710136
c309940ecccc25ad,H,757686619,350030714,529712919,559554975
c309940ecccc25ad,H,489519220,2131369745,954854458,1561364318
c309940ecccc25ad,H,1337752464,1171014911,1679383534,1199918588
c309940ecccc25ad,H,1787628751,1251390275,1833971350,390595379
c309940ecccc25ad,H,1101105897,1422797514,1862943446,1115194351
c309940ecccc25ad,H,196703798,1171882559,1273488536,971128971
c309940ecccc25ad,H,2039094661,1105803102,1119521548,59646941
c309940ecccc25ad,H,1443498946,679409923,1705553030,974528368
c309940ecccc25ad,H,2040683221,810815025,1362276535,478945580
c309940ecccc25ad,H,471618533,698559230,396351207,572706169
c309940ecccc25ad,H,406876769,2090373125,1015390126,1986701253
c309940ecccc25ad,H,1410207384,958442080,684129692,1978316832
c309940ecccc25ad,H,1023727983,1860459190,1795713030,642442256
c309940ecccc25ad,H,1579450025,734209178,1809743958,666363581
c309940ecccc25ad,H,518797856,166583617,1816197839,1567980558
c309940ecccc25ad,H,915489377,1037209783,456015303,1651730594
c309940ecccc25ad,H,90414550,1046229481,1827539877,1302266670
c309940ecccc25ad,H,1031323257,1797549078,720576953,420091976
c309940ecccc25ad,H,1835957315,657240206,196975742,529115081
c309940ecccc25ad,H,1290985904,2061387256,1367040214,538500683
c309940ecccc25ad,H,233282277,1632716332,558412397,1439948885
c309940ecccc25ad,H,446920227,1257809151,91895407,237801180
c309940ecccc25ad,H,558575802,1242164317,2084852142,119789559
c309940ecccc25ad,H,519275421,882612735,679438136,703224034
c309940ecccc25ad,H,557070465,1478037554,126540210,1401454319
c309940ecccc25ad,I,1509191027,907044456,1445349962,417071992
c309940ecccc25ad,I,1132513642,508486493,336682043,1437709927
c309940ecccc25ad,I,1963464635,837564962,908303646,1147712882
c309940ecccc25ad,I,1375162088,998911548,1623804162,1448643402
c309940ecccc25ad,I,718677087,820824778,1720203706,1544709267
c309940ecccc25ad,I,1597882109,959219955,168972452,423881421
c309940ecccc25ad,I,899839636,664173755,192081219,188988062
c309940ecccc25ad,I,1053309641,1089082574,1337506096,28264510
c309940ecccc25ad,I,1109524058,1604902552,450343465,480251505
c309940ecccc25ad,I,121612075,972543161,579519367,48990459
c309940ecccc25ad,I,1860542720,2140556179,1033789730,1576750040
c309940ecccc25ad,I,1916153342,2012888702,688295331,1457926763
c309940ecccc25ad,I,1622724300,1255437012,329652427,1040022476
c309940ecccc25ad,I,1328210344,79741647,860726534,1274824989
c309940ecccc25ad,I,866555423,785725224,1440649800,1532622139
c309940ecccc25ad,I,428189870,1235697214,2043810093,1613140771
c309940ecccc25ad,I,867205425,431058492,2124564623,216354767
c309940ecccc25ad,I,636948608,636789978,1877286827,682100536
c309940ecccc25ad,I,462352426,2115977505,353586243,1951574990
c309940ecccc25ad,I,1314153608,779770609,1722530970,494862052
c309940ecccc25ad,I,208861528,273132414,504747200,454042050
c309940ecccc25ad,I,1538815999,1410116889,1823426452,2114413111
c309940ecccc25ad,I,1916544412,1339040353,2126423684,1760078921
c309940ecccc25ad,I,1952810043,401747491,1044455475,185360601
c309940ecccc25ad,I,497572471,1354105915,1432644859,2130567417
c309940ecccc25ad,I,165521296,1407707254,1891379577,161938980
c309940ecccc25ad,I,839142562,1063978637,1945083701,798567698
c309940ecccc25ad,I,2036519477,2084708752,2120385936,231925281
c309940ecccc25ad,I,178734198,350834284,1565722525,1502472375
c309940ecccc25ad,I,36634153,131983082,1743298151,185497125
c309940ecccc25ad,J,700729221,1579870832,1970072145,120624708
c309940ecccc25ad,J,1177231001,337935721,316519321,1102006685
c309940ecccc25ad,J,1533322274,276120933,455609123,1186903239
c309940ecccc25ad,J,1619778794,220858314,1525017015,1793392650
c309940ecccc25ad,J,2019359557,1583007073,1534623180,2012049699
c309940ecccc25ad,J,417884933,162613143,1223730267,785375406
c309940ecccc25ad,J,1478700993,461547907,1504529143,927917578
c309940ecccc25ad,J,867054841,366095165,742835878,640608363
c309940ecccc25ad,J,1944533579,26694744,2032556843,1607484797
c309940ecccc25ad,J,1164870539,506974560,167088297,31728248
c309940ecccc25ad,J,1652596967,2006106748,1525873020,1777276068
c309940ecccc25ad,J,350703074,966261620,2029179840,1884014779
c309940ecccc25ad,J,219537615,1693470481,2035906048,1220317119
c309940ecccc25ad,J,607746197,1221436533,1509954056,434889612
c309940ecccc25ad,J,2042870175,406771786,880669664,161443283
c309940ecccc25ad,J,320824136,1992375049,884135763,1985720898
c309940ecccc25ad,J,777079668,937768910,1614590207,775628287
c309940ecccc25ad,J,998706042,1474727460,11512630,616699001
c309940ecccc25ad,J,955191397,1498706546,1364275457,78705055
c309940ecccc25ad,J,710426571,631806864,778748849,502199983
c309940ecccc25ad,J,850017076,602933995,2112352746,934985414
c309940ecccc25ad,J,1121558161,1547657982,1449454837,409806370
c309940ecccc25ad,J,57647287,1767281710,1120839565,1882253636
c309940ecccc25ad,J,1305166122,516238864,246549349,1754860905
c309940ecccc25ad,J,159233667,1323236653,998138603,2035545374
c309940ecccc25ad,J,1142321124,904969498,211141608,1857138570
c309940ecccc25ad,J,916875887,1016527169,1599571825,1816696265
c309940ecccc25ad,J,541283702,260081839,1576037069,1780744049
c309940ecccc25ad,J,2028986564,1934798800,1381415694,1533510739
c309940ecccc25ad,J,914965906,212900939,468943304,863652861
c309940ecccc25ad,K,1261208774,605834534,1182813282,24673994
c309940ecccc25ad,K,652089817,429738096,1533994364,744153278
c309940ecccc25ad,K,1745939855,725546921,1670378686,2094613205
c309940ecccc25ad,K,907796248,1446844208,2026858250,250564591
c309940ecccc25ad,K,401840874,430431765,175326080,1443589207
c309940ecccc25ad,K,820137769,1806683624,1804601365,1285948267
c309940ecccc25ad,K,594355061,1561735242,737358862,613469721
c309940ecccc25ad,K,1913967038,291833991,2123147805,577131882
c309940ecccc25ad,K,1963042883,83818639,1771677438,2070637106
c309940ecccc25ad,K,1329245691,1912146830,1078402140,1598858191
c309940ecccc25ad,K,201370056,867694981,1551756248,943139544
c309940ecccc25ad,K,221292109,1902965182,661093428,1485627169
c309940ecccc25ad,K,1835104181,449309172,1451877142,389536214
c309940ecccc25ad,K,1950055635,1348307372,1695373642,1722158025
c309940ecccc25ad,K,771424801,689774173,1045839614,806853602
c309940ecccc25ad,K,1176030995,203706357,1739515623,1909423551
c309940ecccc25ad,K,1267914266,998706645,353373019,1069354834
c309940ecccc25ad,K,768214879,1332839055,691887250,6170677
c309940ecccc25ad,K,863474666,2103479938,547159732,1183613240
c309940ecccc25ad,K,1135109461,1388265437,1101019726,570997109
c309940ecccc25ad,K,866218708,293029541,979219443,2058557414
c309940ecccc25ad,K,1483834001,380082842,1454888897,1333284100
c309940ecccc25ad,K,1788469591,1157983463,1388735942,1750472571
c309940ecccc25ad,K,1257301570,929678969,1930353578,2078899160
c309940ecccc25ad,K,1236834541,315206877,1505648961,1781855365
c309940ecccc25ad,K,436832020,1625893461,1068038785,213526527
c309940ecccc25ad,K,1178322592,1815699502,1234076444,1045472717
c309940ecccc25ad,K,564301069,1226539230,1234935531,1906131407
c309940ecccc25ad,K,457258957,488877792,1035741097,414489374
c309940ecccc25ad,K,1764977614,1697841739,1995367880,354450535
c309940ecccc25ad,L,99792493,1016154087,1968686610,881736767
c309940ecccc25ad,L,2146424769,553447021,1923539346,1087820890
c309940ecccc25ad,L,1973331418,1110790108,1909926844,951320864
c309940ecccc25ad,L,675503098,1599749127,1365229921,1432076816
c309940ecccc25ad,L,565332128,1237559258,428564541,1934811146
c309940ecccc25ad,L,235361149,182713458,2070883101,1400495746
c309940ecccc25ad,L,196787332,1784831071,801123178,1119090354
c309940ecccc25ad,L,397034390,208564825,1934955458,1053501436
c309940ecccc25ad,L,1886216673,2079063839,1024961715,1263706454
c309940ecccc25ad,L,1859833753,768916313,1110011366,1541305022
c309940ecccc25ad,L,948001009,2058394989,716653684,1490277109
c309940ecccc25ad,L,1549445143,1878790461,1172262270,978638065
c309940ecccc25ad,L,1622324469,748003835,1751306303,580514558
c309940ecccc25ad,L,2110076145,1572830086,735534323,700028510
c309940ecccc25ad,L,1824024788,296272245,861014127,1673223855
c309940ecccc25ad,L,217376612,20260700,2026634518,1050874849
c309940ecccc25ad,L,835550729,280931586,1036860304,600117530
c309940ecccc25ad,L,65321957,844338770,959438907,2113324577
c309940ecccc25ad,L,989854603,860701953,272427495,1082253435
c309940ecccc25ad,L,2096035190,409731259,762532308,2134316487
c309940ecccc25ad,L,1865860829,812544060,207704890,2105996634
c309940ecccc25ad,L,1381105794,1536615483,1310764198,1534712735
c309940ecccc25ad,L,675639920,303887579,1981126751,1167705951
c309940ecccc25ad,L,1978447112,1412270398,825695162,36357019
c309940ecccc25ad,L,1526905667,1337299149,1464123152,691664930
c309940ecccc25ad,L,623941803,1414092214,470935767,509038485
c309940ecccc25ad,L,1996703834,1832376964,2124041975,287400309
c309940ecccc25ad,L,1309916919,753598688,264729573,327689817
c309940ecccc25ad,L,1985300001,714788659,1239073470,76228842
c309940ecccc25ad,L,2102521282,1139297623,2140778819,707884720
e1e12351fe9b55a0,A,1912019774,268183415,1405228428,1585604609
e1e12351fe9b55a0,A,505278595,1958714577,1389632314,1393148792
e1e12351fe9b55a0,A,967853344,1277822382,102042544,1082499027
e1e12351fe9b55a0,A,793288710,1206280712,431068354,340695200
e1e12351fe9b55a0,A,270633329,669885868,699372604,1865029628
e1e12351fe9b55a0,A,967912651,611008034,1570740265,1742089722
e1e12351fe9b55a0,A,918998399,2014977681,363280405,476854594
e1e12351fe9b55a0,A,1849261680,1777524623,1805346785,736929747
e1e12351fe9b55a0,A,572544206,844107402,157770092,18389969
e1e12351fe9b55a0,A,550564592,888753170,1594412701,1981142475
e1e12351fe9b55a0,A,846298976,851045421,1388861638,1786971205
e1e12351fe9b55a0,A,336505711,186489037,1373721954,1502319541
e1e12351fe9b55a0,A,1861354128,1993001207,343790093,1805375315
e1e12351fe9b55a0,A,707149954,206037009,754230596,1451954382
e1e12351fe9b55a0,A,249490377,1928399907,419543867,1785092481
e1e12351fe9b55a0,A,386653135,944754120,178033835,671009896
e1e12351fe9b55a0,A,2095698100,1646470484,1294543398,270559235
e1e12351fe9b55a0,A,1930622093,152210295,1221540266,1668105682
e1e12351fe9b55a0,A,2070920504,498267119,1348095279,631801458
e1e12351fe9b55a0,A,267443315,1025159294,135328591,2053937521
e1e12351fe9b55a0,A,636423465,1602855229,267862847,914730357
e1e12351fe9b55a0,A,606055475,1183200014,635003232,1429661356
e1e12351fe9b55a0,A,1072403412,1540526338,1196809273,1439786471
e1e12351fe9b55a0,A,1975117953,1742131768,1800665058,2076099431
e1e12351fe9b55a0,A,1196338751,404284047,964685075,743756765
e1e12351fe9b55a0,A,1759141777,1739804986,818855800,957622283
e1e12351fe9b55a0,A,1104724092,851635450,1468239588,2140080425
e1e12351fe9b55a0,A,1970395396,19153819,1271773549,220431204
e1e12351fe9b55a0,A,1426002978,1467856122,1081594008,1570548047
e1e12351fe9b55a0,A,1972069,2014463482,901827926,1049022781
e1e12351fe9b55a0,B,1321181579,1697969103,96268944,272880732
e1e12351fe9b55a0,B,1961604684,1724128720,219553885,48575875
e1e12351fe9b55a0,B,87655696,2044734276,1043298395,1789958474
e1e12351fe9b55a0,B,604189776,1669027377,1457787343,1520612830
e1e12351fe9b55a0,B,119210424,1628730684,1375535634,467729528
e1e12351fe9b55a0,B,1365216966,1082347119,1778961289,56075588
e1e12351fe9b55a0,B,1703147615,234366356,1420112563,1920432310
e1e12351fe9b55a0,B,1069395433,1962991405,282944490,1864883800
e1e12351fe9b55a0,B,693882608,492336797,1334820083,236084301
e1e12351fe9b55a0,B,505491370,2106496984,115737085,708487711
e1e12351fe9b55a0,B,1131462579,757150654,1690221721,925149149
e1e12351fe9b55a0,B,1034343052,1016049583,488942693,1584498773
e1e12351fe9b55a0,B,1055265152,1713560252,1108582709,627650498
e1e12351fe9b55a0,B,1687086893,716284217,263980151,1082685460
e1e12351fe9b55a0,B,1932441543,1997070475,301368200,1824279986
e1e12351fe9b55a0,B,444707008,1892662091,1447469062,1982544293
e1e12351fe9b55a0,B,957878467,993817787,100107432,1821922980
e1e12351fe9b55a0,B,1280837341,783416604,1160453421,2128074825
e1e12351fe9b55a0,B,468535040,1027044153,932830489,158552909
e1e12351fe9b55a0,B,1991863328,488286649,1437687902,668038930
e1e12351fe9b55a0,B,1688114229,1688316933,2083313983,227620505
e1e12351fe9b55a0,B,1211434136,362830747,549500260,1780252285
e1e12351fe9b55a0,B,10980070,1659470814,1440534959,1155012152
e1e12351fe9b55a0,B,1662667575,344421979,1668473886,1296910548
e1e12351fe9b55a0,B,1467188564,1654596213,1742089970,1515871050
e1e12351fe9b55a0,B,506562196,1359527081,942985724,1334106605
e1e12351fe9b55a0,B,827275112,1693250197,89171620,1639991574
e1e12351fe9b55a0,B,2006798322,113293412,15450194,1688767265
e1e12351fe9b55a0,B,1944439365,1306730051,1913008937,521598796
e1e12351fe9b55a0,B,394672376,1192223136,405793197,1761733327
e1e12351fe9b55a0,C,397345896,1829050862,1848808714,163977318
e1e12351fe9b55a0,C,972922809,984249070,1209193499,1558444523
e1e12351fe9b55a0,C,1707766206,941075796,928291205,1222828131
e1e12351fe9b55a0,C,1625255105,966035823,1449998502,691123439
e1e12351fe9b55a0,C,2007555622,2104497548,1657018297,810742567
e1e12351fe9b55a0,C,1464460366,1194549833,1271292942,1915849830
e1e12351fe9b55a0,C,810528969,2096166826,773628514,1156125798
e1e12351fe9b55a0,C,2027103031,1793470343,1967351530,1489447621
e1e12351fe9b55a0,C,734148027,1037182264,1387778454,966585740
e1e12351fe9b55a0,C,449527934,703166144,973342497,110769985
e1e12351fe9b55a0,C,1579527143,582351484,1987418569,1180655750
e1e12351fe9b55a0,C,321120681,2080111805,1958179068,1897598522
e1e12351fe9b55a0,C,203468491,29997791,1851401629,2120497147
e1e12351fe9b55a0,C,1144211742,249387164,204917742,1955922758
e1e12351fe9b55a0,C,1205781474,1046625057,934360299,847522228
e1e12351fe9b55a0,C,151450531,44887336,716772109,527059845
e1e12351fe9b55a0,C,936680363,31081637,7978433,1202101982
e1e12351fe9b55a0,C,1775992387,682990978,291075569,453834470
e1e12351fe9b55a0,C,395637421,400692121,2114902835,1695653875
e1e12351fe9b55a0,C,600120561,458953826,232705415,1583234976
e1e12351fe9b55a0,C,525364466,229530903,930510938,847200445
e1e12351fe9b55a0,C,1134675113,2136592308,1002522970,560671627
e1e12351fe9b55a0,C,993407194,1682196026,591939872,1413106490
e1e12351fe9b55a0,C,2094443781,1707518361,684446110,722343543
e1e12351fe9b55a0,C,1432003066,148660022,75326065,847775252
e1e12351fe9b55a0,C,1242895886,389718149,1848712488,1496543361
e1e12351fe9b55a0,C,1827956399,1263307315,1100143540,441517016
e1e12351fe9b55a0,C,547403289,63917995,928754099,1811849506
e1e12351fe9b55a0,C,1669400065,1054196549,2009451329,1204099677
e1e12351fe9b55a0,C,883376994,951843501,1341873994,2010652951
e1e12351fe9b55a0,D,574605902,1709760213,140071608,2103007261
e1e12351fe9b55a0,D,1461647461,601957774,1554780956,1901194563
e1e12351fe9b55a0,D,1448954059,1256179578,1784959714,458456162
e1e12351fe9b55a0,D,1396453015,854540089,732002067,799227650
e1e12351fe9b55a0,D,2077319733,221514243,956743672,434247163
e1e12351fe9b55a0,D,817771538,560558577,628641271,1223707771
e1e12351fe9b55a0,D,1998206159,348940966,1608158364,424192425
e1e12351fe9b55a0,D,1550858282,1275284553,1173610476,221792101
e1e12351fe9b55a0,D,1606128393,245900838,613604613,955882571
e1e12351fe9b55a0,D,436741791,1000716424,710712389,1520680042
e1e12351fe9b55a0,D,802283426,1488553724,1084613542,1216926983
e1e12351fe9b55a0,D,1696184005,895773283,1585181085,2006701912
e1e12351fe9b55a0,D,1416745968,319556548,370516987,1156748173
e1e12351fe9b55a0,D,1303376131,975116741,374975100,748133668
e1e12351fe9b55a0,D,1259829672,519440044,1803149614,23941401
e1e12351fe9b55a0,D,1009415016,1383053928,361624636,789497930
e1e12351fe9b55a0,D,1481395287,332625932,416796262,511121140
e1e12351fe9b55a0,D,1819365711,259069089,1172573453,442765607
e1e12351fe9b55a0,D,1303668281,1483302380,2109761737,584491825
e1e12351fe9b55a0,D,1516391798,1091271945,156706134,2068627076
e1e12351fe9b55a0,D,710827096,124979375,462738942,1752103255
e1e12351fe9b55a0,D,857305689,1811089699,646346907,394900930
e1e12351fe9b55a0,D,1267627193,459617055,112388260,2069152778
e1e12351fe9b55a0,D,1542278183,619300412,720132125,1726567952
e1e12351fe9b55a0,D,1599377428,438047106,450526008,1690540328
e1e12351fe9b55a0,D,383742237,1302015365,120208907,2129652062
e1e12351fe9b55a0,D,2138359046,204325615,1467170600,1876762770
e1e12351fe9b55a0,D,318753494,1068340060,208152036,435872381
e1e12351fe9b55a0,D,1060945437,1276973072,2128223547,876296557
e1e12351fe9b55a0,D,737441184,730748816,1482934971,1727232
e1e12351fe9b55a0,E,473344611,2039859288,1272277283,107459302
e1e12351fe9b55a0,E,101205562,201536981,252211918,1861958934
e1e12351fe9b55a0,E,1182198101,1903504580,2005374810,124611554
e1e12351fe9b55a0,E,1347154789,1524610962,2053851823,889539623
e1e12351fe9b55a0,E,1298208229,1066347421,442937953,919984113
e1e12351fe9b55a0,E,1247691598,335464754,1385796897,753652349
e1e12351fe9b55a0,E,1247456571,1369676328,339488449,1085333217
e1e12351fe9b55a0,E,1455548675,1432078265,1046679100,1440505843
e1e12351fe9b55a0,E,1237882443,891461334,1166022539,156888252
e1e12351fe9b55a0,E,1633984752,1914555982,1702950056,1393772329
e1e12351fe9b55a0,E,661766841,570028406,598740393,550295710
e1e12351fe9b55a0,E,408091808,344530309,2033108408,1224135731
e1e12351fe9b55a0,E,1588139020,320565573,313268785,1239039719
e1e12351fe9b55a0,E,561781638,990612896,1976702369,1443656139
e1e12351fe9b55a0,E,1523864385,717226227,531337035,1218551004
e1e12351fe9b55a0,E,2031211408,1054002201,813023881,1845762498
e1e12351fe9b55a0,E,255192261,1215280059,1217008532,479993890
e1e12351fe9b55a0,E,62888096,51509622,1064139553,638550569
e1e12351fe9b55a0,E,1187321295,611599155,120591434,971419041
e1e12351fe9b55a0,E,108070225,506180426,1259828971,635678183
e1e12351fe9b55a0,E,1192873720,2127884232,438729322,297264510
e1e12351fe9b55a0,E,492302979,722874972,1604793299,100549295
e1e12351fe9b55a0,E,1174951003,1773689078,1098140168,102100820
e1e12351fe9b55a0,E,117760357,1632480157,377900134,1552126053
e1e12351fe9b55a0,E,133737065,1471776640,672775775,1765842467
e1e12351fe9b55a0,E,2065665075,1704836668,1791134824,50307390
e1e12351fe9b55a0,E,1531175388,1748608012,1221807896,182260591
e1e12351fe9b55a0,E,908233171,1166569694,815642060,1095663295
e1e12351fe9b55a0,E,1661572600,790163947,1027623101,1912531278
e1e12351fe9b55a0,E,595767348,2016106005,1896745792,417920160
e1e12351fe9b55a0,F,618235019,1158302331,2124797493,1145512915
e1e12351fe9b55a0,F,1759102917,1630543737,1237311690,2040216814
e1e12351fe9b55a0,F,199626910,69424219,230489007,1352328829
e1e12351fe9b55a0,F,1925840110,494550907,407230076,1196214228
e1e12351fe9b55a0,F,390674841,1595119969,1987933856,1275955369
e1e12351fe9b55a0,F,1402760782,390446601,170599671,112298658
e1e12351fe9b55a0,F,240130587,1115728072,1675374247,431351758
e1e12351fe9b55a0,F,1308698463,1868668274,1182633042,761201980
e1e12351fe9b55a0,F,1364862152,1466667898,828558366,1432265776
e1e12351fe9b55a0,F,1796679462,1625359414,1464316788,604572937
e1e12351fe9b55a0,F,1038542178,1547066245,1545238045,744670346
e1e12351fe9b55a0,F,215051190,1363585083,538834388,962528715
e1e12351fe9b55a0,F,1402749415,1060020474,2079268188,1794072359
e1e12351fe9b55a0,F,953978577,1531554799,1972516586,1444024671
e1e12351fe9b55a0,F,1680011959,1166895562,1885383221,679185711
e1e12351fe9b55a0,F,156172245,1874060607,1451893408,1942959908
e1e12351fe9b55a0,F,611038663,73018678,66025291,926204457
e1e12351fe9b55a0,F,1954931289,1355384997,1267992838,878529283
e1e12351fe9b55a0,F,669094980,1025984496,781679921,1974099443
e1e12351fe9b55a0,F,868115147,1323624824,722274039,1597232703
e1e12351fe9b55a0,F,273240238,670420539,701351448,1852286126
e1e12351fe9b55a0,F,1443403507,1212333934,1819818456,674585780
e1e12351fe9b55a0,F,1950394,429026944,256154271,528386373
e1e12351fe9b55a0,F,241305998,1848773848,1188440047,1012637192
e1e12351fe9b55a0,F,1262257864,803315316,1263577938,2109409350
e1e12351fe9b55a0,F,488782814,600837220,505450363,547184721
e1e12351fe9b55a0,F,1214413004,1711497094,2039134112,1425479806
e1e12351fe9b55a0,F,1584432805,1976893465,1128044334,1792584110
e1e12351fe9b55a0,F,715880243,1925012561,111902061,519410933
e1e12351fe9b55a0,F,2028023925,836891844,1369273357,117997304
e1e12351fe9b55a0,G,368293914,825923938,2118220581,1173411600
e1e12351fe9b55a0,G,1424896571,1429534325,1932391155,944038778
e1e12351fe9b55a0,G,1923631206,225402018,716075388,972611439
e1e12351fe9b55a0,G,1557889533,821786254,1410226914,2032532216
e1e12351fe9b55a0,G,232828256,1254098766,49783396,1967892678
e1e12351fe9b55a0,G,333367884,1045287780,1383902640,1015833793
e1e12351fe9b55a0,G,1255837338,1602052517,242639241,241958320
e1e12351fe9b55a0,G,39926083,1300377815,1019119198,2007029356
e1e12351fe9b55a0,G,677782364,1333717042,807009085,722659771
e1e12351fe9b55a0,G,1236290777,831818950,749541553,1856617985
e1e12351fe9b55a0,G,2013344124,1032941152,2048571424,2034196247
e1e12351fe9b55a0,G,628522464,528334882,1664632793,1597253960
e1e12351fe9b55a0,G,1596244449,1800538711,1543158448,1280359988
e1e12351fe9b55a0,G,537367097,994545841,329917452,868637680
e1e12351fe9b55a0,G,1527669621,285012935,891179130,287684663
e1e12351fe9b55a0,G,1033309041,408759985,222483761,1619842140
e1e12351fe9b55a0,G,1160385766,370133299,106513167,1118794946
e1e12351fe9b55a0,G,1787418840,1330352372,1659706624,283991302
e1e12351fe9b55a0,G,66683932,1879827130,2123403333,633899139
e1e12351fe9b55a0,G,581430278,1296679201,195428737,164934718
e1e12351fe9b55a0,G,735687992,592122149,876798855,387559736
e1e12351fe9b55a0,G,2134913752,26276626,1292543513,865397693
e1e12351fe9b55a0,G,1976000679,1513744039,1914227958,1972158483
e1e12351fe9b55a0,G,730008098,1236070172,1369652522,1254258630
e1e12351fe9b55a0,G,1699709548,241321134,1486625806,905610941
e1e12351fe9b55a0,G,2051893109,425949000,556505770,2040459331
e1e12351fe9b55a0,G,216647122,1605174215,156009617,760602564
e1e12351fe9b55a0,G,1863740737,1337011912,1442811475,1461233081
e1e12351fe9b55a0,G,2003393473,1070959543,159256955,373397803
e1e12351fe9b55a0,G,13384662,976935866,1114277207,367001760
e1e12351fe9b55a0,H,1896693553,1236229957,1663124966,1881057446
e1e12351fe9b55a0,H,1661100549,1082437482,1161802686,375850995
e1e12351fe9b55a0,H,166918657,1025938578,187480895,345669976
e1e12351fe9b55a0,H,1625429882,210475507,449125894,2133939141
e1e12351fe9b55a0,H,1947956867,763917915,1363472308,91013363
e1e12351fe9b55a0,H,2138280723,962990253,1257887304,1525666390
e1e12351fe9b55a0,H,1571308453,1316720988,433008486,611255320
e1e12351fe9b55a0,H,616396733,483815332,510935690,693295653
e1e12351fe9b55a0,H,222539589,2022892312,74407400,975608466
e1e12351fe9b55a0,H,447444298,1823919942,1033266384,465205153
e1e12351fe9b55a0,H,1978358996,964908824,1610110573,1380153777
e1e12351fe9b55a0,H,1510617263,84034292,833787240,915053012
e1e12351fe9b55a0,H,1027548482,167311573,352523027,1551520734
e1e12351fe9b55a0,H,1220147815,604710998,86544237,1586220930
e1e12351fe9b55a0,H,1585728404,2037489130,1215043128,1069257431
e1e12351fe9b55a0,H,377120605,53253485,1016081,1211810631
e1e12351fe9b55a0,H,827424470,948309521,266606735,1494088583
e1e12351fe9b55a0,H,953215956,767979104,1840088208,992201690
e1e12351fe9b55a0,H,2125318550,479619630,917916337,1362712633
e1e12351fe9b55a0,H,496985476,532177297,881294681,1959231684
e1e12351fe9b55a0,H,1660983707,1458213181,1675753357,641641131
e1e12351fe9b55a0,H,1528169847,604831580,1251081718,988854865
e1e12351fe9b55a0,H,1807733709,1944727238,1837405410,2114618783
e1e12351fe9b55a0,H,726324310,654025497,149477113,1617597727
e1e12351fe9b55a0,H,1533383666,920766161,875135194,296216470
e1e12351fe9b55a0,H,1277105331,1647024721,530740951,1784847148
e1e12351fe9b55a0,H,400816569,169941204,348457815,967772213
e1e12351fe9b55a0,H,693607062,1956658594,1868181234,1244773836
e1e12351fe9b55a0,H,1697338040,861706854,936151575,612101324
e1e12351fe9b55a0,H,1546932052,1074720964,932124851,1820989416
e1e12351fe9b55a0,I,1290918440,1852854796,182780369,1837320829
e1e12351fe9b55a0,I,1808888962,738648806,880963603,460296368
e1e12351fe9b55a0,I,637534661,1364253024,744908828,1147443871
e1e12351fe9b55a0,I,1253399285,1161827226,743704842,1205731547
e1e12351fe9b55a0,I,1137560248,2059123868,1028526371,665557899
e1e12351fe9b55a0,I,1670839200,1880215305,1981425548,42151618
e1e12351fe9b55a0,I,435788482,1546309408,1621529701,1503728946
e1e12351fe9b55a0,I,2084109353,123520155,648653382,401840736
e1e12351fe9b55a0,I,1399872361,589196919,1291767900,1976770139
e1e12351fe9b55a0,I,572494590,1157043141,1287939921,1915067815
e1e12351fe9b55a0,I,1739678457,15957775,1019080759,1021771881
e1e12351fe9b55a0,I,1925660976,1348887181,2116342115,57927523
e1e12351fe9b55a0,I,907137556,324769648,745849836,769436493
e1e12351fe9b55a0,I,210688552,1514627909,1783579615,1815691167
e1e12351fe9b55a0,I,94173591,1760203289,1500541160,234396372
e1e12351fe9b55a0,I,856342419,635259107,2111835460,305083526
e1e12351fe9b55a0,I,624395660,2024886055,1354216280,972435632
e1e12351fe9b55a0,I,1135345673,1278560000,2010671216,1865050594
e1e12351fe9b55a0,I,1971163014,665823446,1824776213,2025881431
e1e12351fe9b55a0,I,1050450089,969943246,2100627857,1878081560
e1e12351fe9b55a0,I,673916393,1347873246,2079850849,1408215896
e1e12351fe9b55a0,I,248624206,2001820111,2022966413,234661430
e1e12351fe9b55a0,I,914889222,293801064,522475402,1067675250
e1e12351fe9b55a0,I,611062729,443605953,1469255213,705677885
e1e12351fe9b55a0,I,573271406,1193001721,1645218258,1129753166
e1e12351fe9b55a0,I,607369950,1122511773,1019719863,33455927
e1e12351fe9b55a0,I,884326746,343981813,2091523486,1427044426
e1e12351fe9b55a0,I,248125227,988866885,73958033,1179421231
e1e12351fe9b55a0,I,97301384,952709354,1819427760,1631357723
e1e12351fe9b55a0,I,392387244,132891079,1167453913,17149279
e1e12351fe9b55a0,J,1594959107,2123954118,2146272509,260681808
e1e12351fe9b55a0,J,1588700760,683826510,144196639,2087133672
e1e12351fe9b55a0,J,895255141,249840242,2086720604,9048971
e1e12351fe9b55a0,J,800171593,77886437,2049960267,528005305
e1e12351fe9b55a0,J,1373611870,1397603264,143761463,155157598
e1e12351fe9b55a0,J,1434894976,1422034427,1687345765,262703703
e1e12351fe9b55a0,J,711464318,1992853260,1589119724,1703687283
e1e12351fe9b55a0,J,800502218,1703554455,1841674175,195316886
e1e12351fe9b55a0,J,538974655,240775065,659186064,1147345959
e1e12351fe9b55a0,J,397301196,1734475354,748983168,338039595
e1e12351fe9b55a0,J,322648704,86173849,1740614681,403478158
e1e12351fe9b55a0,J,860222191,327849113,1489323391,1210370052
e1e12351fe9b55a0,J,337572581,49210489,707220004,2076349597
e1e12351fe9b55a0,J,33991157,493475954,1904984557,1547477741
e1e12351fe9b55a0,J,1065434662,1623114672,483875244,1570391979
e1e12351fe9b55a0,J,1536661145,872088458,617427752,1469970668
e1e12351fe9b55a0,J,1766042340,1098973537,456084865,1477360492
e1e12351fe9b55a0,J,412825320,811224981,1707008502,1955759887
e1e12351fe9b55a0,J,375269927,841954304,317296044,927227070
e1e12351fe9b55a0,J,1634680059,249614918,87333505,869627035
e1e12351fe9b55a0,J,401191654,640290617,1709214748,655937421
e1e12351fe9b55a0,J,1266596437,1181235579,594028927,1933427828
e1e12351fe9b55a0,J,30361778,1816838085,651706338,987907652
e1e12351fe9b55a0,J,132647723,1220611938,1316509677,1750846279
e1e12351fe9b55a0,J,2100162265,465656498,1858826022,1579576684
e1e12351fe9b55a0,J,885704720,1235942975,1723898561,2012222827
e1e12351fe9b55a0,J,136625070,927449839,1376658244,1513292705
e1e12351fe9b55a0,J,2044642810,522753841,1354252541,1778430931
e1e12351fe9b55a0,J,2029055126,401989788,486126172,1509464017
e1e12351fe9b55a0,J,409092015,2021677070,1235010036,977902937
e1e12351fe9b55a0,K,771989762,1485877785,1914682450,1689331737
e1e12351fe9b55a0,K,1732905454,1119098568,794277353,932738706
e1e12351fe9b55a0,K,659807014,582845343,817781289,1998815978
e1e12351fe9b55a0,K,76675398,2084660026,1887938680,1555842583
e1e12351fe9b55a0,K,1717567217,287545568,377239311,213576923
e1e12351fe9b55a0,K,1823611756,1198089531,1360298036,450666755
e1e12351fe9b55a0,K,1458918823,576185746,610681913,1195258402
e1e12351fe9b55a0,K,721546757,252689136,1141642749,269018066
e1e12351fe9b55a0,K,772626676,1440575316,1550218922,656773263
e1e12351fe9b55a0,K,1269073035,941687615,1486176742,1259224859
e1e12351fe9b55a0,K,1107533798,128763053,358770082,410179242
e1e12351fe9b55a0,K,419362310,1380744536,55011184,955697356
e1e12351fe9b55a0,K,1416546242,1727285194,1379290586,893406553
e1e12351fe9b55a0,K,1728589339,389031626,1088172106,2037201286
e1e12351fe9b55a0,K,546904685,591936011,811016264,777631319
e1e12351fe9b55a0,K,565771263,656492628,2088118650,1144644708
e1e12351fe9b55a0,K,1219747971,267645226,1787853327,109300883
e1e12351fe9b55a0,K,1618518277,2093885174,1682022109,618387737
e1e12351fe9b55a0,K,1289329185,1886362299,1355312556,620821955
e1e12351fe9b55a0,K,507293004,727448064,1216679247,1236052184
e1e12351fe9b55a0,K,833713893,102012189,1880630625,1642101988
e1e12351fe9b55a0,K,217995031,606844172,58340688,1712414502
e1e12351fe9b55a0,K,645201188,1391678690,1378891429,1506802880
e1e12351fe9b55a0,K,1927670284,1913840376,57646409,1186203549
e1e12351fe9b55a0,K,1218143429,1772645628,915100359,1769896034
e1e12351fe9b55a0,K,170444895,936355242,1472842247,528298125
e1e12351fe9b55a0,K,493254752,547381923,720699938,1933926082
e1e12351fe9b55a0,K,791246235,832912600,1888673806,882315886
e1e12351fe9b55a0,K,895498902,1040518719,95029034,921192761
e1e12351fe9b55a0,K,756857137,160212603,432276873,1017945446
e1e12351fe9b55a0,L,1939401169,1291784150,1246166323,550406513
e1e12351fe9b55a0,L,904527148,82460939,221045540,1279063270
e1e12351fe9b55a0,L,1122523044,602117133,1314898289,1240731875
e1e12351fe9b55a0,L,1765518054,815326370,1953275627,1591869723
e1e12351fe9b55a0,L,1937984983,730187849,858775521,1237552866
e1e12351fe9b55a0,L,1126729998,1851270522,1098923099,1843025799
e1e12351fe9b55a0,L,92272572,92766975,2089460616,1014565013
e1e12351fe9b55a0,L,160063313,1853732122,1584184109,2010303238
e1e12351fe9b55a0,L,448575753,1049334282,334595019,236209623
e1e12351fe9b55a0,L,767754601,26749924,45515864,327712301
e1e12351fe9b55a0,L,233684064,878151913,669883263,1539513912
e1e12351fe9b55a0,L,1332545359,1245924072,1423044061,815317060
e1e12351fe9b55a0,L,769882040,1931181933,2024224057,938748813
e1e12351fe9b55a0,L,2117085724,2093957772,2090660130,803006447
e1e12351fe9b55a0,L,777232850,375123287,254450403,2008714477
e1e12351fe9b55a0,L,746269986,722401160,485057371,490638650
e1e12351fe9b55a0,L,551906250,150319412,1500904205,1715414121
e1e12351fe9b55a0,L,777353464,1058153247,1809132934,345319068
e1e12351fe9b55a0,L,2005516489,1101583709,1636183851,520998154
e1e12351fe9b55a0,L,1691374154,1322813324,1939601182,1997645737
e1e12351fe9b55a0,L,1524518028,442118113,1755182489,1367666740
e1e12351fe9b55a0,L,1664427628,1760713240,134049911,1848564866
e1e12351fe9b55a0,L,1806082252,1054777143,2056778255,621149145
e1e12351fe9b55a0,L,1127504452,1228475019,845253365,334889603
e1e12351fe9b55a0,L,382862775,1579135359,375808687,1053787375
e1e12351fe9b55a0,L,1089099434,1855346222,701124745,1486779320
e1e12351fe9b55a0,L,408484934,1350663010,1130011524,1227018064
e1e12351fe9b55a0,L,1715134064,1030201020,1123051868,1560399984
e1e12351fe9b55a0,L,310493000,1264183135,1912826790,1437074770
e1e12351fe9b55a0,L,230500732,1686731477,1498981757,1509608598
821a5bc78fdd182d,A,864177166,979975739,1353835079,920515423
821a5bc78fdd182d,A,564224591,1804667250,32440504,1903443346
821a5bc78fdd182d,A,602832202,1598830560,20157914,528091996
821a5bc78fdd182d,A,1761475838,1552077581,1772303777,2024782227
821a5bc78fdd182d,A,255503608,511768553,1379317733,287778072
821a5bc78fdd182d,A,252909628,1998912899,2075238014,1331239337
821a5bc78fdd182d,A,2117949253,38045952,839315843,618140324
821a5bc78fdd182d,A,2119405892,478179821,1162884736,1179043343
821a5bc78fdd182d,A,765593582,1717488257,2088890460,1471224487
821a5bc78fdd182d,A,1194196610,928347363,367555151,1376069480
821a5bc78fdd182d,A,38470793,402223875,294015998,1547443399
821a5bc78fdd182d,A,84298127,1473273914,824500013,1795923688
821a5bc78fdd182d,A,1208888391,640672173,323771690,1508226456
821a5bc78fdd182d,A,455422076,569215513,487424275,550331625
821a5bc78fdd182d,A,987650962,304200762,912731473,1171232331
821a5bc78fdd182d,A,1023502142,1370524251,1424833796,297766361
821a5bc78fdd182d,A,1999908683,565578251,100462387,470017958
821a5bc78fdd182d,A,2066048020,741113782,1450209152,1058525366
821a5bc78fdd182d,A,160923543,698961186,566657610,1503889912
821a5bc78fdd182d,A,1662527817,1543486744,28945552,2039722480
821a5bc78fdd182d,A,1106473928,916054599,956364857,1307848591
821a5bc78fdd182d,A,1780686718,208010696,1384990176,1348844346
821a5bc78fdd182d,A,1765130397,50708241,230722700,1355368775
821a5bc78fdd182d,A,91286952,1657464543,897313231,267104029
821a5bc78fdd182d,A,161160673,100427375,1335130844,343295241
821a5bc78fdd182d,A,1252120491,211967481,1177927112,266733279
821a5bc78fdd182d,A,1951035021,1751419739,1701564361,983712357
821a5bc78fdd182d,A,5662265,89099400,485259571,1481284649
821a5bc78fdd182d,A,1244861958,12005881,1479117654,175635102
821a5bc78fdd182d,A,419161783,1869443466,1687851066,1148265394
821a5bc78fdd182d,B,835827815,1103311828,423229913,1351575916
821a5bc78fdd182d,B,1809252845,688646481,639007590,1723680243
821a5bc78fdd182d,B,8111070,689614769,1104876847,799385162
821a5bc78fdd182d,B,1952576086,1204081948,1365325205,165465899
821a5bc78fdd182d,B,222187953,675659879,756173428,1239708141
821a5bc78fdd182d,B,648128270,1210656486,2120179375,2043953155
821a5bc78fdd182d,B,254804363,421466257,702605014,1125931913
821a5bc78fdd182d,B,1100155130,1547229614,632324504,815971598
821a5bc78fdd182d,B,1273119636,1898141160,1994231964,1037512452
821a5bc78fdd182d,B,31545165,1414664717,946539204,1066808059
821a5bc78fdd182d,B,71508611,1706616926,888493152,1304733472
821a5bc78fdd182d,B,1998674277,1590817981,996098664,1702085072
821a5bc78fdd182d,B,1634451883,80010682,1876204981,1866249865
821a5bc78fdd182d,B,352010189,870056989,1531952796,997166478
821a5bc78fdd182d,B,1991718437,61126621,1731640368,1172169689
821a5bc78fdd182d,B,744647852,598601651,193179522,865886660
821a5bc78fdd182d,B,1510598718,507747047,353808385,1315699758
821a5bc78fdd182d,B,681016599,1377322961,327968458,286757792
821a5bc78fdd182d,B,1124315542,631591511,1369994380,43937626
821a5bc78fdd182d,B,879946996,1727163606,1424113037,1364725080
821a5bc78fdd182d,B,235104028,1001431173,95767004,621545934
821a5bc78fdd182d,B,69796471,1257864866,965260139,791718385
821a5bc78fdd182d,B,2091380731,1583734121,652190466,2113796897
821a5bc78fdd182d,B,926309337,1432802851,954438250,824777084
821a5bc78fdd182d,B,1489188052,959334716,1564066590,267462447
821a5bc78fdd182d,B,1472901340,1095346991,862602201,1983543751
821a5bc78fdd182d,B,83138251,1102700261,2050004180,1145638023
821a5bc78fdd182d,B,1653457254,759003222,1126002222,673499563
821a5bc78fdd182d,B,321210771,1959756433,14745201,475304409
821a5bc78fdd182d,B,747476160,1321119284,1889721399,887140983
821a5bc78fdd182d,C,1828773055,1958563631,1185362539,1829320481
821a5bc78fdd182d,C,200029429,166900631,947977829,1370684106
821a5bc78fdd182d,C,1264307287,30528167,813584644,865259756
821a5bc78fdd182d,C,1536585685,77982898,1497716913,1020537868
821a5bc78fdd182d,C,228815996,1111170127,3945167,1986164096
821a5bc78fdd182d,C,860889186,1248556375,75076886,604519450
821a5bc78fdd182d,C,768840898,195009028,807678961,1682785557
821a5bc78fdd182d,C,593252935,293393887,1381820479,1706458382
821a5bc78fdd182d,C,1334086530,1045989699,1156140326,973215956
821a5bc78fdd182d,C,922074196,1629623464,1998015112,948776603
821a5bc78fdd182d,C,1544850981,783977804,348092554,1247834671
821a5bc78fdd182d,C,1830792275,122047540,697353730,1571558230
821a5bc78fdd182d,C,1839850533,1575387156,1879863240,1903299371
821a5bc78fdd182d,C,584874978,1558335749,1917244874,698763060
821a5bc78fdd182d,C,839676390,1645217187,1558341428,623610068
821a5bc78fdd182d,C,1458393361,1392865088,1418615709,1196959127
821a5bc78fdd182d,C,478356049,1271319225,1967843739,1926565590
821a5bc78fdd182d,C,1732418749,1917057689,1343102902,1635828505
821a5bc78fdd182d,C,1543292010,514962797,560569006,313344179
821a5bc78fdd182d,C,783460337,487731602,61720503,1738703959
821a5bc78fdd182d,C,1149120980,686220720,1639127037,281204830
821a5bc78fdd182d,C,1133561167,1167345463,1033090776,270020403
821a5bc78fdd182d,C,1047560501,652860346,1230224527,794699891
821a5bc78fdd182d,C,1649199825,1829516289,1115032089,102877925
821a5bc78fdd182d,C,1762857058,686221154,2108080187,50092245
821a5bc78fdd182d,C,2121175898,1110233697,996995319,1253935893
821a5bc78fdd182d,C,516020606,1581119388,517929119,632813699
821a5bc78fdd182d,C,1436851675,1702971408,1270845920,970670812
821a5bc78fdd182d,C,757418137,1955237961,999925600,553976923
821a5bc78fdd182d,C,560192361,1289846919,1698101948,384113977
821a5bc78fdd182d,D,1341452378,1924485700,1554328555,881668380
821a5bc78fdd182d,D,787227298,971100487,400251406,662331733
821a5bc78fdd182d,D,592536134,1226117790,1337070203,1962593168
821a5bc78fdd182d,D,1260642689,1206484190,25392146,1612474598
821a5bc78fdd182d,D,594878633,1169094644,209460321,574557960
821a5bc78fdd182d,D,784397939,1370891816,1429997054,1268542991
821a5bc78fdd182d,D,390583141,2024380857,771591765,1950317996
821a5bc78fdd182d,D,403992822,459554768,308509746,2000190276
821a5bc78fdd182d,D,618569576,2085708486,467387107,1984213725
821a5bc78fdd182d,D,738329627,987070338,913757412,1105548897
821a5bc78fdd182d,D,730533745,222080618,1716235261,1184122879
821a5bc78fdd182d,D,1544019910,1173965415,1396960719,594483504
821a5bc78fdd182d,D,334237209,1776093261,1608066189,1313533224
821a5bc78fdd182d,D,555868835,381279325,603448267,940842327
821a5bc78fdd182d,D,406461485,309726757,1322030291,774995069
821a5bc78fdd182d,D,1667134114,1814943715,407043280,1962238342
821a5bc78fdd182d,D,1467984008,1078353452,1762712205,864426986
821a5bc78fdd182d,D,1504681692,638746944,715299908,762203962
821a5bc78fdd182d,D,1429849873,2124260852,341093495,799969893
821a5bc78fdd182d,D,1625919118,1307391963,1904822719,1755326800
821a5bc78fdd182d,D,1392681780,1273048277,2031554894,1407693829
821a5bc78fdd182d,D,2038364785,1118171305,124565645,1471017893
821a5bc78fdd182d,D,1709816569,674572910,315641059,2122522185
821a5bc78fdd182d,D,181662844,1220812057,1380457951,1000167355
821a5bc78fdd182d,D,1772442867,445817373,939262576,869555518
821a5bc78fdd182d,D,749932622,2142053951,773291860,1041833892
821a5bc78fdd182d,D,982899849,273715887,426868982,628462783
821a5bc78fdd182d,D,253200269,1489424908,632563795,1840132520
821a5bc78fdd182d,D,214613000,647304853,937593766,1969070724
821a5bc78fdd182d,D,801140726,1792928754,782305914,310278393
821a5bc78fdd182d,E,1453436503,813307640,1114406423,898779794
821a5bc78fdd182d,E,1704709460,601096507,99001903,2134908722
821a5bc78fdd182d,E,2046884320,877287713,368074666,1204539534
821a5bc78fdd182d,E,600045465,449445522,1480156035,122886811
821a5bc78fdd182d,E,1289491659,1231882180,1664850793,1803313520
821a5bc78fdd182d,E,2053402492,1745764459,585543189,1859675097
821a5bc78fdd182d,E,1858800444,2045705827,1788908931,1189602896
821a5bc78fdd182d,E,777328704,97211018,208593018,1886958991
821a5bc78fdd182d,E,53563143,180846766,1246903189,1945618527
821a5bc78fdd182d,E,240193957,273091566,170077863,1557037947
821a5bc78fdd182d,E,1537307979,86677673,1272148267,181119519
821a5bc78fdd182d,E,18067809,402261856,792564754,1303903178
821a5bc78fdd182d,E,286157180,1255897452,585932459,119162120
821a5bc78fdd182d,E,981415937,472366478,587888547,250507683
821a5bc78fdd182d,E,1239830969,210694386,1711583463,886945559
821a5bc78fdd182d,E,395840838,2051024432,1725373835,754518144
821a5bc78fdd182d,E,1023337837,1234211562,520062683,801649976
821a5bc78fdd182d,E,224040703,1541589176,310013278,1631813849
821a5bc78fdd182d,E,1548217065,1101896923,1940928513,1888736664
821a5bc78fdd182d,E,865184864,868801219,1830472583,1925237782
821a5bc78fdd182d,E,1794172147,1778465084,1619596099,2119500826
821a5bc78fdd182d,E,339532554,643748338,883297007,1184440460
821a5bc78fdd182d,E,405619435,1003239290,1921221940,1232032623
821a5bc78fdd182d,E,1579180114,900862239,853657609,364185922
821a5bc78fdd182d,E,207956796,765694226,1979819785,782903586
821a5bc78fdd182d,E,914931260,1708653821,742502386,1731836169
821a5bc78fdd182d,E,1003678157,1450787396,1143746388,1274605796
821a5bc78fdd182d,E,1552813404,2070180044,161290071,1659806495
821a5bc78fdd182d,E,1116237538,92921639,1346813160,185115087
821a5bc78fdd182d,E,1096014428,2045793258,1644532411,1973326442
821a5bc78fdd182d,F,35565600,1168915268,1304455900,136638381
821a5bc78fdd182d,F,166612861,1820293176,1140194964,1358175340
821a5bc78fdd182d,F,1259207310,502008105,1277726674,1006840241
821a5bc78fdd182d,F,804894889,1054808049,1310437458,1263902223
821a5bc78fdd182d,F,1842316488,1960845927,1958618992,1055737985
821a5bc78fdd182d,F,710739136,1124598317,1986622270,1162354627
821a5bc78fdd182d,F,951288046,859978446,167871014,1227772869
821a5bc78fdd182d,F,1314049604,445926805,1353206561,1386671336
821a5bc78fdd182d,F,138131730,1966040261,325835817,1115554358
821a5bc78fdd182d,F,1633542344,1364558201,1954922272,1590825898
821a5bc78fdd182d,F,975783902,1137363747,2138292053,358859065
821a5bc78fdd182d,F,649274394,1194276413,1529780799,509896439
821a5bc78fdd182d,F,795830654,1856478013,1291565252,1695349035
821a5bc78fdd182d,F,2117386078,967822207,1133469713,674146670
821a5bc78fdd182d,F,803415678,1722042081,1509236166,1079622335
821a5bc78fdd182d,F,1113121567,643756023,1066638456,1073059336
821a5bc78fdd182d,F,1481169483,1026265616,771793154,501430695
821a5bc78fdd182d,F,853743747,1917265364,183640264,410902161
821a5bc78fdd182d,F,160916868,1677686201,31447541,1400956325
821a5bc78fdd182d,F,598210686,840182606,789156138,1881613472
821a5bc78fdd182d,F,865517454,1815187903,1097441151,1805819499
821a5bc78fdd182d,F,1670188099,1510676176,89148355,1712029609
821a5bc78fdd182d,F,862450320,1537156217,394015459,249974522
821a5bc78fdd182d,F,68400412,935479462,1095643869,2013135461
821a5bc78fdd182d,F,100679136,1893982011,724434597,1445221210
821a5bc78fdd182d,F,898980143,1740024072,1367294565,255955178
821a5bc78fdd182d,F,317063677,2087700948,2129126336,1045771455
821a5bc78fdd182d,F,767977489,333269978,98198033,1167939396
821a5bc78fdd182d,F,1274556588,1669241575,2119642385,60022418
821a5bc78fdd182d,F,1228601423,1685657659,366984480,807730074
821a5bc78fdd182d,G,1613945661,1757881075,675000823,1602464682
821a5bc78fdd182d,G,487159871,892662722,1245376055,827804253
821a5bc78fdd182d,G,221120804,2143757118,1801591265,931539944
821a5bc78fdd182d,G,1453696366,1001693256,1570874153,2085989621
821a5bc78fdd182d,G,1187810838,1923494700,1818921735,1111121283
821a5bc78fdd182d,G,894531352,264799759,969567822,453028205
821a5bc78fdd182d,G,1019243145,576627444,60539230,1893653019
821a5bc78fdd182d,G,1635925012,1073095489,777319843,1405923919
821a5bc78fdd182d,G,1526461844,140566338,201237743,1783963433
821a5bc78fdd182d,G,1360794689,1752824811,1243786668,780762932
821a5bc78fdd182d,G,1180450751,1821366026,1682974117,2117339500
821a5bc78fdd182d,G,469919256,1498593582,732766736,1176557487
821a5bc78fdd182d,G,1693654809,1500566546,207423286,1253969290
821a5bc78fdd182d,G,1234745061,1518830281,388986102,1852470766
821a5bc78fdd182d,G,2043750769,1206641944,1678366368,807732982
821a5bc78fdd182d,G,1992839847,1307186439,1168262169,104944507
821a5bc78fdd182d,G,1777940461,2080224779,549686589,883204471
821a5bc78fdd182d,G,579966151,1146476097,824372383,1712061086
821a5bc78fdd182d,G,1595092693,2104289103,1344604543,140099702
821a5bc78fdd182d,G,855393883,301560276,1887941505,770525811
821a5bc78fdd182d,G,304436779,1451883034,109228350,874888690
821a5bc78fdd182d,G,591864439,173137188,1004132056,2126399477
821a5bc78fdd182d,G,725759182,563092430,730797417,1758502316
821a5bc78fdd182d,G,292261015,1690844248,127712819,1755918172
821a5bc78fdd182d,G,571730959,1854883101,284886948,1660985746
821a5bc78fdd182d,G,1743967473,1007967166,1160005557,1019313858
821a5bc78fdd182d,G,1949931875,1324697148,1085967199,269273866
821a5bc78fdd182d,G,1781986858,276208213,404810355,1233596221
821a5bc78fdd182d,G,57588118,1663434133,379566598,739557285
821a5bc78fdd182d,G,1392711506,1211761805,1255692493,771425450
821a5bc78fdd182d,H,268151938,1885220551,1149103304,2126492142
821a5bc78fdd182d,H,1460013359,90778053,1737824657,815902100
821a5bc78fdd182d,H,1006504092,1505154837,1653215600,1637335789
821a5bc78fdd182d,H,1982035971,1346752129,488754520,1664106889
821a5bc78fdd182d,H,274112340,1844313452,1962618481,1272556641
821a5bc78fdd182d,H,673803218,985546816,653397932,286295535
821a5bc78fdd182d,H,2073731734,735612303,1046037593,1109665644
821a5bc78fdd182d,H,1415245508,63577140,900205568,1969183943
821a5bc78fdd182d,H,1107126973,2010143000,1671601366,430296863
821a5bc78fdd182d,H,2059224694,1475456186,977411807,1930859350
821a5bc78fdd182d,H,1559458096,420808843,773373102,1853970805
821a5bc78fdd182d,H,193213293,1090450684,233204643,158490454
821a5bc78fdd182d,H,1933328820,1117182370,1901580531,890169527
821a5bc78fdd182d,H,1717560227,934448208,1506213754,1524007551
821a5bc78fdd182d,H,881400746,1670912170,608931147,1056604428
821a5bc78fdd182d,H,911062561,1629151860,1154908451,763431523
821a5bc78fdd182d,H,1207094482,1724922094,1001164649,470068526
821a5bc78fdd182d,H,1990410284,847430093,854972004,698887157
821a5bc78fdd182d,H,317332227,1179331226,990772571,633747560
821a5bc78fdd182d,H,268340804,1178658639,1788534942,1082232505
821a5bc78fdd182d,H,467086736,494372569,1022860391,2113023980
821a5bc78fdd182d,H,1692238673,532765571,1137019456,497863390
821a5bc78fdd182d,H,1454631834,1736381668,1911337331,1823460390
821a5bc78fdd182d,H,1616961284,161844206,1607280879,1562223468
821a5bc78fdd182d,H,153304555,1507995332,1465235382,1013273419
821a5bc78fdd182d,H,908625914,451242434,394728053,1297052614
821a5bc78fdd182d,H,143762184,1349990284,1977072319,782747163
821a5bc78fdd182d,H,481487607,1466581926,949089521,19609902
821a5bc78fdd182d,H,1354635606,389302641,1049785601,1229823560
821a5bc78fdd182d,H,776885103,710357655,1732463817,1351754862
821a5bc78fdd182d,I,1809659667,986362505,174035234,442715840
821a5bc78fdd182d,I,177916121,851338654,477358686,679840640
821a5bc78fdd182d,I,119215839,1850685332,754481088,310177802
821a5bc78fdd182d,I,380477140,1356860004,1577373913,179235540
821a5bc78fdd182d,I,2121791508,734390854,638900770,1254393974
821a5bc78fdd182d,I,808272561,470483397,159284492,1119277415
821a5bc78fdd182d,I,2140037154,417422744,373317741,1973202019
821a5bc78fdd182d,I,642780937,610832547,1698426484,1991455903
821a5bc78fdd182d,I,1666893489,982079028,1240871094,164064759
821a5bc78fdd182d,I,90262253,445101358,1962042704,2141159832
821a5bc78fdd182d,I,1471309264,1219505004,358079710,1872183295
821a5bc78fdd182d,I,282790221,1870377964,546030655,1188553042
821a5bc78fdd182d,I,1433350720,2114213550,1910329157,1769384209
821a5bc78fdd182d,I,694483114,377337482,673193584,602717301
821a5bc78fdd182d,I,1022882973,2007153300,843858080,1079944303
821a5bc78fdd182d,I,759013148,449005702,2119299572,682104962
821a5bc78fdd182d,I,529664077,1445591903,1079162783,891106426
821a5bc78fdd182d,I,1859509540,1110505082,1882101247,2022696650
821a5bc78fdd182d,I,290094775,426189040,300003020,30102348
821a5bc78fdd182d,I,705679035,1270605227,73402525,693522227
821a5bc78fdd182d,I,1650468989,1992613988,759816332,1727259160
821a5bc78fdd182d,I,1534370361,1591023289,1378148115,251512904
821a5bc78fdd182d,I,494323560,717369295,1882504888,1669517688
821a5bc78fdd182d,I,627531198,2032276699,314871776,451193761
821a5bc78fdd182d,I,2078527709,441026731,504262061,1180800264
821a5bc78fdd182d,I,1668291892,523477309,1878299059,1948713253
821a5bc78fdd182d,I,2044820164,2129116150,1576611437,41780284
821a5bc78fdd182d,I,1606911883,1111856696,373792493,1059176536
821a5bc78fdd182d,I,813322110,606054817,713965285,218606835
821a5bc78fdd182d,I,332718830,660368812,1543664150,310785592
821a5bc78fdd182d,J,1892427106,447309666,1552449509,1607713826
821a5bc78fdd182d,J,49896717,928514971,1593142210,1957779213
821a5bc78fdd182d,J,2120937555,1708629394,1237081447,264506035
821a5bc78fdd182d,J,1001563043,2097236145,676361329,517463885
821a5bc78fdd182d,J,1221968781,330433297,760093962,1888294280
821a5bc78fdd182d,J,658051005,1022330136,1376842798,1090276592
821a5bc78fdd182d,J,2074632770,1067592530,1531472109,1609561966
821a5bc78fdd182d,J,1897571573,1853574109,1403614677,733418415
821a5bc78fdd182d,J,1920542993,1731187209,2142710786,1373602125
821a5bc78fdd182d,J,2022236214,353996657,783593238,212488731
821a5bc78fdd182d,J,695595119,913774298,2134977669,205370406
821a5bc78fdd182d,J,502815514,917388708,1348140481,1669107052
821a5bc78fdd182d,J,782307186,1012387214,1658886977,32469202
821a5bc78fdd182d,J,849673688,1582837798,246885130,1077144065
821a5bc78fdd182d,J,115552472,313501331,2059504090,1210574643
821a5bc78fdd182d,J,2076367864,449046695,1364712600,2028176470
821a5bc78fdd182d,J,1932329500,122775856,146226726,2085978628
821a5bc78fdd182d,J,1912785805,1509381641,1076328894,1476308926
821a5bc78fdd182d,J,1187815547,549048869,1670666251,323060806
821a5bc78fdd182d,J,446379968,1454569314,997853930,60227287
821a5bc78fdd182d,J,734703192,1195380835,71416504,535458453
821a5bc78fdd182d,J,668853548,1516247493,1206673684,1414808852
821a5bc78fdd182d,J,1515277890,238183748,445459604,1409071002
821a5bc78fdd182d,J,250385280,379725080,1647340229,573544410
821a5bc78fdd182d,J,2094447081,1374806606,1247377951,705001973
821a5bc78fdd182d,J,467023056,946049631,766571515,645565533
821a5bc78fdd182d,J,758298555,940795099,103068642,543731078
821a5bc78fdd182d,J,863642938,1518567882,747791651,611485003
821a5bc78fdd182d,J,1582630702,1282846616,1535278848,963732383
821a5bc78fdd182d,J,1607908001,349924190,560194736,477315200
821a5bc78fdd182d,K,1808479419,1566997676,1722716532,523707735
821a5bc78fdd182d,K,611944935,1840447266,2076583035,1190732056
821a5bc78fdd182d,K,1982084290,312552570,1397824135,145197636
821a5bc78fdd182d,K,2130101892,1716552408,2129029231,2105148491
821a5bc78fdd182d,K,41083757,1332607347,1189014596,881588191
821a5bc78fdd182d,K,1481603106,2042047368,2126398249,633238408
821a5bc78fdd182d,K,79442909,1629417495,479490825,2021669539
821a5bc78fdd182d,K,1389851085,824533663,1974099300,834459611
821a5bc78fdd182d,K,1356178258,1955523476,1170521835,2056967309
821a5bc78fdd182d,K,769736920,263373263,681703191,1403244543
821a5bc78fdd182d,K,1826850532,1611485028,1964662445,114698322
821a5bc78fdd182d,K,1010220061,650711409,1537825686,1815024981
821a5bc78fdd182d,K,413569236,153804561,1617421761,1664524928
821a5bc78fdd182d,K,1930561847,269949896,1460362458,1191565283
821a5bc78fdd182d,K,155905756,975390520,96883157,660366060
821a5bc78fdd182d,K,405571556,622219131,825734225,12224988
821a5bc78fdd182d,K,300840573,1052598310,818662367,1681890472
821a5bc78fdd182d,K,201601110,1837280877,767739445,1423790761
821a5bc78fdd182d,K,1830578379,1852101875,1827321324,1490653954
821a5bc78fdd182d,K,876558612,2068898200,692053416,987643378
821a5bc78fdd182d,K,325989696,494434189,1025644591,1640868815
821a5bc78fdd182d,K,593124120,1015858133,1757902345,1537454329
821a5bc78fdd182d,K,1371892247,1866559006,681602862,116462603
821a5bc78fdd182d,K,204896732,720276282,2053095977,1448776435
821a5bc78fdd182d,K,435752049,70282317,61920428,1112450980
821a5bc78fdd182d,K,1453860679,372946416,585476449,640144875
821a5bc78fdd182d,K,406591632,804853293,1640977142,1696751190
821a5bc78fdd182d,K,1789083485,2060474870,1983100976,286393570
821a5bc78fdd182d,K,1885236629,1927175731,2059939969,874174990
821a5bc78fdd182d,K,1826978010,416457388,1433679529,181201153
821a5bc78fdd182d,L,1673521542,135186839,1210925118,1730506637
821a5bc78fdd182d,L,1011381780,329747069,1780339937,1842464815
821a5bc78fdd182d,L,1336688736,716022152,447013086,294950110
821a5bc78fdd182d,L,219535135,1253549479,1204501486,260683785
821a5bc78fdd182d,L,24172501,2097119076,1013760450,453462353
821a5bc78fdd182d,L,88729654,1754633487,190674911,1615051989
821a5bc78fdd182d,L,2116973664,650926758,916219766,131681011
821a5bc78fdd182d,L,1420541478,163407284,294028967,355646033
821a5bc78fdd182d,L,1957649069,1496937924,540455678,2096238061
821a5bc78fdd182d,L,2015728703,689728097,1797661669,1066532844
821a5bc78fdd182d,L,2043900198,1777484716,1494451922,950712643
821a5bc78fdd182d,L,1957442355,770870454,1512816926,1331825133
821a5bc78fdd182d,L,482982279,1490502902,1929509857,870222635
821a5bc78fdd182d,L,728300561,30903971,854596419,718498004
821a5bc78fdd182d,L,262061530,651559785,2029426124,1278046924
821a5bc78fdd182d,L,1185655810,1518530610,1360934624,427570538
821a5bc78fdd182d,L,843183364,736120833,49114828,1351512273
821a5bc78fdd182d,L,2012657816,621541832,1500100760,777169163
821a5bc78fdd182d,L,1425005958,1530746258,702128042,213020555
821a5bc78fdd182d,L,777893449,1876073185,735173588,66506656
821a5bc78fdd182d,L,2142982007,1003348027,270256563,1256231811
821a5bc78fdd182d,L,211624671,801879118,2103164258,1727415907
821a5bc78fdd182d,L,1413255001,658818344,506592812,138132675
821a5bc78fdd182d,L,569129229,288139956,168586902,1554897205
821a5bc78fdd182d,L,834896600,1858228573,68085033,19024306
821a5bc78fdd182d,L,399225393,782151256,1617654517,169213088
821a5bc78fdd182d,L,906348291,1540653388,1027636473,1311364785
821a5bc78fdd182d,L,772504364,803167805,324861035,1056566023
821a5bc78fdd182d,L,1530849874,687052459,1922402681,1465279712
821a5bc78fdd182d,L,451943926,1087448937,1897695097,23859661
365920a6d286f713,A,690718028,651414016,813989060,412065945
365920a6d286f713,A,220601190,997917660,488489938,94614996
365920a6d286f713,A,222494558,249350652,591347831,69419435
365920a6d286f713,A,1678752388,1710751845,262872460,836009892
365920a6d286f713,A,50635319,1897561354,1688040687,533198367
365920a6d286f713,A,1129302120,1843866517,226879055,1654534802
365920a6d286f713,A,790189494,666885320,376744746,2121386354
365920a6d286f713,A,979765037,1459149066,266515841,1237745411
365920a6d286f713,A,2088541375,1545018288,1140241345,1899900997
365920a6d286f713,A,432615084,247101828,441832543,396063436
365920a6d286f713,A,1928380581,1654754510,900826013,1443797154
365920a6d286f713,A,698286424,511682309,1533475309,1709038377
365920a6d286f713,A,2080675350,699727392,2104959057,2017611281
365920a6d286f713,A,1788525208,1505617175,697664372,570055742
365920a6d286f713,A,1275414872,1037122993,842016875,1777217414
365920a6d286f713,A,1808894733,997048278,23707727,743742956
365920a6d286f713,A,886412077,807074540,286433315,1572846859
365920a6d286f713,A,2128989820,1447409382,267644753,442752475
365920a6d286f713,A,859601872,520169658,1832750881,1653108168
365920a6d286f713,A,1319893354,1733327653,2100944814,420454540
365920a6d286f713,A,2037864975,2039447196,494935204,556927784
365920a6d286f713,A,1248023288,835893590,1705054025,458858364
365920a6d286f713,A,31701820,1494886460,634138665,2101731773
365920a6d286f713,A,1695513568,1215295372,832801820,1570111898
365920a6d286f713,A,1183078617,954550976,1500435577,145925506
365920a6d286f713,A,850538557,732535284,588260566,1228566099
365920a6d286f713,A,1234028080,935006443,986914908,1980013592
365920a6d286f713,A,1008458240,1976222821,1641562998,620805307
365920a6d286f713,A,2110130366,1338777253,1544066330,1953227192
365920a6d286f713,A,2100837923,1766862824,1049243586,1246839516
365920a6d286f713,B,846174298,1827162287,366678932,1489695891
365920a6d286f713,B,761055799,708080189,976108698,1587571628
365920a6d286f713,B,2011370245,781363507,1289418024,400905687
365920a6d286f713,B,69948422,1883799666,1141845578,766482792
365920a6d286f713,B,1870626420,1616728848,1504672959,814064737
365920a6d286f713,B,769651486,1683095491,171834817,1370258414
365920a6d286f713,B,1309845631,1919941221,1055113762,1169314980
365920a6d286f713,B,1619836523,1208372685,1276527053,527473961
365920a6d286f713,B,539627816,201782511,1491936616,377116530
365920a6d286f713,B,1251639636,110253476,610375488,1264786780
365920a6d286f713,B,1669239251,365125614,51762287,1635056152
365920a6d286f713,B,2057248366,1673863253,1831259297,1967702475
365920a6d286f713,B,225737905,1670043330,1421490420,258627376
365920a6d286f713,B,442306427,1851309022,685993758,1186503283
365920a6d286f713,B,324412217,972940176,2120564564,1405917343
365920a6d286f713,B,519470305,678961616,1345663109,250849091
365920a6d286f713,B,900034877,1196870064,1938756799,1248120878
365920a6d286f713,B,1826323174,384057621,1642979276,1843380261
365920a6d286f713,B,2113557940,1753497376,1050122249,1246829857
365920a6d286f713,B,147744417,1765145392,1855734257,916797589
365920a6d286f713,B,1078628790,191536269,276716545,1086941984
365920a6d286f713,B,1319989172,1002015908,1740978504,55130086
365920a6d286f713,B,821526454,188803592,1659693141,1097831339
365920a6d286f713,B,207539204,1862018617,1078884288,697539198
365920a6d286f713,B,1820332767,1856743690,2093447706,992913227
365920a6d286f713,B,257069373,499268737,1455191126,1574747342
365920a6d286f713,B,163314703,1774182008,363050818,376646219
365920a6d286f713,B,1075261123,1940261480,1121006300,1936165433
365920a6d286f713,B,1199080067,636709393,85802768,1093967960
365920a6d286f713,B,215495356,1989868447,911119346,438718084
365920a6d286f713,C,208105726,1873485292,1807093165,355270572
365920a6d286f713,C,877866160,1689179726,827462043,1813126197
365920a6d286f713,C,1171659240,466709789,51288905,1193551802
365920a6d286f713,C,754989315,590993924,860971804,973090082
365920a6d286f713,C,2032112070,696878807,1739836557,1865755787
365920a6d286f713,C,773843619,165225525,817411053,921951421
365920a6d286f713,C,1139236307,1661806795,392264437,1414187942
365920a6d286f713,C,1688705671,2076731432,1901084541,78360772
365920a6d286f713,C,1293897306,1228574418,368602847,1572323104
365920a6d286f713,C,38027914,1656219101,1467766297,1954635570
365920a6d286f713,C,1654104406,704527560,137321595,521372788
365920a6d286f713,C,2112989804,933519158,486122642,1690221296
365920a6d286f713,C,1587660316,38536787,151933512,2071934927
365920a6d286f713,C,1965713109,574101764,1194813237,1538330618
365920a6d286f713,C,1050191598,1474660628,264510053,421030629
365920a6d286f713,C,989301744,210376066,2037547450,1641534315
365920a6d286f713,C,704734422,1358518161,1577291178,732872917
365920a6d286f713,C,1717028044,331772361,2050538008,1311810959
365920a6d286f713,C,1394002106,361824992,1187464472,1467777539
365920a6d286f713,C,567400061,10320654,515938955,1180533087
365920a6d286f713,C,241233669,1494500633,1073568688,243108516
365920a6d286f713,C,1688602657,81870412,993635663,816928425
365920a6d286f713,C,1916374481,1292079049,908606459,861286178
365920a6d286f713,C,1457118033,2072668300,1984321201,514500762
365920a6d286f713,C,829895221,192342872,1996680398,708889244
365920a6d286f713,C,1645572037,2069177933,751431658,2059669294
365920a6d286f713,C,1552195649,718205009,518594689,204441183
365920a6d286f713,C,1734171851,1336821276,1375144806,1805881961
365920a6d286f713,C,344968587,1140813283,632440122,225099272
365920a6d286f713,C,1901655034,267149513,1006155861,1620390449
365920a6d286f713,D,961222604,742683611,1514596714,563524772
365920a6d286f713,D,542240496,393446765,1689567678,1042643384
365920a6d286f713,D,920951094,93794711,215291535,148086626
365920a6d286f713,D,1692758109,1562959539,2048276286,792332141
365920a6d286f713,D,574985255,1341471650,530315171,1195340365
365920a6d286f713,D,290098079,1478353837,682236568,512588393
365920a6d286f713,D,335391177,517767505,1670716415,718301676
365920a6d286f713,D,837665357,812062398,926259344,806787332
365920a6d286f713,D,32557455,425555314,1142538893,1300376814
365920a6d286f713,D,847272989,95973044,1235212097,577489392
365920a6d286f713,D,2010019893,307789331,1210793059,184538023
365920a6d286f713,D,1724205966,174168476,248773144,761544521
365920a6d286f713,D,84977940,1002159647,652491725,1890874787
365920a6d286f713,D,168064473,207314830,1568325922,940177709
365920a6d286f713,D,1508327431,280966897,259053243,1383797248
365920a6d286f713,D,413774832,505135948,1679850643,1206635243
365920a6d286f713,D,1324147816,1360709086,1921418073,905622737
365920a6d286f713,D,739509228,386466625,1493051450,1402240660
365920a6d286f713,D,28083213,1976892414,2116387110,1631018973
365920a6d286f713,D,637699925,541055921,1932300283,2025714817
365920a6d286f713,D,1476705885,1545307,1514257394,437989227
365920a6d286f713,D,1972960477,1479872488,323008289,265981743
365920a6d286f713,D,1940662074,232120523,958203687,2115704382
365920a6d286f713,D,555842511,411289119,116557552,1610370607
365920a6d286f713,D,1038175679,746873971,920031983,84309637
365920a6d286f713,D,2024989259,543077828,218184810,834820112
365920a6d286f713,D,265299923,308162212,1438412854,1783061628
365920a6d286f713,D,1445273168,1680796198,2092207986,979450269
365920a6d286f713,D,742273523,1110696150,1223621065,542408705
365920a6d286f713,D,365177377,340724703,1519443387,1213933382
365920a6d286f713,E,1037284943,1994305623,835937846,187047060
365920a6d286f713,E,1649354578,120576859,748812044,1739172859
365920a6d286f713,E,1770414946,1460619267,1435045595,1030095860
365920a6d286f713,E,2124983248,1216058687,1374221706,1516682380
365920a6d286f713,E,712837325,1588158725,1599209851,1817148995
365920a6d286f713,E,552037005,719905670,805717668,484367260
365920a6d286f713,E,1891461205,1442537226,1716231181,2024735720
365920a6d286f713,E,1091949869,839015385,573828675,1483312043
365920a6d286f713,E,1927767642,196042717,1007097112,20469482
365920a6d286f713,E,777467581,1082719056,1613895672,2106531387
365920a6d286f713,E,808449183,944417753,1792720897,2053968263
365920a6d286f713,E,719593832,1499264575,544841307,104533883
365920a6d286f713,E,1406777903,63495014,2124421714,1563150731
365920a6d286f713,E,231043904,508499611,2008797261,939258101
365920a6d286f713,E,1598765759,1129515000,107713275,1816535591
365920a6d286f713,E,1843968886,1583987469,979352400,147246454
365920a6d286f713,E,1228903693,1558655671,1754903906,444067669
365920a6d286f713,E,1834991946,390174162,372695424,1942185876
365920a6d286f713,E,843678804,952455252,2028955173,1625130871
365920a6d286f713,E,1427077797,1833680346,1254475532,929346202
365920a6d286f713,E,281628638,1344615592,2013707953,259736753
365920a6d286f713,E,1455201092,935203278,570937423,508737189
365920a6d286f713,E,198248017,1502414747,394617271,551859906
365920a6d286f713,E,939798107,308929957,783962982,625240793
365920a6d286f713,E,171226984,1623176969,759331990,2006341411
365920a6d286f713,E,1075626783,209884969,44932071,271814000
365920a6d286f713,E,1645861306,195481673,702833196,537992264
365920a6d286f713,E,738835131,1980278322,438157634,1017566508
365920a6d286f713,E,795269276,1809463946,1925373499,818635231
365920a6d286f713,E,2016889947,1500251259,1637229379,235688395
365920a6d286f713,F,797685388,185076404,2071727677,1714981237
365920a6d286f713,F,1485557890,2092654940,158155880,1515388053
365920a6d286f713,F,1952872322,39131068,141216070,865004242
365920a6d286f713,F,1688974539,2128542499,1094999036,1846163648
365920a6d286f713,F,1454994721,2089515191,365184181,100151716
365920a6d286f713,F,1727346623,877366048,1763636049,82309354
365920a6d286f713,F,1081037306,471500834,979156709,1102163066
365920a6d286f713,F,820079509,477644005,1856854662,330794589
365920a6d286f713,F,1376591678,41889556,535313887,1716781937
365920a6d286f713,F,486052691,615353406,1351690411,1418293954
365920a6d286f713,F,1097507337,481343963,38520004,1255012628
365920a6d286f713,F,377006235,388123655,1574138424,1583883407
365920a6d286f713,F,944177014,1752236027,1507011675,201695819
365920a6d286f713,F,27057891,388883963,1464614084,845370555
365920a6d286f713,F,796007306,810424573,270756433,1715494640
365920a6d286f713,F,21252452,1235209813,2114340432,446820328
365920a6d286f713,F,398275143,264522513,591737801,1059254613
365920a6d286f713,F,1172199102,1274654909,1847012673,886608866
365920a6d286f713,F,53267554,1429779303,1358841520,1190130435
365920a6d286f713,F,1095649523,643206294,99179414,820688957
365920a6d286f713,F,1731142668,978410219,163531930,283833250
365920a6d286f713,F,453435308,392001274,1149130782,1238420494
365920a6d286f713,F,1604321042,1970859865,462748105,812813692
365920a6d286f713,F,1447489713,1035371223,770209651,181290532
365920a6d286f713,F,996849961,795921204,1217727408,2141289917
365920a6d286f713,F,842782493,216653008,372384716,1477401877
365920a6d286f713,F,1259739509,53877301,1702248720,156548847
365920a6d286f713,F,1508659553,1516433444,1374192144,1587014442
365920a6d286f713,F,1485903164,1123347283,588455938,1896661545
365920a6d286f713,F,7921079,1433217981,1229294902,1466859432
365920a6d286f713,G,598648263,1211400943,1453341486,634878750
365920a6d286f713,G,813418629,2037914250,326594804,1111333488
365920a6d286f713,G,1646044814,1230432631,305162754,1177833449
365920a6d286f713,G,1799315053,1993512928,597116075,695778101
365920a6d286f713,G,431981137,1444799703,512704279,1691498649
365920a6d286f713,G,1658391990,2120813208,1379704594,1982149996
365920a6d286f713,G,30142296,1161436352,1102707764,563408552
365920a6d286f713,G,1620538239,1188758182,1044515290,1540931440
365920a6d286f713,G,427355531,975177709,532714848,449629163
365920a6d286f713,G,2122880913,1851548064,1558545066,606133624
365920a6d286f713,G,1169652401,1903930460,1044477495,826343619
365920a6d286f713,G,415741882,522695327,1360993180,1282097453
365920a6d286f713,G,1527874028,1267538983,85885128,340993850
365920a6d286f713,G,1524480957,128814970,1334044294,1713207410
365920a6d286f713,G,954982238,696260826,116868841,630718967
365920a6d286f713,G,173005627,2039732505,153967383,1232566645
365920a6d286f713,G,305117604,1578006913,123631821,1012692531
365920a6d286f713,G,323959758,118320219,214751228,1912390256
365920a6d286f713,G,1138334335,348337373,2096341626,95389969
365920a6d286f713,G,2056194158,1822892115,2078135814,1845302308
365920a6d286f713,G,1423515438,1121433245,106824587,651798984
365920a6d286f713,G,46259602,1805600211,84629302,1757165100
365920a6d286f713,G,1701987674,1363471228,524078797,1146769356
365920a6d286f713,G,989849552,1444763450,2050364192,1173912688
365920a6d286f713,G,1726241758,131991444,1444776650,1527649766
365920a6d286f713,G,1554487301,1827633176,1955033739,1491634369
365920a6d286f713,G,471579909,620569171,1010873389,531240965
365920a6d286f713,G,1855128000,896210090,965173877,706838628
365920a6d286f713,G,1835879662,1925142960,969760793,1843164723
365920a6d286f713,G,2134307,422177693,256991327,1130177427
365920a6d286f713,H,1305959294,666674847,951245140,659048191
365920a6d286f713,H,2059979489,1104826619,898752893,536050055
365920a6d286f713,H,1586751701,2024122865,234842321,1835535224
365920a6d286f713,H,1032557836,1371529014,2139185107,1382591091
365920a6d286f713,H,365382498,567900676,140262729,708633133
365920a6d286f713,H,1972198141,2123339852,1876971564,1317106236
365920a6d286f713,H,265326741,665243616,1628488122,1976711498
365920a6d286f713,H,2122397780,847518166,918304760,39760034
365920a6d286f713,H,974135095,1177166887,1336547741,735757940
365920a6d286f713,H,775197528,1713222634,1846647230,1401228879
365920a6d286f713,H,1252443612,1071215611,1560138218,1995527326
365920a6d286f713,H,2078204029,423735973,2141436593,755221061
365920a6d286f713,H,786569034,1996341057,1047180087,1114043723
365920a6d286f713,H,1951878381,1015498437,1720280188,1791253749
365920a6d286f713,H,1531593938,1740047563,1084723163,514869542
365920a6d286f713,H,738665922,565284802,1787130446,1737531312
365920a6d286f713,H,310292766,603562079,53951271,1497497565
365920a6d286f713,H,424817206,1873204937,973051434,1715779430
365920a6d286f713,H,599478155,324616979,106174799,2018807222
365920a6d286f713,H,1189545644,991233612,401622775,1221873412
365920a6d286f713,H,1663343544,979653893,1932539210,1594632117
365920a6d286f713,H,648518500,1998775174,1440834993,1656112911
365920a6d286f713,H,981841069,1985563115,1633853532,907066220
365920a6d286f713,H,1628341557,237815461,487238216,1064159028
365920a6d286f713,H,576932392,1336580777,1322432714,1279520289
365920a6d286f713,H,1437593854,979634291,792330885,192061082
365920a6d286f713,H,899646278,849719563,745290302,1220660085
365920a6d286f713,H,721747527,70143611,34977464,1214437189
365920a6d286f713,H,1644985054,1822881389,1262578142,51552493
365920a6d286f713,H,1154576396,871513836,181002034,730844914
365920a6d286f713,I,15174353,44986220,1171393080,233578300
365920a6d286f713,I,1081910698,169713282,1950207320,20101797
365920a6d286f713,I,2063314926,1531730237,658391208,1724946466
365920a6d286f713,I,133399739,65620189,881386508,1890943928
365920a6d286f713,I,913189991,817516552,1656196090,1664877128
365920a6d286f713,I,33364666,215887561,418365419,1024131205
365920a6d286f713,I,1360498637,651261144,2069969562,1506180406
365920a6d286f713,I,731570969,507676086,1488731267,438261660
365920a6d286f713,I,617284655,919172699,174229677,1250554515
365920a6d286f713,I,1357405854,1731568600,735807943,1977883588
365920a6d286f713,I,655809732,1853799368,1581415369,629714197
365920a6d286f713,I,342665083,410590632,131375617,1398260379
365920a6d286f713,I,647402166,1946144250,492001139,701177270
365920a6d286f713,I,541624948,1095759504,719667489,179410000
365920a6d286f713,I,436754743,161596489,893781977,1719491527
365920a6d286f713,I,605474030,95302925,1033007156,542681088
365920a6d286f713,I,1180898080,919631847,1913998375,1325999333
365920a6d286f713,I,1511901989,335475836,1987038183,822069318
365920a6d286f713,I,92778115,162935445,1545729283,214304892
365920a6d286f713,I,193518561,157410756,2037479708,1725104489
365920a6d286f713,I,950005945,1698818781,1485539768,1197116294
365920a6d286f713,I,1536792251,617975942,1494419130,652229832
365920a6d286f713,I,364862188,969565192,221980676,1158089685
365920a6d286f713,I,1130653302,937795171,243490718,1098366461
365920a6d286f713,I,1785688392,1352619440,1271285559,969971988
365920a6d286f713,I,556797777,32959220,1097971021,1697644684
365920a6d286f713,I,1800976922,697390551,2140011461,1346815599
365920a6d286f713,I,726581174,1413702298,1093055117,79807093
365920a6d286f713,I,409440052,1423152699,2100568959,1587640737
365920a6d286f713,I,1257100059,1969668716,1083261426,2082436379
365920a6d286f713,J,550910522,59866992,270134355,2028192300
365920a6d286f713,J,1750055848,572536914,1863172496,781584605
365920a6d286f713,J,1494329796,755050835,916717636,1673152209
365920a6d286f713,J,804019884,845322216,335980192,450739479
365920a6d286f713,J,1921228582,1845121354,739631071,2046882940
365920a6d286f713,J,18480293,1122805550,168971759,1831806587
365920a6d286f713,J,1140689938,136446532,1030606486,351535002
365920a6d286f713,J,1288890189,1486972900,767781821,364822388
365920a6d286f713,J,1329833562,1761488317,1282876830,1254534199
365920a6d286f713,J,941389180,154666403,1980949309,1939106768
365920a6d286f713,J,1589585921,1518761543,1494810311,1203320932
365920a6d286f713,J,967179277,558091429,1591728834,618405321
365920a6d286f713,J,825684389,1851817543,1883524244,1701590763
365920a6d286f713,J,1677888270,289137530,1420882141,2011457475
365920a6d286f713,J,1703267375,723877296,830487474,480432833
365920a6d286f713,J,1334732926,1750472272,1429495153,309985143
365920a6d286f713,J,2024963739,770294774,897703513,867498387
365920a6d286f713,J,1203011055,2118698371,2104305042,2034964877
365920a6d286f713,J,1750903283,789806932,1177640112,1523483009
365920a6d286f713,J,242986186,1518344872,1688479384,89630966
365920a6d286f713,J,1590514952,470948060,702988866,492204696
365920a6d286f713,J,1547438558,377795391,976373964,1732574384
365920a6d286f713,J,2134281615,1715963934,127224598,919743254
365920a6d286f713,J,996574140,41289763,1668488608,441004736
365920a6d286f713,J,1455223048,992054222,333110662,12646718
365920a6d286f713,J,730086744,801845893,204608349,723198667
365920a6d286f713,J,509582289,1522383240,1963172566,895242107
365920a6d286f713,J,1910124369,1744362358,1419735114,24538295
365920a6d286f713,J,721837996,849484684,2076999264,291146251
365920a6d286f713,J,1080883481,2136569097,1086408255,718137647
365920a6d286f713,K,1768891170,1498956974,1319989599,997290882
365920a6d286f713,K,1130573263,1874407949,102959816,475700976
365920a6d286f713,K,900944913,846766784,317738608,273172659
365920a6d286f713,K,1299634495,612910295,1735760244,2029593981
365920a6d286f713,K,377711260,1947219556,265234010,210584406
365920a6d286f713,K,638580284,299770771,238754700,1030144230
365920a6d286f713,K,1847956696,248096233,60937986,650917735
365920a6d286f713,K,46915348,1376816243,1484233954,573216424
365920a6d286f713,K,1083701435,828814112,26075201,200809180
365920a6d286f713,K,1799969801,977982220,1467087997,1192400011
365920a6d286f713,K,234458638,2014818531,1808842597,905443911
365920a6d286f713,K,134483876,601980242,888318933,7541535
365920a6d286f713,K,1114888951,209615719,1877965430,1804840734
365920a6d286f713,K,910506831,849072500,1490799153,1055069221
365920a6d286f713,K,1728850643,1777961069,2033057624,223923169
365920a6d286f713,K,502521501,1614094949,686564005,241044040
365920a6d286f713,K,415294595,1142595705,382641390,339155785
365920a6d286f713,K,992212094,2031552706,1136385630,1150182872
365920a6d286f713,K,795146553,894742783,65368951,434135197
365920a6d286f713,K,134198781,1010553573,834449467,1060860138
365920a6d286f713,K,661486318,1206806773,515430257,454105307
365920a6d286f713,K,1788684937,1073864730,709642549,1635061018
365920a6d286f713,K,1550681090,1138425805,1062373382,1714718629
365920a6d286f713,K,1206010069,656879221,598968542,1989462189
365920a6d286f713,K,1826299548,1128436774,1623082393,1035505745
365920a6d286f713,K,1753872607,1669653722,1424365047,2084893394
365920a6d286f713,K,1182862973,792576456,1061592343,1938365731
365920a6d286f713,K,568589733,181424678,412060451,1919120874
365920a6d286f713,K,943329650,26053544,648134733,1268602492
365920a6d286f713,K,941417890,1544715251,1050326771,2015248327
365920a6d286f713,L,669286791,842223500,2016896862,1245703536
365920a6d286f713,L,186713784,1528894458,954025748,110763220
365920a6d286f713,L,657811755,1740431553,2005984397,176321708
365920a6d286f713,L,1288002574,1449567192,2101120264,366286685
365920a6d286f713,L,1420189663,1972132295,1281162078,986060617
365920a6d286f713,L,1228776238,1324104490,275460220,277869933
365920a6d286f713,L,122674063,641607326,298851757,498279343
365920a6d286f713,L,2102945764,137149596,1049678840,1696302776
365920a6d286f713,L,1519084436,132302346,994168564,1098787098
365920a6d286f713,L,2081782950,950533375,2133328884,1480673810
365920a6d286f713,L,1284077397,1295153957,728513448,55400678
365920a6d286f713,L,134348710,2133316762,514650642,1568666351
365920a6d286f713,L,1695575347,1822159537,572872323,1335210646
365920a6d286f713,L,515183729,1130190056,1032265209,2015209882
365920a6d286f713,L,1573063089,1752689078,145822463,457480054
365920a6d286f713,L,1964092628,1557003961,1671035257,88727203
365920a6d286f713,L,1898762407,1991682049,422493212,1627799286
365920a6d286f713,L,526067587,177487252,3340681,2052910521
365920a6d286f713,L,957448901,319608844,383077962,1382149866
365920a6d286f713,L,1547436607,2121653869,2056857744,1694759864
365920a6d286f713,L,958509862,1157406385,298433640,1082239986
365920a6d286f713,L,525367921,1772555891,1120318047,1886675931
365920a6d286f713,L,1573580938,748379969,2085448802,636383872
365920a6d286f713,L,56880199,1603379214,406986564,2054236723
365920a6d286f713,L,2028466218,1917272831,1295198487,1840006534
365920a6d286f713,L,1372495792,800263841,32571213,1241697416
365920a6d286f713,L,1065074036,151710544,1361663044,394376665
365920a6d286f713,L,565096361,1520556208,1032826750,944546689
365920a6d286f713,L,475814737,1621326775,1625332263,1837133064
365920a6d286f713,L,488558688,336957393,1316713922,1461547496
10a57c44ccc0c7dc,A,1763595761,1986625261,810421877,1341243807
10a57c44ccc0c7dc,A,44214005,2088527562,377708355,1295767722
10a57c44ccc0c7dc,A,561431993,768208615,1828112363,976814577
10a57c44ccc0c7dc,A,523726572,2042608906,548534899,2020669945
10a57c44ccc0c7dc,A,1461437356,1350575238,1743833389,1338293590
10a57c44ccc0c7dc,A,1370642163,1347982153,205571969,511324269
10a57c44ccc0c7dc,A,1877241634,1931413502,669193485,1272235487
10a57c44ccc0c7dc,A,1181387538,698821757,1292435425,2021189587
10a57c44ccc0c7dc,A,626767667,1063226709,311658081,2022902894
10a57c44ccc0c7dc,A,1173263919,220753593,287679942,647000236
10a57c44ccc0c7dc,A,966357766,193113942,711607754,1529957320
10a57c44ccc0c7dc,A,1379570612,743741588,1748625421,1992065668
10a57c44ccc0c7dc,A,2057175735,1840035156,1014522040,741388529
10a57c44ccc0c7dc,A,688320266,591965069,97641991,1435654684
10a57c44ccc0c7dc,A,820578104,784194430,333809451,603309500
10a57c44ccc0c7dc,A,788205702,1985763983,220488549,1477645123
10a57c44ccc0c7dc,A,935407264,1234377471,1323457465,2051280264
10a57c44ccc0c7dc,A,1996578531,598980531,2027601049,860908666
10a57c44ccc0c7dc,A,1113779350,802384778,540665179,45295289
10a57c44ccc0c7dc,A,1076513868,2105847711,600583478,474683502
10a57c44ccc0c7dc,A,612465505,973053838,1322229510,1707827939
10a57c44ccc0c7dc,A,327144484,1891129750,730122218,58206302
10a57c44ccc0c7dc,A,911316252,1371491434,1660301879,1727107110
10a57c44ccc0c7dc,A,1707375322,197520256,260026755,1778549974
10a57c44ccc0c7dc,A,706576993,493295617,1422647723,1116610122
10a57c44ccc0c7dc,A,620645351,1207419389,1990864380,2081313419
10a57c44ccc0c7dc,A,1610892729,963348955,390129192,279564216
10a57c44ccc0c7dc,A,2083467786,1789984002,762005449,769302232
10a57c44ccc0c7dc,A,357078049,1341310445,2094059411,299369691
10a57c44ccc0c7dc,A,2115588745,2086894043,773348892,1323699933
10a57c44ccc0c7dc,B,1283039135,880518086,541889486,360429771
10a57c44ccc0c7dc,B,746278897,1186355670,533857907,1462305709
10a57c44ccc0c7dc,B,1650610332,1699296925,1416718621,475857377
10a57c44ccc0c7dc,B,390570711,1178868550,1321274381,3407691
10a57c44ccc0c7dc,B,2047532832,1073471483,1291753441,1699905546
10a57c44ccc0c7dc,B,2008916350,807372404,646323861,1950956086
10a57c44ccc0c7dc,B,1992372332,1683410575,1478644949,933268017
10a57c44ccc0c7dc,B,1432991656,257520732,1246234021,1115513647
10a57c44ccc0c7dc,B,390477362,2063663196,1545910217,130662850
10a57c44ccc0c7dc,B,312332665,637352908,348154440,1116230964
10a57c44ccc0c7dc,B,1201299753,2113571635,1200038496,629146489
10a57c44ccc0c7dc,B,101356479,240101616,597091876,894433935
10a57c44ccc0c7dc,B,2021367186,1202026170,1746721134,1394535527
10a57c44ccc0c7dc,B,994666394,842932790,1009331957,2048668934
10a57c44ccc0c7dc,B,1450694714,787327544,795517817,843981006
10a57c44ccc0c7dc,B,1244021401,236914542,7481978,880099756
10a57c44ccc0c7dc,B,19639930,707374410,1522021166,802217729
10a57c44ccc0c7dc,B,723992088,171911763,1992601943,1222212514
10a57c44ccc0c7dc,B,1260539376,182900953,140956665,497480864
10a57c44ccc0c7dc,B,1112941379,1207869769,173722995,1063634571
10a57c44ccc0c7dc,B,2119506640,1148293108,1544206706,41586673
10a57c44ccc0c7dc,B,836783228,1095721311,1945377190,1478709026
10a57c44ccc0c7dc,B,332629546,144580606,1560902671,1536001390
10a57c44ccc0c7dc,B,666831209,1147450073,1418328285,351278014
10a57c44ccc0c7dc,B,1709504155,1288482623,1534747489,1785067752
10a57c44ccc0c7dc,B,694303894,1619052298,1408396169,523669557
10a57c44ccc0c7dc,B,1861565493,530231997,201079792,1184008332
10a57c44ccc0c7dc,B,1329920232,1364845890,353254256,609852826
10a57c44ccc0c7dc,B,2100550076,1267893868,1867660061,628015808
10a57c44ccc0c7dc,B,1003492613,1681855183,1327214881,1194440271
10a57c44ccc0c7dc,C,435198853,1324661440,1967110926,527719744
10a57c44ccc0c7dc,C,499968716,204500970,830125988,674920298
10a57c44ccc0c7dc,C,1760801376,98368401,171889681,2025835658
10a57c44ccc0c7dc,C,576682170,694454000,1482175019,552803960
10a57c44ccc0c7dc,C,954677629,1024089555,555882761,1810130662
10a57c44ccc0c7dc,C,552166934,1612689991,244485709,561043543
10a57c44ccc0c7dc,C,1696235961,2101514446,1396824640,2001578263
10a57c44ccc0c7dc,C,2130839213,949002405,1420116275,826944922
10a57c44ccc0c7dc,C,866454044,243426245,137991475,1709570439
10a57c44ccc0c7dc,C,1407634113,847357377,1292817647,1203533520
10a57c44ccc0c7dc,C,171310621,1982462530,1344104284,1731157252
10a57c44ccc0c7dc,C,945392845,682281737,499843574,618298355
10a57c44ccc0c7dc,C,1010459374,193663505,379599545,1806957426
10a57c44ccc0c7dc,C,1436839966,403890670,1368987925,882678968
10a57c44ccc0c7dc,C,1097305900,1809343629,1853728599,538260737
10a57c44ccc0c7dc,C,1802944943,1418123157,1234297171,916890281
10a57c44ccc0c7dc,C,385100868,1636226281,2095910672,619475620
10a57c44ccc0c7dc,C,185975467,1646645491,330914622,1708818293
10a57c44ccc0c7dc,C,533063997,1113083538,1811971913,64027083
10a57c44ccc0c7dc,C,1747403983,1429273063,2036591968,354650052
10a57c44ccc0c7dc,C,1761978230,1483265094,1832543577,1945547747
10a57c44ccc0c7dc,C,1608715378,1785395496,1028249115,1784381894
10a57c44ccc0c7dc,C,252645813,1914905871,1818885075,1648592319
10a57c44ccc0c7dc,C,692926474,1429394983,655983105,1547202447
10a57c44ccc0c7dc,C,1032212814,375496095,2053353843,620518215
10a57c44ccc0c7dc,C,1213852339,759296763,2022694802,136425981
10a57c44ccc0c7dc,C,1890642721,2099049302,2136081984,306758480
10a57c44ccc0c7dc,C,1649383277,59897268,461454334,1763550874
10a57c44ccc0c7dc,C,62171552,569162379,646634582,1555098378
10a57c44ccc0c7dc,C,1282705845,1026634230,1729496696,1666771147
10a57c44ccc0c7dc,D,2004401541,1027705698,1789191935,798527992
10a57c44ccc0c7dc,D,397002828,1220425924,2023001817,232455591
10a57c44ccc0c7dc,D,734113002,525319677,214141282,1696670763
10a57c44ccc0c7dc,D,70393536,711468395,570276841,1748425953
10a57c44ccc0c7dc,D,1860308632,318459242,1162068584,779670768
10a57c44ccc0c7dc,D,752840452,1354467972,2129935745,2054120650
10a57c44ccc0c7dc,D,2009141055,1172929739,2049337758,1531717160
10a57c44ccc0c7dc,D,246761920,1124805449,2086185852,1449935258
10a57c44ccc0c7dc,D,1862546290,64795626,492054579,298992893
10a57c44ccc0c7dc,D,1783096825,1696224741,103450006,40957179
10a57c44ccc0c7dc,D,38495509,2043561811,778232868,881589757
10a57c44ccc0c7dc,D,1135945913,475764196,1265317450,423406790
10a57c44ccc0c7dc,D,414618791,389634804,876911051,806736789
10a57c44ccc0c7dc,D,1913129367,1526905553,1337638524,275046241
10a57c44ccc0c7dc,D,1744826561,1115505444,1162659801,2119454869
10a57c44ccc0c7dc,D,1695359086,2136457711,1223798476,906300447
10a57c44ccc0c7dc,D,50470419,1301497249,650407922,629258443
10a57c44ccc0c7dc,D,480641175,764937668,1094283347,1085037848
10a57c44ccc0c7dc,D,1449122336,921494974,1935477976,1858326616
10a57c44ccc0c7dc,D,1979527618,1883041285,766036505,1028933412
10a57c44ccc0c7dc,D,10408747,994614889,687722631,1356508455
10a57c44ccc0c7dc,D,405180575,1852192771,1330181893,368740085
10a57c44ccc0c7dc,D,597133679,1198613624,1336317184,493249665
10a57c44ccc0c7dc,D,1738433888,1544909155,465470002,884576979
10a57c44ccc0c7dc,D,18686979,1406507476,544159828,1710788834
10a57c44ccc0c7dc,D,562666698,801000025,296800634,178574821
10a57c44ccc0c7dc,D,1363999487,1855203924,1774823330,182938358
10a57c44ccc0c7dc,D,22134811,637658288,1196927323,1885610216
10a57c44ccc0c7dc,D,61437829,1146708787,17019749,1285156434
10a57c44ccc0c7dc,D,1504518903,1172918636,154051245,1499922614
10a57c44ccc0c7dc,E,1547743466,345939381,361737120,496176303
10a57c44ccc0c7dc,E,293444679,965228972,1754572388,1721138402
10a57c44ccc0c7dc,E,451979623,2024415865,1699796042,1841232483
10a57c44ccc0c7dc,E,839185042,2048930084,1447542933,266701866
10a57c44ccc0c7dc,E,857593355,15776496,1424910565,606472531
10a57c44ccc0c7dc,E,124909673,1240692040,2084781862,206980194
10a57c44ccc0c7dc,E,463554876,1186330273,82304014,1068750946
10a57c44ccc0c7dc,E,916744318,1797867185,1327272877,1069148078
10a57c44ccc0c7dc,E,969231058,2019356272,1678524162,1664512064
10a57c44ccc0c7dc,E,1739277500,69260000,729906342,914096755
10a57c44ccc0c7dc,E,1227818015,1944034487,1434748797,1573305774
10a57c44ccc0c7dc,E,551175946,843425911,1027395027,793724112
10a57c44ccc0c7dc,E,295994234,1609609634,729702681,258474713
10a57c44ccc0c7dc,E,1946783917,1279663802,317899214,681691650
10a57c44ccc0c7dc,E,891344778,1213041840,1983500775,1579138333
10a57c44ccc0c7dc,E,152978421,1973161770,600750425,481677081
10a57c44ccc0c7dc,E,1729738094,950100034,648671322,1524452636
10a57c44ccc0c7dc,E,1311251698,1154095852,1580727835,36711580
10a57c44ccc0c7dc,E,36789006,303078117,1296599136,1903322513
10a57c44ccc0c7dc,E,1218491369,951510849,846117665,384486418
10a57c44ccc0c7dc,E,204998293,2139997378,1035470879,454753515
10a57c44ccc0c7dc,E,1787055603,1804712676,1554232074,2045090254
10a57c44ccc0c7dc,E,1664285326,1403866128,279645278,1811032392
10a57c44ccc0c7dc,E,1777746999,413285421,144736772,2038179916
10a57c44ccc0c7dc,E,1562565696,811144021,611269884,802497158
10a57c44ccc0c7dc,E,2123079384,1218813082,1935043012,28102231
10a57c44ccc0c7dc,E,762034065,1955070388,1210334852,669741750
10a57c44ccc0c7dc,E,1397737237,1325526371,1371418841,1720480698
10a57c44ccc0c7dc,E,876771367,1153120808,1569165593,1522081313
10a57c44ccc0c7dc,E,2076544662,32829285,1512743778,1814641024
10a57c44ccc0c7dc,F,726703642,209773620,1367856917,1104641876
10a57c44ccc0c7dc,F,1687720002,72154881,1950181086,980814383
10a57c44ccc0c7dc,F,1331489882,1608822310,338674569,1728244104
10a57c44ccc0c7dc,F,41100357,285782760,618328131,1314486016
10a57c44ccc0c7dc,F,158844049,2072387045,1946132224,1672174516
10a57c44ccc0c7dc,F,489971292,1211352255,1286000127,1259310651
10a57c44ccc0c7dc,F,984194924,1570467312,1397618092,683173609
10a57c44ccc0c7dc,F,268565570,1954704749,1608564502,1618560518
10a57c44ccc0c7dc,F,108857353,692998834,1120134815,225343263
10a57c44ccc0c7dc,F,20200991,1628451744,1423095855,995654937
10a57c44ccc0c7dc,F,2120137364,1357812850,52011220,1045450425
10a57c44ccc0c7dc,F,1370125563,1448887880,976284606,1783107578
10a57c44ccc0c7dc,F,1223115574,960897583,1873954261,1336877268
10a57c44ccc0c7dc,F,1430436664,1559185822,631877495,2135565322
10a57c44ccc0c7dc,F,740757511,590117769,1498424021,603182453
10a57c44ccc0c7dc,F,1545460931,685580409,1103626577,1048794053
10a57c44ccc0c7dc,F,389859077,457811692,80042081,340682135
10a57c44ccc0c7dc,F,535295953,488918600,1797615216,913110705
10a57c44ccc0c7dc,F,1155527341,452188429,387311329,68058234
10a57c44ccc0c7dc,F,895666868,1302559619,1153771137,1433725917
10a57c44ccc0c7dc,F,858881813,14746833,1769256630,1440518651
10a57c44ccc0c7dc,F,502633600,624787322,969002864,207219601
10a57c44ccc0c7dc,F,1180305556,873109860,1088791718,182179524
10a57c44ccc0c7dc,F,194586237,968946612,1577246071,329114032
10a57c44ccc0c7dc,F,2009404870,1544866447,705521769,838341950
10a57c44ccc0c7dc,F,786661768,924886972,998211135,1929918538
10a57c44ccc0c7dc,F,1405238346,1512424351,204061489,1668393504
10a57c44ccc0c7dc,F,112268759,1765674682,941544324,1291417117
10a57c44ccc0c7dc,F,320799793,49456682,1147553983,1256870131
10a57c44ccc0c7dc,F,1011772270,833803679,464478864,1633052824
10a57c44ccc0c7dc,G,1358219175,1200348601,368574989,608724950
10a57c44ccc0c7dc,G,1057996539,1240375837,1715567853,1737475353
10a57c44ccc0c7dc,G,268931310,1347606024,1793917948,1798500135
10a57c44ccc0c7dc,G,227583584,2088035801,526385483,388815022
10a57c44ccc0c7dc,G,1421569656,393156757,1563225941,1664347934
10a57c44ccc0c7dc,G,1608402651,2016153584,429061945,1379192333
10a57c44ccc0c7dc,G,291247684,164836742,783322525,1044204723
10a57c44ccc0c7dc,G,1121989294,436487617,1258628094,1910063790
10a57c44ccc0c7dc,G,108642866,703462106,995940516,1296413226
10a57c44ccc0c7dc,G,1037991276,1914500767,328890432,1923962741
10a57c44ccc0c7dc,G,1361247406,1324598721,818053726,504315105
10a57c44ccc0c7dc,G,597790180,807130282,444477091,1994913060
10a57c44ccc0c7dc,G,664934926,1724462012,686646740,1813401472
10a57c44ccc0c7dc,G,1758344424,975469178,1553108731,1600163643
10a57c44ccc0c7dc,G,2052820514,1125641862,110521523,461700838
10a57c44ccc0c7dc,G,1528442762,117832375,38609245,545152461
10a57c44ccc0c7dc,G,609956291,920148912,2007698505,1780935167
10a57c44ccc0c7dc,G,644833943,2008347060,1768497888,1571413705
10a57c44ccc0c7dc,G,339561345,935084188,470290515,1042383257
10a57c44ccc0c7dc,G,2000534267,509159535,2074424487,1779973898
10a57c44ccc0c7dc,G,704232449,155358880,1094412954,155297289
10a57c44ccc0c7dc,G,1954379512,1964290021,410959169,1665376438
10a57c44ccc0c7dc,G,2110313786,1663829911,1462880843,2068615462
10a57c44ccc0c7dc,G,583177333,1727887785,1089317341,615676120
10a57c44ccc0c7dc,G,1424465636,1173877609,889461899,1376057879
10a57c44ccc0c7dc,G,986507889,561733205,582440709,776497842
10a57c44ccc0c7dc,G,2072808524,1661872731,1871221492,681196842
10a57c44ccc0c7dc,G,228348217,1110036346,1341896159,352451626
10a57c44ccc0c7dc,G,35048188,1613170185,214905717,270008382
10a57c44ccc0c7dc,G,140836802,1393071242,810507310,1730896392
10a57c44ccc0c7dc,H,685580881,503139937,706590488,162490709
10a57c44ccc0c7dc,H,629071981,121331790,1519361951,308334913
10a57c44ccc0c7dc,H,1117932316,1117799304,1318729787,492085644
10a57c44ccc0c7dc,H,1913907484,478213863,1219764247,279609557
10a57c44ccc0c7dc,H,277560413,73243386,172172097,1423919588
10a57c44ccc0c7dc,H,213115183,1054938083,431010869,1612089080
10a57c44ccc0c7dc,H,1012271633,846087388,918489694,1530241225
10a57c44ccc0c7dc,H,1817824300,1503498474,1414464749,195262017
10a57c44ccc0c7dc,H,1770317881,520759684,1777929723,1366444751
10a57c44ccc0c7dc,H,1347150166,734739057,1523144485,1995728559
10a57c44ccc0c7dc,H,352789767,582527227,793267562,1964388979
10a57c44ccc0c7dc,H,1593661830,2115156419,1928983464,1601235723
10a57c44ccc0c7dc,H,1400001662,1668508357,465065525,1077032932
10a57c44ccc0c7dc,H,1529056585,189221052,1379500347,1928185831
10a57c44ccc0c7dc,H,1466800431,209708585,2119795694,318954443
10a57c44ccc0c7dc,H,698806916,713424004,61169903,2017897013
10a57c44ccc0c7dc,H,1792917497,938706075,1596355962,855162291
10a57c44ccc0c7dc,H,1038743885,750373942,469770118,317223361
10a57c44ccc0c7dc,H,1797858806,515844159,936035652,538019345
10a57c44ccc0c7dc,H,651241084,1429061612,54709218,382080844
10a57c44ccc0c7dc,H,114273601,563168579,402688266,377878965
10a57c44ccc0c7dc,H,611197423,142266027,638869713,1518843464
10a57c44ccc0c7dc,H,654742324,350258703,378823597,1688309810
10a57c44ccc0c7dc,H,556750166,1644360057,1676928050,1561648446
10a57c44ccc0c7dc,H,685470845,404548057,1912695910,435950489
10a57c44ccc0c7dc,H,1815002805,1937521242,594153927,1720262717
10a57c44ccc0c7dc,H,1576521214,259473418,1737001769,243068111
10a57c44ccc0c7dc,H,1500478968,355065654,1192639245,1466773697
10a57c44ccc0c7dc,H,1834562162,1466129589,1179063255,298386266
10a57c44ccc0c7dc,H,1672056520,903648712,2134771546,884687188
10a57c44ccc0c7dc,I,1968676750,384826814,1830330982,971266802
10a57c44ccc0c7dc,I,691700253,52296709,2100999680,1964539029
10a57c44ccc0c7dc,I,737723417,1565292324,429794262,81813949
10a57c44ccc0c7dc,I,922689891,1648495325,1740116480,1503707446
10a57c44ccc0c7dc,I,480031788,2096530216,280556835,45339575
10a57c44ccc0c7dc,I,1878778402,1946544267,815171048,1363798823
10a57c44ccc0c7dc,I,1753290635,1561938582,1952508092,570609013
10a57c44ccc0c7dc,I,1157254392,1788931394,1754453576,1038750643
10a57c44ccc0c7dc,I,822590809,293429206,1646232258,1952100614
10a57c44ccc0c7dc,I,456930816,1720138706,1070158338,649546596
10a57c44ccc0c7dc,I,1649300225,1978272373,30471319,333925880
10a57c44ccc0c7dc,I,171179017,72847050,1475279901,1775240071
10a57c44ccc0c7dc,I,568044460,1203623425,1298455007,1078494275
10a57c44ccc0c7dc,I,1844612161,781520810,91988184,1704803517
10a57c44ccc0c7dc,I,708718543,999173972,1693078934,926598472
10a57c44ccc0c7dc,I,356831300,1178016323,1389282363,1327371954
10a57c44ccc0c7dc,I,225875894,2017811349,1859346287,670312795
10a57c44ccc0c7dc,I,273856731,602046039,1868093701,1944206850
10a57c44ccc0c7dc,I,2023826845,2114251862,1156737722,2137815866
10a57c44ccc0c7dc,I,1795015664,2136050250,809800932,1761531850
10a57c44ccc0c7dc,I,2132021378,909787893,749485631,1610073392
10a57c44ccc0c7dc,I,153196986,2018760029,501068453,981184812
10a57c44ccc0c7dc,I,789837110,1083819969,2068976240,1305078748
10a57c44ccc0c7dc,I,602595847,81606730,1499832232,856868071
10a57c44ccc0c7dc,I,1917379212,874535362,963165618,1841159978
10a57c44ccc0c7dc,I,1857809716,1128517110,339531736,1869504675
10a57c44ccc0c7dc,I,1947042361,136354606,976753442,1362370884
10a57c44ccc0c7dc,I,601502237,1427428428,856523493,80901259
10a57c44ccc0c7dc,I,82666620,1496214214,1420136758,1918139626
10a57c44ccc0c7dc,I,991401719,1306495156,1770675967,542192187
10a57c44ccc0c7dc,J,1384494246,2004192697,2113890415,1844668063
10a57c44ccc0c7dc,J,202809921,358106416,1719079155,1004501303
10a57c44ccc0c7dc,J,579561861,554033880,611948649,39359592
10a57c44ccc0c7dc,J,1070072813,2041949155,1458625830,502051838
10a57c44ccc0c7dc,J,768174806,1695640773,1846652678,693551467
10a57c44ccc0c7dc,J,591292208,1104541958,2036916219,1499564858
10a57c44ccc0c7dc,J,449483804,39738419,499610836,804478591
10a57c44ccc0c7dc,J,1898015546,990950784,1575702671,707955330
10a57c44ccc0c7dc,J,955272843,1758456922,1705279813,1267566090
10a57c44ccc0c7dc,J,1522461469,5931035,359977150,649998794
10a57c44ccc0c7dc,J,562350500,1172823778,74727072,2136718700
10a57c44ccc0c7dc,J,1993450998,576202888,154826598,1689093750
10a57c44ccc0c7dc,J,1814773844,584466662,143495986,662781457
10a57c44ccc0c7dc,J,628569341,2111911948,634097775,1603214698
10a57c44ccc0c7dc,J,525179705,1183189459,1203208102,1382911210
10a57c44ccc0c7dc,J,1754045274,1223020921,1184081383,1723972242
10a57c44ccc0c7dc,J,1638633203,226077020,161751716,1345039485
10a57c44ccc0c7dc,J,2029463728,1557946859,1936380857,95749140
10a57c44ccc0c7dc,J,512777635,2142662963,22496976,2052786006
10a57c44ccc0c7dc,J,1149387194,1695965966,925184548,1151286455
10a57c44ccc0c7dc,J,911674445,789325199,51858934,1006802655
10a57c44ccc0c7dc,J,2014755740,276695449,1118685557,1975987273
10a57c44ccc0c7dc,J,2021891428,557807425,971510843,2011561675
10a57c44ccc0c7dc,J,1575357157,515291891,1826933243,42135059
10a57c44ccc0c7dc,J,629554479,808661157,1343429801,602765310
10a57c44ccc0c7dc,J,966153469,1683297828,476115998,1587381651
10a57c44ccc0c7dc,J,443482756,1142303207,1322779795,1590332570
10a57c44ccc0c7dc,J,958003589,431174069,583207136,919200195
10a57c44ccc0c7dc,J,1565918517,526052703,1369412507,1169410736
10a57c44ccc0c7dc,J,523374347,406145978,141341069,2127683446
10a57c44ccc0c7dc,K,2030546626,1413245554,790387072,1141681502
10a57c44ccc0c7dc,K,364546211,1635489950,1071211803,939350224
10a57c44ccc0c7dc,K,1607272782,1736675519,1319188208,1005293344
10a57c44ccc0c7dc,K,2024170992,1214480027,1338696206,1134703770
10a57c44ccc0c7dc,K,1717177677,1878947736,1605046299,2064986099
10a57c44ccc0c7dc,K,929952259,2081838071,2011451003,1051246392
10a57c44ccc0c7dc,K,1069710529,315786785,687146290,717912027
10a57c44ccc0c7dc,K,1384769180,617504204,1118317977,979319980
10a57c44ccc0c7dc,K,1954663939,785935501,340332433,16427699
10a57c44ccc0c7dc,K,1723283815,1664089553,943886559,1192943642
10a57c44ccc0c7dc,K,918027512,463314498,1522078242,1583503807
10a57c44ccc0c7dc,K,802760013,307893114,968288901,1806903504
10a57c44ccc0c7dc,K,268824043,1472050687,417472356,1395854293
10a57c44ccc0c7dc,K,179870362,1407556466,275112307,1197691478
10a57c44ccc0c7dc,K,1531131148,191924402,1572360031,710531906
10a57c44ccc0c7dc,K,408030457,189484167,255190857,345047498
10a57c44ccc0c7dc,K,1906129482,1774245946,2046956958,1871256672
10a57c44ccc0c7dc,K,111123867,1702031308,1814612309,865728899
10a57c44ccc0c7dc,K,2023070983,1541799166,1594419287,933412224
10a57c44ccc0c7dc,K,134833714,2129614680,458043944,383386722
10a57c44ccc0c7dc,K,497319386,1496121505,953559493,182275141
10a57c44ccc0c7dc,K,1580302627,486099055,762427577,1046986357
10a57c44ccc0c7dc,K,434668725,211956198,2045405998,656313544
10a57c44ccc0c7dc,K,1352466085,1958571079,1102815840,484483738
10a57c44ccc0c7dc,K,944419190,1069892601,904612758,1201252846
10a57c44ccc0c7dc,K,653004959,2042487603,1323691611,1270568506
10a57c44ccc0c7dc,K,1340646799,1987947655,437324326,892767488
10a57c44ccc0c7dc,K,1407832447,1778165139,1165385928,1709732598
10a57c44ccc0c7dc,K,81162780,1063048793,1337199225,1230210244
10a57c44ccc0c7dc,K,1776346311,1118645810,125256991,1252702032
10a57c44ccc0c7dc,L,442414649,1376870850,991584092,2111537500
10a57c44ccc0c7dc,L,2039241644,449413921,1546999094,927675469
10a57c44ccc0c7dc,L,444556345,734052476,1363681271,2032668582
10a57c44ccc0c7dc,L,1391565878,280530220,1569533968,426397763
10a57c44ccc0c7dc,L,1021568333,331990686,1295609735,1512659315
10a57c44ccc0c7dc,L,1840585423,2086695868,1102387926,1454142186
10a57c44ccc0c7dc,L,1042706587,1736965878,1408936370,775811705
10a57c44ccc0c7dc,L,1706276009,1970410568,1036560280,1804686753
10a57c44ccc0c7dc,L,934136215,1020451714,1715510645,665768038
10a57c44ccc0c7dc,L,1887604701,787691066,1662806101,1610690989
10a57c44ccc0c7dc,L,2135020085,176527006,466972959,855034527
10a57c44ccc0c7dc,L,1241959307,1243078649,287029263,875327076
10a57c44ccc0c7dc,L,1765772725,687345603,825807426,2065194328
10a57c44ccc0c7dc,L,417853106,1187574123,2068370790,1571883295
10a57c44ccc0c7dc,L,1981285820,2071879386,1729021656,660251671
10a57c44ccc0c7dc,L,183934746,984544195,2044930966,2125081970
10a57c44ccc0c7dc,L,1470773541,29050784,786367340,698304381
10a57c44ccc0c7dc,L,1198056441,1118082269,1555697505,954752736
10a57c44ccc0c7dc,L,434680721,651860036,685720917,410004737
10a57c44ccc0c7dc,L,1508029415,1690270034,1097131881,1808989996
10a57c44ccc0c7dc,L,1108685702,576440949,161771900,1001320790
10a57c44ccc0c7dc,L,1618424840,1207770541,274546134,1736141461
10a57c44ccc0c7dc,L,1942292100,1191688416,375186023,95900507
10a57c44ccc0c7dc,L,2101841365,1723095278,1989700884,764785474
10a57c44ccc0c7dc,L,1901425560,296393481,402605270,903285451
10a57c44ccc0c7dc,L,1264309172,1455588579,1475450992,1381164331
10a57c44ccc0c7dc,L,1828059942,1698681940,1688882626,859342768
10a57c44ccc0c7dc,L,753513007,1301114505,1732027109,1735958706
10a57c44ccc0c7dc,L,1068826254,1042665576,811950934,1022974439
10a57c44ccc0c7dc,L,187386697,1790664992,1781419462,1363327553
43982a35d63d622f,A,1104339968,997672008,402751781,1666161033
43982a35d63d622f,A,347869418,1583509940,2032120703,493913766
43982a35d63d622f,A,128412713,928743207,194110980,1799964613
43982a35d63d622f,A,1410446086,224411002,696170691,1443464151
43982a35d63d622f,A,1204509176,732726101,1258828680,462597490
43982a35d63d622f,A,1415822788,744606783,1800512124,1803661836
43982a35d63d622f,A,752758450,1614464054,2022511498,2037254231
43982a35d63d622f,A,1487226171,1278649169,295065465,1441347398
43982a35d63d622f,A,77456288,315522557,1129291292,501135870
43982a35d63d622f,A,254414100,760805158,1987373381,1199158230
43982a35d63d622f,A,1903983395,1805195413,1453057095,382238839
43982a35d63d622f,A,1842334292,1541881701,1723705618,1328365955
43982a35d63d622f,A,1759151456,1796842667,1044626663,129439912
43982a35d63d622f,A,2054683415,1675668673,1686084883,1657920401
43982a35d63d622f,A,1588124267,1175213088,1213851904,1923711708
43982a35d63d622f,A,1738159011,219633427,1136256113,69810451
43982a35d63d622f,A,971098860,1944807571,956721288,734781278
43982a35d63d622f,A,1921005204,1093213480,2072733557,458615096
43982a35d63d622f,A,201445190,1310511556,593069104,1401139004
43982a35d63d622f,A,1524171186,838110677,1115224958,1679435140
43982a35d63d622f,A,545134594,1965305040,1695475147,1568002652
43982a35d63d622f,A,47687652,1085388554,1449146936,501510530
43982a35d63d622f,A,1906389954,1305769512,1936216589,983033337
43982a35d63d622f,A,201133989,1636752254,2019728561,1286727442
43982a35d63d622f,A,875352272,1685034788,1930355530,1466196207
43982a35d63d622f,A,1276090459,1985468699,1303463664,304421914
43982a35d63d622f,A,1070822972,1151649304,417272128,244926140
43982a35d63d622f,A,1780477018,1611354744,554139082,900607230
43982a35d63d622f,A,1728189551,654861425,1959125108,1161266027
43982a35d63d622f,A,815442700,504372334,522414372,352209184
43982a35d63d622f,B,1493085659,1622009691,1268127736,481801624
43982a35d63d622f,B,2108124144,361488725,154315483,1876830814
43982a35d63d622f,B,177109370,611325643,497280544,1652970863
43982a35d63d622f,B,180573141,1037129192,386248680,577440824
43982a35d63d622f,B,1709911539,1357922870,52058355,652514928
43982a35d63d622f,B,1450786935,969984486,1731411672,1119335429
43982a35d63d622f,B,1112408965,2112487280,427635788,2099617640
43982a35d63d622f,B,2146810240,160570996,535708277,1230836806
43982a35d63d622f,B,1048715018,2026907227,1115613235,26219200
43982a35d63d622f,B,884044503,373723399,2044960148,585980341
43982a35d63d622f,B,124521054,1218290887,362677582,136835257
43982a35d63d622f,B,1983728077,1827844856,1585813044,533061082
43982a35d63d622f,B,1054355535,1783566742,1946885539,1981400739
43982a35d63d622f,B,494195647,460608879,225051866,916371906
43982a35d63d622f,B,1214748250,750016253,801702245,699912868
43982a35d63d622f,B,1753403399,592694773,429236725,878316181
43982a35d63d622f,B,293154634,1945182661,1973976692,109191361
43982a35d63d622f,B,810403352,760016496,1585073257,1186661170
43982a35d63d622f,B,1166970804,479023494,347989169,1490643133
43982a35d63d622f,B,600500280,1282112839,925018712,534779502
43982a35d63d622f,B,1446045066,1729798136,1678435366,1841646870
43982a35d63d622f,B,447636441,273638298,1880607232,165388211
43982a35d63d622f,B,132609242,437725022,461359104,1310053340
43982a35d63d622f,B,1543011199,790070287,913317863,1356421346
43982a35d63d622f,B,1375060263,1504822866,630105906,1250977096
43982a35d63d622f,B,1264075012,1087467292,646650960,1651293608
43982a35d63d622f,B,1346243656,4924384,1480602613,901792628
43982a35d63d622f,B,1661797732,1497906431,1879217430,2032039926
43982a35d63d622f,B,1320365627,963231678,169170982,1190163974
43982a35d63d622f,B,1531345365,849359063,450488931,369406176
43982a35d63d622f,C,837377677,818039280,489941144,1709714086
43982a35d63d622f,C,734928127,1973855974,1403375292,1836709918
43982a35d63d622f,C,320772031,758998427,1606136922,979321905
43982a35d63d622f,C,1285952480,1987936967,437352277,1622036424
43982a35d63d622f,C,1959014820,168418781,952627645,1797869899
43982a35d63d622f,C,1576397041,2016917104,1561709928,1594665792
43982a35d63d622f,C,1939720297,1574265529,1328287968,1162126537
43982a35d63d622f,C,42537195,1926478004,888381713,148092092
43982a35d63d622f,C,673988986,955117715,293145769,275027476
43982a35d63d622f,C,2143359921,1192521542,361647190,1161708178
43982a35d63d622f,C,1173034236,1584749965,996216904,1568919918
43982a35d63d622f,C,352319573,853714839,42143771,1706466698
43982a35d63d622f,C,250494425,512275135,1946124898,1306612509
43982a35d63d622f,C,2039460721,1816288911,1730388540,1968268908
43982a35d63d622f,C,816610380,1156562598,1130918532,983937589
43982a35d63d622f,C,267909617,459588651,1709662547,402017304
43982a35d63d622f,C,1436244411,1434581845,554621060,1938855312
43982a35d63d622f,C,697072347,505557252,1910156609,1447249006
43982a35d63d622f,C,1062313812,1884612042,1663123264,1846214987
43982a35d63d622f,C,1232389026,494915384,1417931730,2128548062
43982a35d63d622f,C,784878532,1586392819,1597363056,589585245
43982a35d63d622f,C,449375235,703394456,1410926903,1587383347
43982a35d63d622f,C,1050194649,2053740601,923262801,747098260
43982a35d63d622f,C,1224399340,892320056,274532309,93743994
43982a35d63d622f,C,35891768,1268015545,1193754563,1735641807
43982a35d63d622f,C,1508442858,441509273,1646317046,380001962
43982a35d63d622f,C,320550077,1012950544,634750994,1481675336
43982a35d63d622f,C,299661874,1654255364,340143314,313000839
43982a35d63d622f,C,1779421677,843901518,7681336,432955109
43982a35d63d622f,C,1662777399,1964910787,592660797,1299502293
43982a35d63d622f,D,1715704353,1979613360,1517808232,92847653
43982a35d63d622f,D,372612375,1814310368,1898977785,1250039024
43982a35d63d622f,D,578687446,163262541,372021178,1980431547
43982a35d63d622f,D,192516354,322171844,1050580913,2069065798
43982a35d63d622f,D,666205803,422116235,1413732648,499400607
43982a35d63d622f,D,1334782716,1734615845,301626514,230090009
43982a35d63d622f,D,1284128511,921652456,2079147649,2103528768
43982a35d63d622f,D,1663202875,150246183,429320824,678758552
43982a35d63d622f,D,451019558,337439705,804516682,291823011
43982a35d63d622f,D,2023921445,1543475273,293192821,317682092
43982a35d63d622f,D,1327926951,1864760847,393726781,256745633
43982a35d63d622f,D,1987151672,1610069382,1326870407,1832824010
43982a35d63d622f,D,1695820418,574389731,510706771,1374239137
43982a35d63d622f,D,1235394050,1943512746,2133250135,1873915012
43982a35d63d622f,D,807863310,949185867,1519542267,1868693147
43982a35d63d622f,D,866627948,1670593019,1818007910,1254908970
43982a35d63d622f,D,1804722484,1583875004,1834932948,575692009
43982a35d63d622f,D,1389491145,970835443,378946935,1055604073
43982a35d63d622f,D,2063509719,950446073,608105079,734724121
43982a35d63d622f,D,1421514451,1818663443,1162918914,555669758
43982a35d63d622f,D,2087259614,1247301913,1178513118,249953751
43982a35d63d622f,D,105724075,1151428216,1036675351,487135435
43982a35d63d622f,D,215207323,2101408575,1062231529,707522773
43982a35d63d622f,D,141267273,1989096608,1596073911,1761185652
43982a35d63d622f,D,576883983,1391251771,389726758,214160848
43982a35d63d622f,D,1842630025,518445709,1587466817,1324355120
43982a35d63d622f,D,1848132008,481145449,7410635,178196874
43982a35d63d622f,D,1538933793,848120122,757456777,1062490584
43982a35d63d622f,D,1694789987,1498954296,875534679,2102908025
43982a35d63d622f,D,1773241183,652948879,17330183,870119258
43982a35d63d622f,E,1081601254,984707951,786964649,685187902
43982a35d63d622f,E,347550020,1415020382,1828282847,1363294548
43982a35d63d622f,E,48396877,649139709,17491934,2002451622
43982a35d63d622f,E,936481010,1829493829,323195719,128314699
43982a35d63d622f,E,315336915,1124623463,1120324271,1163337926
43982a35d63d622f,E,1682308385,2013956091,98661369,1683266548
43982a35d63d622f,E,1357168392,1880641538,33110556,1987043063
43982a35d63d622f,E,1660318124,2076438698,393111765,579605641
43982a35d63d622f,E,1025968067,969251576,1430447759,848594069
43982a35d63d622f,E,874105920,829204855,1463358252,1332977019
43982a35d63d622f,E,839451159,244614494,1248871788,1158519548
43982a35d63d622f,E,9260059,927126600,330692188,538615922
43982a35d63d622f,E,631421332,1436350693,742147404,1239184226
43982a35d63d622f,E,573736817,1746706643,871002914,1249392251
43982a35d63d622f,E,77060399,1262562226,615118861,1955372321
43982a35d63d622f,E,1941206716,1835959737,18672608,1801965418
43982a35d63d622f,E,1167289295,782212049,1730855849,2060361977
43982a35d63d622f,E,1843445306,968843550,498809879,1516592836
43982a35d63d622f,E,646788331,1526141152,429906505,1792496570
43982a35d63d622f,E,1567259438,324511229,716808209,1997488096
43982a35d63d622f,E,1365619942,1795225452,1691919647,888347336
43982a35d63d622f,E,702403268,1825303573,177934623,1018841640
43982a35d63d622f,E,722025808,768446825,465592940,1302362521
43982a35d63d622f,E,263041104,235850678,2143627466,1930274240
43982a35d63d622f,E,1590290349,612172055,354792349,804200615
43982a35d63d622f,E,382182999,313934329,1269040177,220640105
43982a35d63d622f,E,36745618,52519270,2099817298,1712423487
43982a35d63d622f,E,169993127,700526003,732890272,2005251971
43982a35d63d622f,E,809927427,1463506172,878672006,923491596
43982a35d63d622f,E,1874169129,375577245,1638466435,2109537132
43982a35d63d622f,F,1829604173,1705918948,680918950,1827206983
43982a35d63d622f,F,1275506299,663619218,1074599602,1019871367
43982a35d63d622f,F,188090296,513312489,279435922,28023735
43982a35d63d622f,F,329679103,1078547117,1514134662,2140119884
43982a35d63d622f,F,1574607028,420802777,1737344332,327041193
43982a35d63d622f,F,1646869800,478745328,884078437,150471211
43982a35d63d622f,F,1324836144,1906061778,983278408,1259191023
43982a35d63d622f,F,550750125,323572251,1775093860,455923397
43982a35d63d622f,F,641625942,1416891865,1935978342,1006034478
43982a35d63d622f,F,20444604,2008329381,1936402305,754716313
43982a35d63d622f,F,2037137522,2086986051,1870619262,1518188964
43982a35d63d622f,F,113524519,1321563786,1767581372,496780358
43982a35d63d622f,F,1221622437,2101075572,420257914,1425972066
43982a35d63d622f,F,2005372924,2077933404,685563411,1175944100
43982a35d63d622f,F,502845463,1301474432,1662109056,494610836
43982a35d63d622f,F,1370120504,1631990790,944494795,1569972201
43982a35d63d622f,F,793219089,119110620,135086592,1094434940
43982a35d63d622f,F,1511163224,891247113,835640786,997826319
43982a35d63d622f,F,858448798,1240031752,187729231,1782475934
43982a35d63d622f,F,1091713397,953446434,1214724254,436663169
43982a35d63d622f,F,72415727,859877616,1993099187,2133924120
43982a35d63d622f,F,1369778702,411985945,1717843237,1127172001
43982a35d63d622f,F,699401020,888115564,1836901048,112246657
43982a35d63d622f,F,1947485545,350573081,972945689,1685232351
43982a35d63d622f,F,2030887267,1424180307,484820810,168332557
43982a35d63d622f,F,1398789367,68209116,90613614,1108178931
43982a35d63d622f,F,1239059791,20568474,1303824788,1246417220
43982a35d63d622f,F,1395722318,1585603311,1516067517,1887795299
43982a35d63d622f,F,1916204949,2070704295,1913040518,2070919956
43982a35d63d622f,F,1674580147,1273911848,134390953,1157320067
43982a35d63d622f,G,1512426381,626207696,1373579431,1753543539
43982a35d63d622f,G,36784831,2119878856,561565774,1959521602
43982a35d63d622f,G,660465323,1574305705,719194098,1653148083
43982a35d63d622f,G,103555108,1188990892,1903476735,436927375
43982a35d63d622f,G,283537444,170601324,1905226750,1444629702
43982a35d63d622f,G,176398159,165508819,1676867011,1989239827
43982a35d63d622f,G,1330325238,9997992,1890597122,908961328
43982a35d63d622f,G,1913407289,25765623,2016633635,389254918
43982a35d63d622f,G,283577409,1530344538,1233126232,61239985
43982a35d63d622f,G,1684066451,1234272381,65879604,1012674642
43982a35d63d622f,G,896275802,1928176478,303647045,1524788782
43982a35d63d622f,G,1897534982,1463793706,492989788,988719081
43982a35d63d622f,G,888270210,89551481,921320812,1218121960
43982a35d63d622f,G,1087820617,705196205,1764517447,805478979
43982a35d63d622f,G,238655349,1509729922,1135974663,744847526
43982a35d63d622f,G,2010865084,859953523,395116398,1398352157
43982a35d63d622f,G,1137176830,410259157,1818497384,1011216447
43982a35d63d622f,G,1253677521,651945375,670412120,116827444
43982a35d63d622f,G,971702733,1054497524,577294869,432481042
43982a35d63d622f,G,1480781354,931880079,1034885449,1452453662
43982a35d63d622f,G,1962603869,1090572218,310029223,1053508106
43982a35d63d622f,G,1790336473,1661586052,332826499,1835991745
43982a35d63d622f,G,117614034,344562724,660041957,447322757
43982a35d63d622f,G,1791624024,694925177,960635543,648785350
43982a35d63d622f,G,1804802676,1338881084,1632982636,1330078780
43982a35d63d622f,G,1062743301,659769668,175779519,1528611053
43982a35d63d622f,G,749064569,165888532,1859315105,1096566942
43982a35d63d622f,G,500680290,1621727714,1031176863,549340792
43982a35d63d622f,G,168568780,454828926,1709965925,563081516
43982a35d63d622f,G,110186713,342350397,1940100031,138875637
43982a35d63d622f,H,963621882,468386475,273997738,1076685206
43982a35d63d622f,H,1600825985,109007872,1797154347,226440153
43982a35d63d622f,H,235001360,1438562148,1997493200,1836231201
43982a35d63d622f,H,1436516695,2047650560,1120636932,280726368
43982a35d63d622f,H,247038556,1957389013,690690648,417743614
43982a35d63d622f,H,779237627,1320375326,1044438195,1912916643
43982a35d63d622f,H,231903907,501653866,1354361087,1943651893
43982a35d63d622f,H,860810962,1900163031,711789196,379900912
43982a35d63d622f,H,376869316,761065257,2099342727,91324345
43982a35d63d622f,H,1934422775,675532796,956012307,643189237
43982a35d63d622f,H,1136544669,1475596524,2102580437,60683402
43982a35d63d622f,H,669237362,803551679,815459311,1108083051
43982a35d63d622f,H,1964832495,763119890,1839827452,843484367
43982a35d63d622f,H,1117905048,138348957,1025564806,1863364123
43982a35d63d622f,H,1945426925,1824843076,2095323784,1485153794
43982a35d63d622f,H,821723661,1129981179,994964858,1092628364
43982a35d63d622f,H,1814352723,586028066,916262570,1083808879
43982a35d63d622f,H,555647755,1272318130,1459227311,363867864
43982a35d63d622f,H,2033046207,440904698,1483325852,1561892231
43982a35d63d622f,H,1814388387,411034468,315146835,1621534118
43982a35d63d622f,H,1216302600,887610210,269898532,1933232108
43982a35d63d622f,H,56718468,1420143011,1424410076,1746118926
43982a35d63d622f,H,118046090,536510819,131126110,1304615156
43982a35d63d622f,H,820211555,404510569,1205923613,591783460
43982a35d63d622f,H,775932493,1360385530,396020815,18988062
43982a35d63d622f,H,1571741564,145436100,1652777314,1221383574
43982a35d63d622f,H,429475462,1186446717,332665232,1105503635
43982a35d63d622f,H,407351477,389516420,974585327,1176621105
43982a35d63d622f,H,1225864590,1204113528,313458362,1715118576
43982a35d63d622f,H,1882256687,2133580490,1209289311,147018928
43982a35d63d622f,I,882647473,344988920,1271440600,1100680287
43982a35d63d622f,I,1701683873,2035295837,797737917,690420020
43982a35d63d622f,I,1884993303,2060386327,829972074,2053568633
43982a35d63d622f,I,858575545,98104957,2115919005,1074363706
43982a35d63d622f,I,824299782,1416630615,1841348877,737774355
43982a35d63d622f,I,1852051133,1908167697,178291953,295588056
43982a35d63d622f,I,607260332,1104871779,317666626,1717284178
43982a35d63d622f,I,1019645430,1087682299,1615364277,584224240
43982a35d63d622f,I,1054398874,567933718,1914163242,1674733851
43982a35d63d622f,I,1161848615,2010296537,987427966,192595412
43982a35d63d622f,I,1646190827,949026519,823909490,716831418
43982a35d63d622f,I,460956465,264168099,1469725978,70359732
43982a35d63d622f,I,1116438530,1138876400,106611043,1224572864
43982a35d63d622f,I,523698857,1236834722,1425386244,750184391
43982a35d63d622f,I,310652935,44061768,1679440779,1407653777
43982a35d63d622f,I,1420953981,73061480,2074933175,880172999
43982a35d63d622f,I,921891323,1600103253,1367207263,422366039
43982a35d63d622f,I,1731558917,480031040,2030653598,1104394991
43982a35d63d622f,I,1209393838,2062922042,301356070,140017086
43982a35d63d622f,I,2022638982,1525595527,1354128488,189086269
43982a35d63d622f,I,2099435347,701716561,652711276,2039265895
43982a35d63d622f,I,921774632,262853321,338729716,1224615073
43982a35d63d622f,I,1765003862,1471054477,2124653407,2001320762
43982a35d63d622f,I,781799249,1997037425,2146019414,1762893568
43982a35d63d622f,I,2000971466,2065096791,1317648941,1756631825
43982a35d63d622f,I,2147286263,1486990832,1393957198,1666345325
43982a35d63d622f,I,1199363278,1158768538,1276581940,179693944
43982a35d63d622f,I,1395082871,811480568,1317714522,734258580
43982a35d63d622f,I,1219018603,1106722369,2101093834,1579194141
43982a35d63d622f,I,40966092,334468307,574727092,1545277782
43982a35d63d622f,J,1278346557,622235096,383423643,464755070
43982a35d63d622f,J,1928433134,874002814,490440538,253635136
43982a35d63d622f,J,706961353,171525798,1022452196,1844932769
43982a35d63d622f,J,1405995492,1827256886,488816157,237452647
43982a35d63d622f,J,2105382793,21897408,954142125,1385973570
43982a35d63d622f,J,117627427,1230177661,1722045948,1167640911
43982a35d63d622f,J,1657135651,51313796,1525100208,347038728
43982a35d63d622f,J,259209010,997818530,778757107,515666367
43982a35d63d622f,J,1527573890,1082403382,417849960,449452259
43982a35d63d622f,J,1094573049,916263473,486368457,699311118
43982a35d63d622f,J,1640841726,537247033,821008737,1329177136
43982a35d63d622f,J,253810002,1242008130,23358181,785105981
43982a35d63d622f,J,641703313,1694005378,1056842439,42623413
43982a35d63d622f,J,2007835599,1268182010,478613693,57513579
43982a35d63d622f,J,1346231386,1716951853,1856306800,69161809
43982a35d63d622f,J,885432869,1172551125,401116993,695855886
43982a35d63d622f,J,367760617,321417869,972099394,219700474
43982a35d63d622f,J,467733492,78974757,1561160610,1433042168
43982a35d63d622f,J,2061434129,289627140,1426041004,1769104838
43982a35d63d622f,J,921047917,1348425072,1232412483,105128367
43982a35d63d622f,J,1811732024,244192257,1412802152,1269985559
43982a35d63d622f,J,1009829751,835164697,507056497,1581055806
43982a35d63d622f,J,1596814410,1208130750,1784366847,1790668051
43982a35d63d622f,J,551258831,1194754516,1176964791,447411888
43982a35d63d622f,J,625689009,1461000952,1779552543,1966462218
43982a35d63d622f,J,1431279414,1652233295,1276904985,267075370
43982a35d63d622f,J,892243831,1293282422,1570294194,1931941634
43982a35d63d622f,J,183061936,1024180658,492816563,588522519
43982a35d63d622f,J,196394980,586429775,1632822735,1541968437
43982a35d63d622f,J,967554700,888007358,504313271,230420114
43982a35d63d622f,K,346075029,790313296,117729682,1682127674
43982a35d63d622f,K,1092678838,1534443480,2007426196,1443137889
43982a35d63d622f,K,1782252846,336797299,1198876219,116589874
43982a35d63d622f,K,1641276543,1842815307,686254846,1352326278
43982a35d63d622f,K,801967450,864648237,948800087,1264571409
43982a35d63d622f,K,556328260,1508018812,898299798,766871532
43982a35d63d622f,K,1128655995,524650226,1210737725,1091360359
43982a35d63d622f,K,574168244,140985724,34776094,1187894415
43982a35d63d622f,K,60421063,23577686,673062791,949294098
43982a35d63d622f,K,1453910380,848230647,913222547,775223557
43982a35d63d622f,K,297035757,365579015,1153053050,1808256689
43982a35d63d622f,K,7667880,1072624563,601776645,41186891
43982a35d63d622f,K,774635549,1205251814,1929520087,669367085
43982a35d63d622f,K,1250322639,576030106,431763521,1991457328
43982a35d63d622f,K,1461617222,222887495,1571152846,475243278
43982a35d63d622f,K,638493356,588381535,392030030,344874825
43982a35d63d622f,K,1185513261,49903735,1816528484,2078156003
43982a35d63d622f,K,1087089981,1580767642,1847823785,2116322081
43982a35d63d622f,K,1066536599,1527620441,1675979188,523620396
43982a35d63d622f,K,895375693,91941604,853183406,1513907593
43982a35d63d622f,K,1660736612,1535531137,1121180992,900176292
43982a35d63d622f,K,2041563317,945827961,1913134327,298580990
43982a35d63d622f,K,1784655605,677060962,319941970,153003760
43982a35d63d622f,K,1410721574,1790408350,1872528134,1221887700
43982a35d63d622f,K,688920569,229199783,950781753,346256672
43982a35d63d622f,K,1342919743,1884180288,1720884327,2078464096
43982a35d63d622f,K,1718711401,975024960,1961360500,1211932598
43982a35d63d622f,K,704550045,1699385978,5017150,1829973208
43982a35d63d622f,K,2068675143,1345060696,1614450117,1823090292
43982a35d63d622f,K,1579685012,2137618898,869030972,611683195
43982a35d63d622f,L,1937652037,644908357,18908434,22399371
43982a35d63d622f,L,1992375349,1736123330,1730510325,1467155532
43982a35d63d622f,L,263974247,1184886114,525978300,2025527550
43982a35d63d622f,L,1774742204,726702774,1205375438,1673628376
43982a35d63d622f,L,2077814516,358614143,988765501,321990021
43982a35d63d622f,L,2141551308,435861530,333481151,1014058606
43982a35d63d622f,L,1952128556,2026083010,703512380,335125725
43982a35d63d622f,L,1331964791,1207922848,993579520,1185964237
43982a35d63d622f,L,1519520270,1200909980,107797432,482315898
43982a35d63d622f,L,45712616,1869689693,1118961160,1474276109
43982a35d63d622f,L,649808395,1751611116,1185304931,4919173
43982a35d63d622f,L,1503254671,212623947,791376711,269021267
43982a35d63d622f,L,1509818266,2034100434,1508414940,1657077767
43982a35d63d622f,L,860736903,2093841767,1924417453,1538572444
43982a35d63d622f,L,363876267,1374983744,1337962901,2028917373
43982a35d63d622f,L,1847834114,1834097734,1581786858,1428465445
43982a35d63d622f,L,1448842162,1591083795,1509623044,1781688118
43982a35d63d622f,L,1496364953,1442446170,1460907766,179932300
43982a35d63d622f,L,1795424645,1060900540,244719414,1348183264
43982a35d63d622f,L,1721476727,1229996114,1712086337,1601718437
43982a35d63d622f,L,417567226,864916288,1317702724,801504940
43982a35d63d622f,L,1462418970,804671940,480899902,1238249210
43982a35d63d622f,L,1073460812,646145218,1660876050,2045855687
43982a35d63d622f,L,1632474724,1958623242,400190437,238697541
43982a35d63d622f,L,484050086,1709200971,1026112582,1824959816
43982a35d63d622f,L,2041138021,156716712,470541277,936182066
43982a35d63d622f,L,163368800,1109683569,2144914762,1357412631
43982a35d63d622f,L,447933242,1690582864,1379890792,469486564
43982a35d63d622f,L,1611986482,557969582,836248596,753328153
43982a35d63d622f,L,35267446,1903585392,2073785982,1615729495
fb318e40782840a3,A,1781572447,1093601093,61855876,913886049
fb318e40782840a3,A,2118181760,1589113973,1350608708,1776076360
fb318e40782840a3,A,1565202672,1072697721,1607662798,593120131
fb318e40782840a3,A,1605590158,105899504,1150475521,1967715735
fb318e40782840a3,A,1860256049,751819967,1111873874,621772397
fb318e40782840a3,A,1306948008,1753563744,1962600842,315735424
fb318e40782840a3,A,1793786311,2092498614,954722341,1789740991
fb318e40782840a3,A,758898927,1485946078,2074439482,1481927886
fb318e40782840a3,A,515575492,752996890,1878152855,417190301
fb318e40782840a3,A,260108700,2082649063,1989840668,1337394957
fb318e40782840a3,A,298315897,168075119,1110246009,2116617368
fb318e40782840a3,A,983903033,1041450879,2025381930,1619626265
fb318e40782840a3,A,482719062,228568222,908778280,411615209
fb318e40782840a3,A,1899437828,1444521844,1270613975,7545159
fb318e40782840a3,A,1443878039,716436120,71914566,123133110
fb318e40782840a3,A,923144436,891627261,539226196,692901919
fb318e40782840a3,A,107340566,1693474496,1667859117,1823375388
fb318e40782840a3,A,501501405,1481772771,1433728969,1562087515
fb318e40782840a3,A,978681784,669443695,559982774,1909568085
fb318e40782840a3,A,1481517383,1497925640,1076876886,1759673761
fb318e40782840a3,A,1621692154,940545801,258879871,1019261720
fb318e40782840a3,A,1510274338,775659088,426625179,692107837
fb318e40782840a3,A,115652520,2144506293,1716872778,1686648426
fb318e40782840a3,A,2128435605,1520745672,814418663,973457851
fb318e40782840a3,A,1089015964,847105538,988094647,383821797
fb318e40782840a3,A,264222499,942431359,559312845,678499702
fb318e40782840a3,A,859908926,1441330302,952128366,1467000079
fb318e40782840a3,A,947547879,1212214276,1670078881,544709050
fb318e40782840a3,A,1256845777,1441335465,2021419364,355771476
fb318e40782840a3,A,1283064950,736928384,175953660,244670309
fb318e40782840a3,B,1606246830,1149015295,327533895,1296358828
fb318e40782840a3,B,992195298,1739760110,659597694,1773335485
fb318e40782840a3,B,1808491050,1869362526,1097410773,966003659
fb318e40782840a3,B,1970090890,1629768692,1976920199,989129798
fb318e40782840a3,B,1687645553,575636370,1668989991,1320654316
fb318e40782840a3,B,513510376,219586873,893339338,389022349
fb318e40782840a3,B,112449291,593829756,1584598931,237550197
fb318e40782840a3,B,1593111694,590829725,242475005,2030518332
fb318e40782840a3,B,1610694250,2118665473,1070789497,1540258091
fb318e40782840a3,B,1861104885,539798790,305702345,2121911084
fb318e40782840a3,B,1754587912,92304945,1081002961,952714375
fb318e40782840a3,B,147484214,418109407,1657420680,41509877
fb318e40782840a3,B,49328730,728812555,1657179588,54609408
fb318e40782840a3,B,331007303,1742870082,746894547,1153363272
fb318e40782840a3,B,1425147146,107628149,1375571682,1661287912
fb318e40782840a3,B,354911235,688147295,1020625220,1138638096
fb318e40782840a3,B,151407202,150919802,817358083,1491188101
fb318e40782840a3,B,1541293801,764421060,2135769751,1649776952
fb318e40782840a3,B,1829508462,586636412,2045062873,1428732521
fb318e40782840a3,B,1770830448,1669212544,926290885,1822994699
fb318e40782840a3,B,724412939,114222167,924738523,911997756
fb318e40782840a3,B,1160493611,1816676783,667149002,1717336738
fb318e40782840a3,B,574753661,511816607,907429226,1304507785
fb318e40782840a3,B,1647183253,496453385,1941135034,1146123965
fb318e40782840a3,B,1738818722,2029413967,1775852422,1040318360
fb318e40782840a3,B,1644939596,677156182,1952524578,1308623890
fb318e40782840a3,B,917238217,498316746,1742030552,998729763
fb318e40782840a3,B,1010015564,1802425719,608129207,107211142
fb318e40782840a3,B,205223293,1058655842,633674929,107692694
fb318e40782840a3,B,1972585056,86176543,1464421153,860871198
fb318e40782840a3,C,567585889,30754746,330778582,359744130
fb318e40782840a3,C,682682056,1644172728,317542532,1831525678
fb318e40782840a3,C,1250261848,5199575,912811756,567753306
fb318e40782840a3,C,1910126805,103955758,1641127965,1339115073
fb318e40782840a3,C,2098993312,1892731413,1394173536,2106262211
fb318e40782840a3,C,817607924,60118061,1603108760,1441410300
fb318e40782840a3,C,584657646,1724313492,377215996,238164929
fb318e40782840a3,C,1629290694,501732978,1984607358,1503144717
fb318e40782840a3,C,1378611668,1158793833,1589871023,691429137
fb318e40782840a3,C,598963066,1841893787,1263015384,112239020
fb318e40782840a3,C,858318702,1186274802,1649489888,2039596087
fb318e40782840a3,C,801094003,448220850,626702107,1969191859
fb318e40782840a3,C,773054636,821013016,675636451,566412258
fb318e40782840a3,C,135709418,1032497269,22209784,1724115918
fb318e40782840a3,C,762198630,1036666428,261712858,2109251844
fb318e40782840a3,C,2113953052,1454332033,55352843,931971475
fb318e40782840a3,C,976946073,143088597,2143504794,707737530
fb318e40782840a3,C,1728642412,1272405818,1109116349,1678529897
fb318e40782840a3,C,1089225994,2021896414,1229787550,208622772
fb318e40782840a3,C,22893924,893177162,1728320479,1124670579
fb318e40782840a3,C,1120130046,1192285884,527836217,1350765083
fb318e40782840a3,C,668631373,1086085425,1625110114,616542372
fb318e40782840a3,C,1138791772,1309495200,1554873992,509990703
fb318e40782840a3,C,1885924685,862787984,901189916,1890491907
fb318e40782840a3,C,1009345155,1129537102,590569234,1772100780
fb318e40782840a3,C,448633343,295134697,77063938,1168539702
fb318e40782840a3,C,484659169,1993652992,434649835,961647497
fb318e40782840a3,C,997575147,478310284,1993997493,1831798779
fb318e40782840a3,C,1613299720,1028143594,2044973883,1061437530
fb318e40782840a3,C,619023514,525605358,1379375440,1772153614
fb318e40782840a3,D,1072373754,447977698,291924188,255638043
fb318e40782840a3,D,1873594620,1436980043,694168447,758706140
fb318e40782840a3,D,1187088391,336455647,758286939,860011946
fb318e40782840a3,D,1642949964,2106031010,1041524622,294036302
fb318e40782840a3,D,290182926,133654549,1629325211,66975537
fb318e40782840a3,D,1468416377,1946383334,1521689092,577138675
fb318e40782840a3,D,900905073,1415846153,553796708,52073347
fb318e40782840a3,D,1245595966,1978289931,676025892,1699099343
fb318e40782840a3,D,697917023,524856532,1853336993,1514222338
fb318e40782840a3,D,250043034,1373537942,549233829,2111075681
fb318e40782840a3,D,1529933168,1230859072,554563103,1873019000
fb318e40782840a3,D,1473977263,1318575635,12267539,1101300509
fb318e40782840a3,D,342280867,343947140,282856574,1779254770
fb318e40782840a3,D,903425183,1713455511,1429694101,874462887
fb318e40782840a3,D,1321500221,534137386,1933177756,1122082357
fb318e40782840a3,D,1595204505,1530278903,1794165652,144611982
fb318e40782840a3,D,1523104103,161650005,1953003024,1874609514
fb318e40782840a3,D,1316189225,1895380325,1318880628,727525212
fb318e40782840a3,D,846742907,1474155366,347883148,26408064
fb318e40782840a3,D,1097900641,257188706,1341285679,253434939
fb318e40782840a3,D,2140871822,1070565697,743894978,1618842328
fb318e40782840a3,D,476859619,384230462,1032193041,1604417898
fb318e40782840a3,D,944782263,250407393,1543169265,872029599
fb318e40782840a3,D,202579164,1969697829,1066724695,1249097648
fb318e40782840a3,D,1217404210,1869351182,1711859333,351261386
fb318e40782840a3,D,1015371583,1998408103,1111368223,52230077
fb318e40782840a3,D,233016752,679851494,285715263,1956424389
fb318e40782840a3,D,448539831,1571269071,881567365,1482256738
fb318e40782840a3,D,1702121235,2046818364,1119791829,1492853456
fb318e40782840a3,D,166629404,1092066007,975180911,1094614914
fb318e40782840a3,E,1806467036,1785579303,2013708476,1467101677
fb318e40782840a3,E,212294529,1743797118,2130924278,966043312
fb318e40782840a3,E,1089920837,709013266,352606831,1215423391
fb318e40782840a3,E,702871558,1268010381,1519585924,1104844181
fb318e40782840a3,E,644831544,1011099631,995471697,1399570668
fb318e40782840a3,E,1622443118,1898902539,1009482475,125823487
fb318e40782840a3,E,62350911,467408748,575138673,374470484
fb318e40782840a3,E,1559802748,724848980,1499924620,605984058
fb318e40782840a3,E,497191367,1592487491,1664980101,794047456
fb318e40782840a3,E,1352597665,694615364,80024779,1783447353
fb318e40782840a3,E,1202920796,821378329,742667516,1686224558
fb318e40782840a3,E,925375719,1156803176,163341533,359537606
fb318e40782840a3,E,2114270806,1712325127,1630930715,812051712
fb318e40782840a3,E,240444521,1702883950,571143088,1204361226
fb318e40782840a3,E,80281545,1810452545,1423857695,154412065
fb318e40782840a3,E,485427685,1773215864,1911883666,319408970
fb318e40782840a3,E,1638429751,237118457,736590640,1739296772
fb318e40782840a3,E,1919185251,1836504443,578180945,579178145
fb318e40782840a3,E,684023347,1791445456,1956672851,216535529
fb318e40782840a3,E,1949175256,2122097545,2008436538,619510380
fb318e40782840a3,E,723661957,585158713,103058927,1197007602
fb318e40782840a3,E,1433138600,1348596970,1624361063,1320264729
fb318e40782840a3,E,1777614432,128794007,184682679,1244991719
fb318e40782840a3,E,1820388514,1999096430,7922045,1699362741
fb318e40782840a3,E,1285192342,763475516,1399237228,122763635
fb318e40782840a3,E,1574516121,865912577,1953407152,1293402294
fb318e40782840a3,E,1630998079,1229914642,854913427,311890773
fb318e40782840a3,E,1414369907,1722907709,859949358,1986007484
fb318e40782840a3,E,413395044,1167181281,1692707065,1540923875
fb318e40782840a3,E,84986575,1931259839,41089469,718982623
fb318e40782840a3,F,1558806133,895003609,105115617,634282661
fb318e40782840a3,F,2023517023,894400739,77465725,2033443391
fb318e40782840a3,F,342039098,692315466,1776857389,1222334808
fb318e40782840a3,F,765843632,895556607,898229839,1074233332
fb318e40782840a3,F,1509610250,640791741,2072898269,461446182
fb318e40782840a3,F,286844207,633112187,209425071,552245589
fb318e40782840a3,F,756319015,2025038917,1917916286,1456159034
fb318e40782840a3,F,965879746,2126668046,1306166219,23856859
fb318e40782840a3,F,1495140023,1182157983,690345344,880201798
fb318e40782840a3,F,1225411148,381519389,1121262714,961721747
fb318e40782840a3,F,1588700366,245122779,396882918,1624943965
fb318e40782840a3,F,1784533918,332721822,1685549250,1448968558
fb318e40782840a3,F,1450606074,1292891136,1598189207,669540441
fb318e40782840a3,F,1168806087,263272580,1625084766,944089361
fb318e40782840a3,F,1573092277,874395398,167725838,1145683431
fb318e40782840a3,F,389738164,1407305054,1757070914,197539972
fb318e40782840a3,F,576268862,1800236904,1877520643,2121639362
fb318e40782840a3,F,1128049373,701899379,517787121,1800765646
fb318e40782840a3,F,1920793035,536724472,1689934534,1579707849
fb318e40782840a3,F,1300151218,1451646116,395842592,1717169285
fb318e40782840a3,F,98872271,755689230,1508133564,1502341174
fb318e40782840a3,F,442560306,448516684,139614500,668841283
fb318e40782840a3,F,335024098,1079878589,1904745511,1371790869
fb318e40782840a3,F,471935377,465047930,354432461,983809156
fb318e40782840a3,F,1159878927,235082092,826240430,1864068331
fb318e40782840a3,F,1113313071,1937696566,93700820,1784600297
fb318e40782840a3,F,1871511591,98260315,46117232,1687031673
fb318e40782840a3,F,1598922665,730504549,1928293669,1329158108
fb318e40782840a3,F,2008327437,2100575446,1866842859,474266769
fb318e40782840a3,F,453586360,548128782,1055901552,1925477320
fb318e40782840a3,G,570404227,1891242182,1036908037,1117461555
fb318e40782840a3,G,191071180,353352117,172106959,1796994748
fb318e40782840a3,G,1392309228,841401187,31988560,2027982037
fb318e40782840a3,G,536284105,1360212045,1004612215,229051342
fb318e40782840a3,G,1770531406,1560126072,608486105,1406967563
fb318e40782840a3,G,1537411762,130179308,1568086345,1610758883
fb318e40782840a3,G,1552809513,1992378443,1087446507,2023901576
fb318e40782840a3,G,659811118,586835517,2071691248,554933161
fb318e40782840a3,G,1296750000,171628382,18774645,1250242673
fb318e40782840a3,G,1482167274,873737210,1288413370,1556022785
fb318e40782840a3,G,984021159,1856807785,1272099722,136871272
fb318e40782840a3,G,1547477989,827201511,441807463,110145532
fb318e40782840a3,G,618323395,1053795880,1965386358,1101810386
fb318e40782840a3,G,830909742,1343793278,1673732950,1585580238
fb318e40782840a3,G,2017444348,406607712,1166904293,1346912514
fb318e40782840a3,G,490574245,421907606,279655320,1421863415
fb318e40782840a3,G,1340668336,437429149,1371806222,586648471
fb318e40782840a3,G,2096900100,1798493285,1835123184,1974011461
fb318e40782840a3,G,1921242487,1836861957,147529944,1542447241
fb318e40782840a3,G,375393623,1699099681,1413431853,1727445411
fb318e40782840a3,G,869940055,665850314,86345129,215716271
fb318e40782840a3,G,1964707076,1103340385,1832116116,1030156576
fb318e40782840a3,G,208366199,1541594023,1588535700,1387818210
fb318e40782840a3,G,970213790,883462874,338097021,1594412509
fb318e40782840a3,G,2088844345,1572311416,1415131501,449787801
fb318e40782840a3,G,773603984,447714738,1566950490,2001045701
fb318e40782840a3,G,1003488908,1864222301,685584010,51136617
fb318e40782840a3,G,1307050554,679509917,1650826769,923443955
fb318e40782840a3,G,1241499930,1722836412,757726715,1448154028
fb318e40782840a3,G,100392289,1498848264,2139275658,211569935
fb318e40782840a3,H,408449106,246362744,786272845,157401807
fb318e40782840a3,H,1578687508,2019947300,508048660,733613352
fb318e40782840a3,H,1831017593,1701348354,1386928830,712475402
fb318e40782840a3,H,1593515853,1248254108,1575081266,620709380
fb318e40782840a3,H,1234713699,2004172597,1001757134,1374768563
fb318e40782840a3,H,343704947,487568823,1044595039,1477233499
fb318e40782840a3,H,1202318450,213225036,162112277,840227386
fb318e40782840a3,H,615289813,1637390417,78236383,1697781406
fb318e40782840a3,H,1996108597,347283210,1335079426,5268578
fb318e40782840a3,H,581585105,1344250366,540070093,963817429
fb318e40782840a3,H,746510691,946920678,1338281228,342473145
fb318e40782840a3,H,1747790530,1200907075,1279329268,1044526441
fb318e40782840a3,H,2076195685,1709512065,531207184,1292146303
fb318e40782840a3,H,1205047653,1660790989,912939460,27328803
fb318e40782840a3,H,536727913,1401869761,174491901,178705211
fb318e40782840a3,H,1980607482,1177880005,1817370162,478998857
fb318e40782840a3,H,678916741,1159447196,1114928398,649204417
fb318e40782840a3,H,673466328,1210405306,1446665304,1614358993
fb318e40782840a3,H,1935698808,1230291163,1049408449,302823422
fb318e40782840a3,H,1251594961,1870246711,862669553,1565595148
fb318e40782840a3,H,1717808703,1105569847,617605117,1333044913
fb318e40782840a3,H,718958635,978719157,1652338659,1347009845
fb318e40782840a3,H,71909514,870362291,1815047549,1313277239
fb318e40782840a3,H,1208042533,215473083,317170576,764672845
fb318e40782840a3,H,2124385079,1547569547,1458399805,1637498168
fb318e40782840a3,H,384608764,1637307651,389784861,1457753914
fb318e40782840a3,H,462476943,4447236,881631282,1036604004
fb318e40782840a3,H,560684760,1676908819,1371215314,1696264224
fb318e40782840a3,H,453677180,1883933485,348260622,575649877
fb318e40782840a3,H,957074635,379311900,1088069140,811398668
fb318e40782840a3,I,772260945,1561161271,737052705,721959591
fb318e40782840a3,I,531111077,546663927,959754948,99421557
fb318e40782840a3,I,76604255,1897471369,1104447346,1332509095
fb318e40782840a3,I,1220442829,1669698183,1214917091,2084265605
fb318e40782840a3,I,1397120165,1816528915,558274125,856672654
fb318e40782840a3,I,75671233,314095418,680195928,1745213916
fb318e40782840a3,I,2074481330,359423288,1711980657,980132809
fb318e40782840a3,I,385792332,799002659,679673551,1560712280
fb318e40782840a3,I,860852180,485115048,1074764796,1183663533
fb318e40782840a3,I,1951683450,1138420644,289723801,1255992828
fb318e40782840a3,I,795328910,999227720,1593252143,1291208725
fb318e40782840a3,I,796745239,1323238637,1268907236,1867083953
fb318e40782840a3,I,1581931733,1552392925,383008906,1864760794
fb318e40782840a3,I,1847415000,714231371,1293652364,1385092760
fb318e40782840a3,I,248615601,1092755528,787491276,1826972429
fb318e40782840a3,I,1593111020,1048814331,1707237382,2052993946
fb318e40782840a3,I,726043018,451315837,1260778770,504190752
fb318e40782840a3,I,1551261654,1023192336,5007807,1698649122
fb318e40782840a3,I,1106480774,810125941,1336420239,41057878
fb318e40782840a3,I,231847678,382995793,893570617,241004249
fb318e40782840a3,I,1553394512,1455552098,240677243,574874926
fb318e40782840a3,I,117428427,867235298,1977324631,1818142460
fb318e40782840a3,I,826637569,1692001522,1346877861,1656284660
fb318e40782840a3,I,1939147847,1417649492,2033600059,1455799147
fb318e40782840a3,I,743055059,1989013551,536944437,1940700031
fb318e40782840a3,I,1461677845,684595998,1409412146,801276872
fb318e40782840a3,I,2039893145,1202773704,860957230,2130029329
fb318e40782840a3,I,300570245,1148596922,263169554,997027492
fb318e40782840a3,I,1028664700,186409760,84119712,1846352791
fb318e40782840a3,I,365216508,1686151793,534375918,231536535
fb318e40782840a3,J,1886234529,1512805467,160928070,2142840709
fb318e40782840a3,J,72550840,2079850883,969489108,1647472410
fb318e40782840a3,J,1033848442,166645302,1211278182,908086450
fb318e40782840a3,J,700670429,874380839,1592583537,1952131141
fb318e40782840a3,J,1220442609,947389395,1677029452,530649377
fb318e40782840a3,J,1378573742,1670277477,306878728,1358030382
fb318e40782840a3,J,874351211,1291989952,1835867285,1799399483
fb318e40782840a3,J,199072063,2008263102,1012609460,1961863686
fb318e40782840a3,J,376602650,1733998741,1045057817,201671205
fb318e40782840a3,J,1413620547,1047070873,559983626,1780628067
fb318e40782840a3,J,96878234,786931482,1608653292,823936285
fb318e40782840a3,J,1582258814,1237612395,334935348,322621021
fb318e40782840a3,J,1400175061,478106277,1431295287,1670896107
fb318e40782840a3,J,1387535728,1445690984,1094827533,1966580697
fb318e40782840a3,J,693031571,581141258,1240014254,1364969229
fb318e40782840a3,J,444240010,96199624,273442080,1668376363
fb318e40782840a3,J,921144454,1206137769,1456654663,696010787
fb318e40782840a3,J,976781096,1460590292,2055486701,1856316190
fb318e40782840a3,J,1932172768,810651771,1973323308,1910593394
fb318e40782840a3,J,1618220632,22122011,436679954,2089826378
fb318e40782840a3,J,1138696504,1125527129,1855627672,234219869
fb318e40782840a3,J,88890494,1627459723,610410922,485260974
fb318e40782840a3,J,1557094917,1169857358,1661956807,1239932167
fb318e40782840a3,J,1862847184,612405908,1864519980,2121555339
fb318e40782840a3,J,1470901067,74101815,383685780,443790943
fb318e40782840a3,J,502604214,611789537,502227407,1856263534
fb318e40782840a3,J,1141660372,1749107787,738863936,1272450402
fb318e40782840a3,J,1145054816,215432189,697181960,1500992535
fb318e40782840a3,J,1649141020,717464150,1757386368,735250761
fb318e40782840a3,J,1523480083,299805787,562159261,1271901318
fb318e40782840a3,K,1545057966,1671054081,1490607506,1324238285
fb318e40782840a3,K,389311358,1989138843,2016694493,1558044918
fb318e40782840a3,K,1542856377,1663777220,1909354007,1183968821
fb318e40782840a3,K,394212054,810189545,246330657,1128924922
fb318e40782840a3,K,406648964,1942351623,544101189,1525368666
fb318e40782840a3,K,163743078,1442172432,1221760423,1676508048
fb318e40782840a3,K,1396703963,1605811979,761929893,324293213
fb318e40782840a3,K,603730629,2063397254,1532912974,1517596020
fb318e40782840a3,K,1480875518,1084489708,683529174,176721977
fb318e40782840a3,K,1945616253,1029611496,557802667,854018357
fb318e40782840a3,K,409835244,1107011642,145959282,1206632007
fb318e40782840a3,K,144851728,732810655,839912563,920400535
fb318e40782840a3,K,2140945536,130251073,1128967156,1229779021
fb318e40782840a3,K,2137318764,1214286634,917333216,1481800666
fb318e40782840a3,K,909041605,1153660502,1820286575,1948679303
fb318e40782840a3,K,234968380,1809177180,1878794083,1447255410
fb318e40782840a3,K,1318374140,396519692,1054566949,1979769442
fb318e40782840a3,K,136826594,205463820,1449815639,1642600547
fb318e40782840a3,K,2015629377,1821692769,1894589754,2047589734
fb318e40782840a3,K,55141621,1208057018,244248776,758393147
fb318e40782840a3,K,1051225232,1435823434,1797908041,1800708857
fb318e40782840a3,K,62013268,240511446,1668166756,1917191452
fb318e40782840a3,K,463907961,779727628,145611290,191916811
fb318e40782840a3,K,700219994,817533308,380507235,1617428522
fb318e40782840a3,K,1954826042,893562790,1693031559,1962865919
fb318e40782840a3,K,397530910,1786113038,759418789,1304793882
fb318e40782840a3,K,1731398623,309238068,1388683454,668244737
fb318e40782840a3,K,838999244,604210591,509633080,1881503765
fb318e40782840a3,K,325104539,1935470712,1301493047,189596685
fb318e40782840a3,K,369320344,1322605307,1868387536,706535627
fb318e40782840a3,L,672740395,388327800,281436202,1516273968
fb318e40782840a3,L,94126857,365878359,1085524885,1828628297
fb318e40782840a3,L,313801876,21442681,1846448883,2030508503
fb318e40782840a3,L,618504535,2045967068,1741388956,1757198415
fb318e40782840a3,L,293617307,716511596,1537807232,416427851
fb318e40782840a3,L,1821619486,2107216938,1187383981,916072817
fb318e40782840a3,L,2081778756,1797902951,456362847,915741035
fb318e40782840a3,L,501463877,924596364,358639448,1172637222
fb318e40782840a3,L,1307661554,1983964777,981138954,1657801420
fb318e40782840a3,L,493841699,812207493,185877005,1691482022
fb318e40782840a3,L,319218836,1971281815,1928068313,2071160788
fb318e40782840a3,L,952028593,1528190233,2073985576,1306894086
fb318e40782840a3,L,1272508744,1529248554,467794127,43105539
fb318e40782840a3,L,601109094,383325207,1068700473,1384654588
fb318e40782840a3,L,1155258062,809742506,179683300,951202250
fb318e40782840a3,L,628457244,748028603,44088978,1515580727
fb318e40782840a3,L,1499886756,225666856,1976086589,2081408816
fb318e40782840a3,L,1798938084,565435587,1555033588,983939772
fb318e40782840a3,L,2013618367,168975240,903182109,1396511213
fb318e40782840a3,L,572253656,898401934,360547083,2128407589
fb318e40782840a3,L,1577932277,1384942021,2025551429,1558114198
fb318e40782840a3,L,1094961587,177306173,1851137771,2074996218
fb318e40782840a3,L,820045391,1110167537,22686169,85138931
fb318e40782840a3,L,1379920565,2033283900,954993558,699674404
fb318e40782840a3,L,1109041362,1215126501,1751763420,1179672319
fb318e40782840a3,L,267921856,818833031,908283360,364994722
fb318e40782840a3,L,499303779,1099402446,1300263512,1706294862
fb318e40782840a3,L,965567135,34624725,435834508,1724210459
fb318e40782840a3,L,2034023432,1918913472,180802549,521378041
fb318e40782840a3,L,1143018254,2077213571,1501391703,1707705630
747e95d1e359d9b1,A,925933546,1246843167,122974575,1583937155
747e95d1e359d9b1,A,258858676,1397208561,2124441140,1297854873
747e95d1e359d9b1,A,1197760352,1427645054,1335267713,1963136347
747e95d1e359d9b1,A,2078331210,1912996753,2098546036,350219482
747e95d1e359d9b1,A,1502372576,338797036,1617892851,93652786
747e95d1e359d9b1,A,617978381,818759236,1871732833,1489540647
747e95d1e359d9b1,A,1802535677,514124774,592407541,483825172
747e95d1e359d9b1,A,681070116,1131402815,1773581738,303344902
747e95d1e359d9b1,A,1146093436,1886882191,1315170580,1651450492
747e95d1e359d9b1,A,481387806,1263946107,1047842147,140228207
747e95d1e359d9b1,A,651869185,401726547,511418044,858251537
747e95d1e359d9b1,A,1721309309,724405332,864646014,166863967
747e95d1e359d9b1,A,1252865683,617527434,2041834345,1525103007
747e95d1e359d9b1,A,1680974691,60696838,1604609487,1229865365
747e95d1e359d9b1,A,38203647,1452028945,329394125,1853777140
747e95d1e359d9b1,A,1193970686,1049853531,1402676136,1107193079
747e95d1e359d9b1,A,1569293920,144961742,277296319,1106009893
747e95d1e359d9b1,A,2022732051,2084387396,1775941418,1922334808
747e95d1e359d9b1,A,1586343850,1149996479,81673516,1668623774
747e95d1e359d9b1,A,534547526,1414939299,1395313743,1114006676
747e95d1e359d9b1,A,328089228,299594903,443944549,1823993092
747e95d1e359d9b1,A,1535003029,610948226,102463560,127882166
747e95d1e359d9b1,A,502528668,606210444,1157032842,1243518572
747e95d1e359d9b1,A,1306188683,1852466530,1116288615,1750838498
747e95d1e359d9b1,A,1005825932,228808930,504464710,1863289764
747e95d1e359d9b1,A,208253818,416571739,360285301,341839277
747e95d1e359d9b1,A,1696541555,472216680,621459288,169092603
747e95d1e359d9b1,A,734980595,1348418739,1022492280,1734929450
747e95d1e359d9b1,A,541313873,1830982493,912403505,321846015
747e95d1e359d9b1,A,481317128,541222343,1811646598,1386195285
747e95d1e359d9b1,B,1305358578,1671033934,1430463852,1376285846
747e95d1e359d9b1,B,1854888205,322974456,1663566055,50526912
747e95d1e359d9b1,B,390976314,772113853,282002060,7780701
747e95d1e359d9b1,B,1484407166,949063578,1418078926,519923561
747e95d1e359d9b1,B,735968670,350787922,783191751,1468596668
747e95d1e359d9b1,B,711668758,1381076243,1956047229,1230313491
747e95d1e359d9b1,B,1182065497,372514022,445843342,613818884
747e95d1e359d9b1,B,419428864,1220294427,678492554,1707778001
747e95d1e359d9b1,B,1808790555,505156391,436017336,1142638224
747e95d1e359d9b1,B,567571532,1746219849,1769898882,422914727
747e95d1e359d9b1,B,1522894036,1030522195,1554167644,2062984785
747e95d1e359d9b1,B,1350847431,110194888,830766413,1306251048
747e95d1e359d9b1,B,763858558,1441378838,1402921867,612618673
747e95d1e359d9b1,B,1238445674,606123225,2083164485,128497992
747e95d1e359d9b1,B,1977397126,438390486,963147134,1619821417
747e95d1e359d9b1,B,1484840804,1331448032,863047520,164488796
747e95d1e359d9b1,B,1253376380,1863642263,1753537180,327954352
747e95d1e359d9b1,B,940662798,91206456,609590144,2065427
747e95d1e359d9b1,B,1567451011,1779827240,1731152884,812601515
747e95d1e359d9b1,B,1632029477,2008759991,80455147,1405588617
747e95d1e359d9b1,B,272865633,248400024,1661445018,1230319593
747e95d1e359d9b1,B,843563855,324858484,178133254,2053400456
747e95d1e359d9b1,B,192938512,1646309304,531286107,979831601
747e95d1e359d9b1,B,1259355446,540958078,829722252,565751278
747e95d1e359d9b1,B,1820053250,606829296,1052102936,1438605505
747e95d1e359d9b1,B,1543278644,1478662466,532635182,1153605825
747e95d1e359d9b1,B,1531886032,810006194,542606908,1390050051
747e95d1e359d9b1,B,252909786,2013131801,1145685354,1273992993
747e95d1e359d9b1,B,1644094019,710389302,1275783435,833557733
747e95d1e359d9b1,B,1794348101,543183236,1960124744,432172149
747e95d1e359d9b1,C,889661093,550848219,1062589273,1221476578
747e95d1e359d9b1,C,594856080,1320074399,2040467394,1463685826
747e95d1e359d9b1,C,1003910941,959055264,208879054,1245384432
747e95d1e359d9b1,C,266853406,582029213,1080551319,1044327861
747e95d1e359d9b1,C,826281065,973231551,1130841210,1620011487
747e95d1e359d9b1,C,1154432704,804566741,1062741276,594206266
747e95d1e359d9b1,C,847397626,23930824,1354658388,1063939568
747e95d1e359d9b1,C,456559153,746051045,733404281,703735803
747e95d1e359d9b1,C,483453921,214725890,1846178428,2087282619
747e95d1e359d9b1,C,1591275412,79326645,1106117300,2000399209
747e95d1e359d9b1,C,199759354,488864609,1496874878,174190933
747e95d1e359d9b1,C,1446968006,1788128579,716362245,1804663953
747e95d1e359d9b1,C,765186798,1910447233,1915899427,1562180288
747e95d1e359d9b1,C,1462638604,1533678449,1662581076,789727935
747e95d1e359d9b1,C,1175695458,535195912,1722212970,979733238
747e95d1e359d9b1,C,1478023826,1077861984,1201948302,2077482896
747e95d1e359d9b1,C,1551918847,835605385,1943371616,145749595
747e95d1e359d9b1,C,492590560,569414325,1819316110,346871818
747e95d1e359d9b1,C,710877951,763303484,422398225,351288334
747e95d1e359d9b1,C,1392169832,1914394219,989895295,800215880
747e95d1e359d9b1,C,1608767827,938273495,330207126,1022036769
747e95d1e359d9b1,C,1993351040,465963220,1242601452,1317697686
747e95d1e359d9b1,C,702524728,1536042545,841481235,1744085056
747e95d1e359d9b1,C,1123772212,706958094,1524041266,1886732484
747e95d1e359d9b1,C,425148412,1963249846,1120630291,1259316449
747e95d1e359d9b1,C,1790456940,1023355359,486403857,1775514590
747e95d1e359d9b1,C,624118244,1366026498,869714711,417429310
747e95d1e359d9b1,C,452927362,912821007,989219819,1350974867
747e95d1e359d9b1,C,547135656,1144879119,318912981,2022465559
747e95d1e359d9b1,C,1866347084,1326841542,149868218,592007848
747e95d1e359d9b1,D,48375310,1565187059,924624870,835403565
747e95d1e359d9b1,D,131852008,1628196629,926572319,324897067
747e95d1e359d9b1,D,484580888,486206075,523306308,1942832874
747e95d1e359d9b1,D,2022323149,367306723,841042928,960876403
747e95d1e359d9b1,D,1217643460,1465472336,1019802452,26098226
747e95d1e359d9b1,D,2120342736,556007827,256262527,870500655
747e95d1e359d9b1,D,1404784682,1129215697,1600789063,2105813277
747e95d1e359d9b1,D,1422294814,1531009804,1010148033,1086887067
747e95d1e359d9b1,D,1652147693,1317857476,1534346193,867815585
747e95d1e359d9b1,D,912919808,1314373634,1797677881,584360247
747e95d1e359d9b1,D,1925206435,672604788,847872270,992142405
747e95d1e359d9b1,D,605100901,541951564,398398610,400151555
747e95d1e359d9b1,D,1014404322,1066094528,1644858287,972145752
747e95d1e359d9b1,D,1487394911,1041291022,1833580606,1863285133
747e95d1e359d9b1,D,1253032548,1141525603,618992013,1742490710
747e95d1e359d9b1,D,192520782,1054623326,1199926991,2052585997
747e95d1e359d9b1,D,1754505267,612393300,942958272,1815860710
747e95d1e359d9b1,D,441369404,1101628522,1844605282,1767030700
747e95d1e359d9b1,D,1630468430,2013803794,195608977,657699511
747e95d1e359d9b1,D,322043414,994418604,1920505335,422438688
747e95d1e359d9b1,D,273672690,1089764462,297398880,703004921
747e95d1e359d9b1,D,928065473,1973359968,468487362,1897082826
747e95d1e359d9b1,D,82976682,1267158394,1725305940,1603889078
747e95d1e359d9b1,D,314009301,1686812837,954022125,664109484
747e95d1e359d9b1,D,843940797,223219849,414677127,1759852776
747e95d1e359d9b1,D,825282714,1587848982,1140872014,1594580817
747e95d1e359d9b1,D,642180306,631353069,1629833155,1709549830
747e95d1e359d9b1,D,109754789,2056658303,862516241,260106087
747e95d1e359d9b1,D,1199498443,1925862454,1754523122,1027062015
747e95d1e359d9b1,D,401322843,1217257161,251707262,545633560
747e95d1e359d9b1,E,1749569423,1871906837,1930486867,1008028971
747e95d1e359d9b1,E,1043136381,1339364307,1840021307,1116946799
747e95d1e359d9b1,E,753451969,1098843095,1357521826,1895310192
747e95d1e359d9b1,E,600736064,1464638244,1629794403,635614356
747e95d1e359d9b1,E,1278033004,2005172031,1405183644,2050044766
747e95d1e359d9b1,E,998173279,550259878,304044331,376687267
747e95d1e359d9b1,E,942890859,540375505,175198173,1923902086
747e95d1e359d9b1,E,1048198086,164331115,1796818596,1401680197
747e95d1e359d9b1,E,1543673993,987763075,97497364,1513516452
747e95d1e359d9b1,E,52694131,1241200078,340797089,198486069
747e95d1e359d9b1,E,699267196,669265370,1946062225,207128030
747e95d1e359d9b1,E,244427858,1177038758,1425106075,263853037
747e95d1e359d9b1,E,1958386716,772534493,293534110,276655759
747e95d1e359d9b1,E,1506503168,907405460,330551538,1361985220
747e95d1e359d9b1,E,2034447677,1066349646,677384939,535492913
747e95d1e359d9b1,E,128103563,1995957086,686432261,1334604925
747e95d1e359d9b1,E,455399204,1016830933,398110790,284137073
747e95d1e359d9b1,E,448035234,1125684729,1185909090,1679114637
747e95d1e359d9b1,E,773626367,1388179838,1088740786,1881880758
747e95d1e359d9b1,E,2988360,1161593085,1528801242,1626204072
747e95d1e359d9b1,E,69127101,688580029,1620067836,1218941525
747e95d1e359d9b1,E,1714778170,1353388524,965730906,1419224717
747e95d1e359d9b1,E,856699399,15181511,1549202598,2075658441
747e95d1e359d9b1,E,668420270,321529979,1837261140,158046257
747e95d1e359d9b1,E,834944283,356381121,1485846331,591242867
747e95d1e359d9b1,E,434158867,1926981594,412458219,125838909
747e95d1e359d9b1,E,1167394342,21277081,738918269,1648289300
747e95d1e359d9b1,E,254496209,510575643,293909424,2051326832
747e95d1e359d9b1,E,1548389917,1572799033,1214219132,851006885
747e95d1e359d9b1,E,390486552,1674894894,705843710,1477267443
747e95d1e359d9b1,F,1388347164,1442194942,1231680620,1183681461
747e95d1e359d9b1,F,544874031,182940035,1369302289,139084253
747e95d1e359d9b1,F,1657955305,940621102,736649168,1855635346
747e95d1e359d9b1,F,720007226,75416669,2068264208,584642891
747e95d1e359d9b1,F,894482494,932145929,771262985,232721524
747e95d1e359d9b1,F,489842701,893282529,1751726446,254952669
747e95d1e359d9b1,F,1336416259,143569494,2039226564,652132574
747e95d1e359d9b1,F,24659134,1817118421,1495611808,2074998085
747e95d1e359d9b1,F,1723199841,1367558520,1950712592,1322667439
747e95d1e359d9b1,F,595178506,1118769174,427348648,1854453142
747e95d1e359d9b1,F,1247360139,482798149,1623833826,1461045407
747e95d1e359d9b1,F,1685016777,903353028,1011603334,1891106870
747e95d1e359d9b1,F,892504613,1246029358,1792622360,819567676
747e95d1e359d9b1,F,320706015,1316583003,2022789844,1107434229
747e95d1e359d9b1,F,318786599,682988760,1370389873,1441379981
747e95d1e359d9b1,F,661718398,566133574,568662531,1997315395
747e95d1e359d9b1,F,448753078,969082390,912722159,1098819944
747e95d1e359d9b1,F,571573183,908778401,648668728,1561708531
747e95d1e359d9b1,F,667700798,1053125466,1345155655,940180144
747e95d1e359d9b1,F,204439707,727199702,638426624,464257917
747e95d1e359d9b1,F,1374817353,1091581976,1818638155,965353818
747e95d1e359d9b1,F,1090017521,1508398051,1650958015,1825822343
747e95d1e359d9b1,F,1907544984,100833802,481742621,214500223
747e95d1e359d9b1,F,1159187059,1540501759,290778930,865809097
747e95d1e359d9b1,F,1488425814,2044544949,1663806597,272994526
747e95d1e359d9b1,F,388330022,1920455502,24715163,1744247385
747e95d1e359d9b1,F,1572412862,495126675,1590898033,750267421
747e95d1e359d9b1,F,770803797,553577453,2058664902,1392033638
747e95d1e359d9b1,F,1276711210,56674427,398109565,1667270142
747e95d1e359d9b1,F,657274101,1642237027,1712248643,1544549335
747e95d1e359d9b1,G,219613772,416872483,964963574,292130274
747e95d1e359d9b1,G,293949537,2034986860,1643747667,961737936
747e95d1e359d9b1,G,1551556467,331805816,1942766133,795391899
747e95d1e359d9b1,G,2101608923,1847169809,1130286625,1621457987
747e95d1e359d9b1,G,1812632909,1389377142,1151429559,1520136993
747e95d1e359d9b1,G,212923356,2060981798,861896895,1596758746
747e95d1e359d9b1,G,1604755407,474531067,350758906,1714589808
747e95d1e359d9b1,G,1003626570,649054941,1471723751,50760910
747e95d1e359d9b1,G,73000932,126930430,1000837457,643068083
747e95d1e359d9b1,G,826354873,463126788,1099164626,1533615857
747e95d1e359d9b1,G,1514082132,1647660597,982456032,1396089004
747e95d1e359d9b1,G,37751191,1908608918,484192861,710477494
747e95d1e359d9b1,G,952585682,231282161,580352624,1271424500
747e95d1e359d9b1,G,1205721449,357466793,1889458146,2058951759
747e95d1e359d9b1,G,1731381005,93857718,177442407,1817493601
747e95d1e359d9b1,G,1427959128,978582058,1541967698,226651829
747e95d1e359d9b1,G,1635151421,1394031114,1400632313,812873598
747e95d1e359d9b1,G,815844877,2025515316,2024312420,863531436
747e95d1e359d9b1,G,346042673,1140808843,172223865,1729553515
747e95d1e359d9b1,G,1868754807,1875234531,358976228,1885711163
747e95d1e359d9b1,G,692510350,440594173,1006155980,479609014
747e95d1e359d9b1,G,2120252792,412686042,996614890,740971255
747e95d1e359d9b1,G,1630079092,1402371451,658136706,1982910705
747e95d1e359d9b1,G,1378984963,1246486041,2047686701,179611215
747e95d1e359d9b1,G,730045639,1534877305,1718815966,1038417523
747e95d1e359d9b1,G,70512205,1740986674,263135430,885863284
747e95d1e359d9b1,G,676792201,2027954884,962518625,780598863
747e95d1e359d9b1,G,1774720271,839644083,1328036503,647403305
747e95d1e359d9b1,G,1605324897,664798971,1206637219,419818726
747e95d1e359d9b1,G,320516737,1430280325,794149528,205435190
747e95d1e359d9b1,H,1724856110,516653104,1111989048,2020666358
747e95d1e359d9b1,H,192445993,1730914259,1786119224,1985884224
747e95d1e359d9b1,H,1625973617,265933150,1775920024,2127889669
747e95d1e359d9b1,H,748028190,2030516654,946608590,1803235599
747e95d1e359d9b1,H,1417686940,549578342,223511227,396217800
747e95d1e359d9b1,H,1417583123,952822751,651072347,1260708149
747e95d1e359d9b1,H,1561056690,65547872,1190712176,1355225128
747e95d1e359d9b1,H,707220425,292562489,1390984258,991335271
747e95d1e359d9b1,H,746962604,695847345,1667340817,1544917382
747e95d1e359d9b1,H,1931313254,1528251966,1110379009,894372047
747e95d1e359d9b1,H,1571227207,592165736,375976669,1646251506
747e95d1e359d9b1,H,1154599711,1451273914,893104695,1884010015
747e95d1e359d9b1,H,2011323873,1803234290,1261077865,703124865
747e95d1e359d9b1,H,1724192527,1304216287,419774439,1759946758
747e95d1e359d9b1,H,1253239031,1256021165,1179097666,1873265792
747e95d1e359d9b1,H,1043179852,1671897753,1017866499,1731236263
747e95d1e359d9b1,H,1450995307,1059989266,296604172,555202645
747e95d1e359d9b1,H,488352719,800881817,193481798,760714899
747e95d1e359d9b1,H,1592675870,2091305034,1741241195,1660290928
747e95d1e359d9b1,H,1098885154,1773935153,2017775078,554884063
747e95d1e359d9b1,H,527683706,682554683,184669498,2026728892
747e95d1e359d9b1,H,1935476580,705492420,1921778103,455430491
747e95d1e359d9b1,H,645465769,438080338,895664642,1735358437
747e95d1e359d9b1,H,1746321632,1109006929,2095850724,1276615725
747e95d1e359d9b1,H,1498476473,571293929,363685197,362180403
747e95d1e359d9b1,H,911380623,41221299,176703973,1925831562
747e95d1e359d9b1,H,1980685742,157925152,1758954864,1583591310
747e95d1e359d9b1,H,2090170591,1107582050,1082782095,405068249
747e95d1e359d9b1,H,176435529,1381804570,1545789748,2016562395
747e95d1e359d9b1,H,142239523,1469280593,1275080961,1936173428
747e95d1e359d9b1,I,1458806683,157715823,239607337,1059147502
747e95d1e359d9b1,I,1744276892,1519941075,869893680,12410486
747e95d1e359d9b1,I,924014896,1675490778,302344743,601098147
747e95d1e359d9b1,I,1320266159,62381166,651532238,1132158532
747e95d1e359d9b1,I,547258814,928424847,160295710,673165244
747e95d1e359d9b1,I,304777378,236956161,1599277085,1457305655
747e95d1e359d9b1,I,2120701381,2100978630,1436402836,1520331466
747e95d1e359d9b1,I,1051976665,953958574,604503682,1624437151
747e95d1e359d9b1,I,1470435470,890800706,464847005,203458600
747e95d1e359d9b1,I,1160554109,17343621,1879857960,1056707610
747e95d1e359d9b1,I,2045766095,879122558,793231982,1267890694
747e95d1e359d9b1,I,197379813,2123991560,1793322536,271685115
747e95d1e359d9b1,I,614072524,597474363,1332202677,2137215522
747e95d1e359d9b1,I,2094302071,1424235254,102045151,328476826
747e95d1e359d9b1,I,1117626623,1275012322,1542621825,1658114134
747e95d1e359d9b1,I,1268334718,923713974,1832403016,598772013
747e95d1e359d9b1,I,2464583,623087064,78396089,248624583
747e95d1e359d9b1,I,540956575,1445903964,1078768479,1817635209
747e95d1e359d9b1,I,635091554,47351777,316868733,26150233
747e95d1e359d9b1,I,246851751,1535606086,798807309,404816111
747e95d1e359d9b1,I,1200830367,1328975227,315229864,1723202472
747e95d1e359d9b1,I,1193266666,1623801046,53556908,1468116359
747e95d1e359d9b1,I,2092085709,1903363225,1768964222,1923952248
747e95d1e359d9b1,I,712768088,2090625294,1629132569,706125729
747e95d1e359d9b1,I,1800134359,277336901,603090729,548244002
747e95d1e359d9b1,I,366760047,731918943,326878657,575844556
747e95d1e359d9b1,I,1614223595,1932926929,1249676776,1138270457
747e95d1e359d9b1,I,1147803132,1572357596,1688017341,609404997
747e95d1e359d9b1,I,463407664,1847576281,1791888871,695443034
747e95d1e359d9b1,I,878370799,1402534592,836180602,629924593
747e95d1e359d9b1,J,135210511,1456394891,743569043,480319036
747e95d1e359d9b1,J,951433304,375080217,1284894164,742824875
747e95d1e359d9b1,J,1716026507,1352573105,1292326538,648781433
747e95d1e359d9b1,J,1602836624,295788242,1470648269,945347134
747e95d1e359d9b1,J,578396013,962274401,1346388547,904588847
747e95d1e359d9b1,J,277794664,481614135,880331112,1956598002
747e95d1e359d9b1,J,1681396791,1614772012,1177364549,509094266
747e95d1e359d9b1,J,1731234352,1506587995,1841166061,910976085
747e95d1e359d9b1,J,337574877,1732161125,1959173409,325570284
747e95d1e359d9b1,J,467722458,1040697136,199754212,487410417
747e95d1e359d9b1,J,497365983,767001024,1689340360,163495899
747e95d1e359d9b1,J,1604305194,796255203,1470841771,748884103
747e95d1e359d9b1,J,1678464834,1297319360,1011743750,1030086962
747e95d1e359d9b1,J,1984405438,438078625,1858810180,490801000
747e95d1e359d9b1,J,357728770,143112554,946784160,1814080357
747e95d1e359d9b1,J,634061223,485343414,127753953,2021377407
747e95d1e359d9b1,J,954782713,1633766836,1447630599,726707085
747e95d1e359d9b1,J,480113947,1319297692,143217257,1821202554
747e95d1e359d9b1,J,166378414,985818620,266636658,2101541231
747e95d1e359d9b1,J,33350254,1951191502,48480078,537131342
747e95d1e359d9b1,J,1220550698,501243246,1172333848,1451471414
747e95d1e359d9b1,J,1286835273,779344750,853918682,1887270804
747e95d1e359d9b1,J,988860708,1962713574,1354876971,1325589868
747e95d1e359d9b1,J,609117290,1111801120,1907621091,88158135
747e95d1e359d9b1,J,1718046896,732360805,2013762497,1348098070
747e95d1e359d9b1,J,815461367,197407865,1224036546,1208455785
747e95d1e359d9b1,J,1551351458,1856401840,689394486,1465570882
747e95d1e359d9b1,J,1061338177,1334231170,1869323533,996485068
747e95d1e359d9b1,J,794400215,770302567,2045156315,53378772
747e95d1e359d9b1,J,2026770131,1998923059,638886356,901260383
747e95d1e359d9b1,K,550940204,698748248,1551246485,1498141692
747e95d1e359d9b1,K,489105888,1309274462,1349970497,162386523
747e95d1e359d9b1,K,1420638368,2110879701,891157938,1550615957
747e95d1e359d9b1,K,569256970,953447166,2137911358,425563460
747e95d1e359d9b1,K,888327356,213281881,753016705,878782184
747e95d1e359d9b1,K,373184171,1204720318,864183022,49592386
747e95d1e359d9b1,K,999105535,1573868362,2084371125,1558041706
747e95d1e359d9b1,K,890398501,2127429445,843500626,840981633
747e95d1e359d9b1,K,1939540372,723350751,1810443272,37657284
747e95d1e359d9b1,K,1224560791,1397062721,1650160197,1070015545
747e95d1e359d9b1,K,1733017466,183449533,845463252,1357244301
747e95d1e359d9b1,K,1313327247,911124068,194922104,1926269277
747e95d1e359d9b1,K,289715609,1348539254,1411069786,2000376060
747e95d1e359d9b1,K,1148888052,818442758,200197970,1588074473
747e95d1e359d9b1,K,435304498,194896586,670231758,720145436
747e95d1e359d9b1,K,338969839,1694606044,586628248,315416060
747e95d1e359d9b1,K,333731969,807646345,1919536497,887079616
747e95d1e359d9b1,K,1770666558,194510243,1201652359,1040301980
747e95d1e359d9b1,K,2108066911,2041913446,934701957,1006969674
747e95d1e359d9b1,K,90991176,1577329373,1438302408,1611046878
747e95d1e359d9b1,K,1499212214,1434573593,1303837203,263905242
747e95d1e359d9b1,K,1395909891,1551287344,979391458,851274514
747e95d1e359d9b1,K,1728620428,1765246560,725607234,1117016079
747e95d1e359d9b1,K,1314030914,8645525,1253031766,976276847
747e95d1e359d9b1,K,1964955774,1620562169,1368840854,1287675058
747e95d1e359d9b1,K,1275418603,761270741,1778404797,1047064573
747e95d1e359d9b1,K,224637410,881294098,1181832517,138064954
747e95d1e359d9b1,K,269212141,1934267845,701751139,1711602257
747e95d1e359d9b1,K,1947001822,1397503161,1852794830,1621961465
747e95d1e359d9b1,K,381712708,595497813,1649680612,800112536
747e95d1e359d9b1,L,1341020692,1348293773,1178462470,1633169661
747e95d1e359d9b1,L,1387615115,1099134858,1933137658,792329578
747e95d1e359d9b1,L,631131538,1595636983,1618901467,1478370398
747e95d1e359d9b1,L,1080424384,912414613,2140903903,1638387647
747e95d1e359d9b1,L,1323570724,310803350,156763540,1737653632
747e95d1e359d9b1,L,1578450480,1575823956,868729541,868919719
747e95d1e359d9b1,L,1462836900,1376893693,2147079889,2004127114
747e95d1e359d9b1,L,1298310777,1066932546,541461152,952100591
747e95d1e359d9b1,L,1752794619,165496296,1629140158,1538444046
747e95d1e359d9b1,L,1308123799,161124588,1293651556,2049620072
747e95d1e359d9b1,L,1224279185,1935647797,1129183073,1711044296
747e95d1e359d9b1,L,1102299225,1275618282,977440094,730200379
747e95d1e359d9b1,L,787703566,830309161,510146890,1650698250
747e95d1e359d9b1,L,1203774617,599479232,735031190,1125904368
747e95d1e359d9b1,L,367500109,1278615144,2079340991,2049091549
747e95d1e359d9b1,L,1417824409,464765289,1987331479,1879687309
747e95d1e359d9b1,L,1023953858,1683622203,2130479747,1752839295
747e95d1e359d9b1,L,1931136240,144210990,1593470353,1472918648
747e95d1e359d9b1,L,388715687,1355443341,2141382054,1485017084
747e95d1e359d9b1,L,652763546,86292000,2025477338,236161280
747e95d1e359d9b1,L,2086303226,1397439601,761258784,1982019089
747e95d1e359d9b1,L,802315974,1591021069,1139534874,1947554339
747e95d1e359d9b1,L,843792084,29085033,565705186,556506237
747e95d1e359d9b1,L,195653468,1591044000,94981287,736296342
747e95d1e359d9b1,L,1181380828,172320851,188046337,1783602775
747e95d1e359d9b1,L,1682221494,506199800,2146106930,934459968
747e95d1e359d9b1,L,16578971,1629770365,1463749183,1681818880
747e95d1e359d9b1,L,315100918,372158798,1914021854,1543922103
747e95d1e359d9b1,L,90982466,1477646966,281272239,1902179866
747e95d1e359d9b1,L,1081220347,1095505331,413252146,2074329398
967c968fd9bed1ae,A,1722687370,1328356332,1281768410,2000428375
967c968fd9bed1ae,A,2127918263,1352142626,1891825588,1338786261
967c968fd9bed1ae,A,2052850011,102496421,1780228601,1727836714
967c968fd9bed1ae,A,1392100538,1637494809,1478288266,1800145042
967c968fd9bed1ae,A,382967588,1675642152,899989325,497187766
967c968fd9bed1ae,A,2081647212,766352157,141095459,1811378701
967c968fd9bed1ae,A,1767688205,1655099859,417701176,1130556684
967c968fd9bed1ae,A,996557125,26639770,2022393964,1836859577
967c968fd9bed1ae,A,1763935963,1845598793,1663119428,1129012285
967c968fd9bed1ae,A,338238871,1743259918,803312019,38891263
967c968fd9bed1ae,A,1581073495,1656537302,1696117603,2654497
967c968fd9bed1ae,A,107873814,1666993975,1525318963,1015107250
967c968fd9bed1ae,A,176063858,1973218491,540141493,758988268
967c968fd9bed1ae,A,97376347,108781523,186916713,1971586925
967c968fd9bed1ae,A,208034157,446583911,701009949,852291768
967c968fd9bed1ae,A,1290399523,1274424905,1311607391,477391811
967c968fd9bed1ae,A,659734054,1963686689,1302140706,1826927696
967c968fd9bed1ae,A,326353930,1856953188,586850257,1455089856
967c968fd9bed1ae,A,1972374971,1786623325,466531386,2001779237
967c968fd9bed1ae,A,384122394,1157467022,585282107,243824381
967c968fd9bed1ae,A,1590808852,75831542,1089809161,1610659288
967c968fd9bed1ae,A,1201058367,1619097730,315304742,1105628210
967c968fd9bed1ae,A,1242892275,613968794,1236181396,929028266
967c968fd9bed1ae,A,975988857,833521741,1311440642,1519432824
967c968fd9bed1ae,A,43372377,944183910,1216112261,1536166530
967c968fd9bed1ae,A,1606996942,1761635967,1665084927,1477495012
967c968fd9bed1ae,A,1380262103,1031953939,507374352,2129093280
967c968fd9bed1ae,A,317022074,658541728,1148230125,1384579623
967c968fd9bed1ae,A,1398776186,1093856661,1254259340,224512532
967c968fd9bed1ae,A,2095231970,454413368,1281013922,1116212519
967c968fd9bed1ae,B,410139562,305796385,2088290770,2039686865
967c968fd9bed1ae,B,245146039,1054484373,618700114,118530460
967c968fd9bed1ae,B,779269760,1288233915,1401217851,1062710887
967c968fd9bed1ae,B,156928451,637218764,2044513331,231190383
967c968fd9bed1ae,B,885496483,1412268147,286765230,393620263
967c968fd9bed1ae,B,932980250,1504367307,1265266860,1335898411
967c968fd9bed1ae,B,346139267,551942551,578313885,1990852284
967c968fd9bed1ae,B,2024987411,1643872356,1182429850,711863643
967c968fd9bed1ae,B,1876455539,1982934575,1118251501,1701714231
967c968fd9bed1ae,B,1867613730,2037760317,1713310033,1679360705
967c968fd9bed1ae,B,1709878449,119609364,1456190578,3955938
967c968fd9bed1ae,B,1496534555,1177868131,1169545240,1435254748
967c968fd9bed1ae,B,1258284681,1739216006,2062445906,309773934
967c968fd9bed1ae,B,1551285209,1504401819,1013204318,58683081
967c968fd9bed1ae,B,291938437,979299823,951982754,1537228217
967c968fd9bed1ae,B,1853431832,1185513852,1292668158,1616566163
967c968fd9bed1ae,B,854813246,670179606,171755464,1053097167
967c968fd9bed1ae,B,1478494509,1524915176,1252611924,1600367310
967c968fd9bed1ae,B,900517786,1251852815,854235737,2110477504
967c968fd9bed1ae,B,1699216915,541584553,201687406,1743607009
967c968fd9bed1ae,B,855944359,1100729278,1965679596,1006875246
967c968fd9bed1ae,B,1378129467,1907495588,145706878,1462065383
967c968fd9bed1ae,B,1558133006,1860964513,1201034681,1612121587
967c968fd9bed1ae,B,1816675281,1835258657,2122463563,1762702061
967c968fd9bed1ae,B,326107892,1458659159,146381515,217703638
967c968fd9bed1ae,B,2140665953,1078247621,1915543959,1269027864
967c968fd9bed1ae,B,37894032,1139401572,1004425706,1025746510
967c968fd9bed1ae,B,335184629,1350876338,1290592278,1401998289
967c968fd9bed1ae,B,1410572923,1484808643,1168214959,303179201
967c968fd9bed1ae,B,780362473,985573791,946881,814635648
967c968fd9bed1ae,C,1674101011,1923766989,362366064,891956205
967c968fd9bed1ae,C,601953793,1314862806,1347126730,1969715791
967c968fd9bed1ae,C,1134212676,1114322828,1446724210,316213959
967c968fd9bed1ae,C,506618352,734313523,638910656,56095482
967c968fd9bed1ae,C,1141241905,1620307101,444983400,529500738
967c968fd9bed1ae,C,567087620,265686764,1525944381,1169168982
967c968fd9bed1ae,C,297425703,1369643071,1551326668,62008037
967c968fd9bed1ae,C,2115480054,1400591266,669888355,330690346
967c968fd9bed1ae,C,1115939929,1341452378,924727580,2106398951
967c968fd9bed1ae,C,2025586022,1018834756,1236117684,1082696061
967c968fd9bed1ae,C,2027619456,266624598,1863545329,600008017
967c968fd9bed1ae,C,7022374,901394231,905866156,498766347
967c968fd9bed1ae,C,1557142866,1808983585,786371544,304541144
967c968fd9bed1ae,C,2077566506,759987201,1210496335,1173960033
967c968fd9bed1ae,C,1682832228,2122224282,1880084360,1086365131
967c968fd9bed1ae,C,1952768615,128602156,545770773,630416637
967c968fd9bed1ae,C,1666660264,1249076630,179642570,1819026405
967c968fd9bed1ae,C,2094196164,756946416,1633489063,1180195479
967c968fd9bed1ae,C,1408527039,1661245210,699496538,1099090874
967c968fd9bed1ae,C,615644297,322803896,1065290759,126018905
967c968fd9bed1ae,C,1606776416,2927143,1295402934,51069566
967c968fd9bed1ae,C,1170205665,672164246,102886428,283213768
967c968fd9bed1ae,C,1474156306,2117063984,2023769439,1726082834
967c968fd9bed1ae,C,1240796568,1659094715,260806148,231036298
967c968fd9bed1ae,C,1263482040,1195792966,483106025,996383965
967c968fd9bed1ae,C,1081796570,1312253836,539507735,83032225
967c968fd9bed1ae,C,125694894,382585149,540861104,1176542207
967c968fd9bed1ae,C,665374262,2027026825,2085968683,678940741
967c968fd9bed1ae,C,2010617167,288384019,1920644811,75718817
967c968fd9bed1ae,C,437471623,979762531,686562323,1722408578
967c968fd9bed1ae,D,385513837,575791513,734389196,541599952
967c968fd9bed1ae,D,736326091,1867426155,100315444,1660167242
967c968fd9bed1ae,D,1074476706,1042647249,1454511042,2070097382
967c968fd9bed1ae,D,1333735707,1801867778,979851513,635327251
967c968fd9bed1ae,D,1046601521,1854958983,155567080,2079319246
967c968fd9bed1ae,D,1233013687,1298465213,2018590278,29242676
967c968fd9bed1ae,D,1239889883,860586996,1032158430,1012514956
967c968fd9bed1ae,D,1210368272,1575730439,874577660,1900035619
967c968fd9bed1ae,D,231494975,544151354,5616825,1905904300
967c968fd9bed1ae,D,701036668,582319333,1696190664,1837886955
967c968fd9bed1ae,D,297773693,1345434249,159182532,312796542
967c968fd9bed1ae,D,1780149655,1773513389,1288557250,1530798747
967c968fd9bed1ae,D,1874942895,692408653,857335388,994613042
967c968fd9bed1ae,D,1563877355,22865388,1351508007,1029925824
967c968fd9bed1ae,D,1070957077,1327501803,1411773320,1521907256
967c968fd9bed1ae,D,688653972,87301016,709860241,265017896
967c968fd9bed1ae,D,440728812,1762519137,1064380798,624589264
967c968fd9bed1ae,D,51738810,1455836491,1758653346,2045151769
967c968fd9bed1ae,D,1718669939,781578588,581148827,1348349064
967c968fd9bed1ae,D,349784450,1447164612,1597054901,424441729
967c968fd9bed1ae,D,1152755655,1375590329,1849707167,741234064
967c968fd9bed1ae,D,54733785,1952391255,988320362,926606492
967c968fd9bed1ae,D,1593215600,2017712076,1121538292,1278078721
967c968fd9bed1ae,D,534624909,779020109,1809848702,860144461
967c968fd9bed1ae,D,908430081,1187981847,1201405454,689428573
967c968fd9bed1ae,D,1416126721,1743517462,280963650,963361356
967c968fd9bed1ae,D,1345481670,1545410121,2127421644,1344161036
967c968fd9bed1ae,D,45834044,346016408,1531370307,327927899
967c968fd9bed1ae,D,575921534,336174389,892246705,1182276599
967c968fd9bed1ae,D,1231546759,421148611,216335696,1324989850
967c968fd9bed1ae,E,2124472714,1198015683,2030359012,507451508
967c968fd9bed1ae,E,1769414416,1986455530,948423277,2109329436
967c968fd9bed1ae,E,999065278,466608535,440248000,537451578
967c968fd9bed1ae,E,758692357,963195981,699748486,480431499
967c968fd9bed1ae,E,1215823355,1932674726,1528927435,101912492
967c968fd9bed1ae,E,1014006584,34512443,1017717413,1020354692
967c968fd9bed1ae,E,509800934,114755329,1158635907,1356409734
967c968fd9bed1ae,E,540719095,468931281,983230287,1745679697
967c968fd9bed1ae,E,360036848,1131977254,150085857,292109257
967c968fd9bed1ae,E,872436715,1165604806,1744352608,625310165
967c968fd9bed1ae,E,830204469,2026905411,309160014,1307340674
967c968fd9bed1ae,E,1418516596,1863546273,256446351,2040078453
967c968fd9bed1ae,E,607890763,444549270,2032401251,1797526703
967c968fd9bed1ae,E,1193023783,2131526427,1956881520,109709604
967c968fd9bed1ae,E,1043044799,1703393816,1163550007,1371888964
967c968fd9bed1ae,E,1153563767,1193848258,1383137684,553618974
967c968fd9bed1ae,E,54614628,1394240527,1707114838,29094471
967c968fd9bed1ae,E,1380577802,1052867559,1984147265,1891927183
967c968fd9bed1ae,E,661802006,602712447,1257605189,90027852
967c968fd9bed1ae,E,350288500,2112303162,1020657103,1582688012
967c968fd9bed1ae,E,1052347446,1347423931,850936885,936088581
967c968fd9bed1ae,E,1626729402,247792637,1400191226,415184468
967c968fd9bed1ae,E,1844602575,2065605999,38159603,1325579506
967c968fd9bed1ae,E,1685411963,1695856058,1115619652,1047502128
967c968fd9bed1ae,E,609986943,159082743,1236791002,1313926425
967c968fd9bed1ae,E,860494718,1066687392,1002535860,1494073381
967c968fd9bed1ae,E,150698539,1268664351,762302869,212620468
967c968fd9bed1ae,E,845087320,409683350,1742504453,2010755985
967c968fd9bed1ae,E,335338241,767778381,1468434776,1459483553
967c968fd9bed1ae,E,1221118479,349494219,954090453,628258466
967c968fd9bed1ae,F,105562869,1439155904,1776098329,733782044
967c968fd9bed1ae,F,2033711386,981122763,1170804802,628450871
967c968fd9bed1ae,F,427758090,480651474,1053125197,1808348495
967c968fd9bed1ae,F,948012592,301828616,303809463,1353521466
967c968fd9bed1ae,F,1042729557,563892927,683466991,137724747
967c968fd9bed1ae,F,1976018044,1794865124,417848612,1253413955
967c968fd9bed1ae,F,1042932248,1462909300,1845013566,291243502
967c968fd9bed1ae,F,525947259,1531283044,535974781,1277572656
967c968fd9bed1ae,F,925866158,912569216,1176712390,2037971535
967c968fd9bed1ae,F,600295939,789407485,428304772,2026503076
967c968fd9bed1ae,F,233180745,1323092206,1385720850,1319459821
967c968fd9bed1ae,F,1100261878,1957212769,971300173,2030065486
967c968fd9bed1ae,F,1566002537,2005646317,1413917760,2077363695
967c968fd9bed1ae,F,1734298094,375864766,1086903052,703259958
967c968fd9bed1ae,F,1635837833,1889195462,1503883251,1679487592
967c968fd9bed1ae,F,2065708494,371161316,40659404,1780094213
967c968fd9bed1ae,F,1726537962,1523251367,110997311,1464346011
967c968fd9bed1ae,F,266935323,674538282,1094915083,839179222
967c968fd9bed1ae,F,1322885927,1792415600,85904300,1367991544
967c968fd9bed1ae,F,1211778377,2012483094,1015000212,653606155
967c968fd9bed1ae,F,994637458,1631399664,2107727169,586689448
967c968fd9bed1ae,F,1059955547,1707585033,1580710183,693016903
967c968fd9bed1ae,F,1451014247,135678584,285785087,1154727825
967c968fd9bed1ae,F,756186103,803156737,1240345589,897564431
967c968fd9bed1ae,F,1788881590,742210194,884119467,129109176
967c968fd9bed1ae,F,538781254,1425802006,1317480220,763159555
967c968fd9bed1ae,F,482713027,314741521,218067555,1702908667
967c968fd9bed1ae,F,668228422,1685530660,372087828,339114568
967c968fd9bed1ae,F,996019927,807233078,1965581227,1900431385
967c968fd9bed1ae,F,885425607,1732799474,1900714953,1428590226
967c968fd9bed1ae,G,200792162,1464729580,1395826007,355750605
967c968fd9bed1ae,G,2077108621,207803009,1083767702,1645482948
967c968fd9bed1ae,G,2080459488,1760396395,1136104291,1849261039
967c968fd9bed1ae,G,756533195,926325066,2030390145,1784670329
967c968fd9bed1ae,G,624507553,1469636666,2141110337,547709387
967c968fd9bed1ae,G,1028170772,1895203655,78650502,1481113453
967c968fd9bed1ae,G,690102856,279737267,1924469836,1669475856
967c968fd9bed1ae,G,1616024008,1616812191,718243696,485893914
967c968fd9bed1ae,G,391222189,1002538301,730445430,1938450974
967c968fd9bed1ae,G,914888257,1709081134,2089477582,964856881
967c968fd9bed1ae,G,1713668635,1746378856,1866929956,2136005825
967c968fd9bed1ae,G,605371951,899103568,1198944652,316527995
967c968fd9bed1ae,G,19139137,773870751,528613159,1610620582
967c968fd9bed1ae,G,917061311,754026946,1613859557,1108410805
967c968fd9bed1ae,G,399838826,1675111880,1211407646,1220897446
967c968fd9bed1ae,G,367392342,2071988603,1864827353,1454310248
967c968fd9bed1ae,G,1813554297,170642337,240591406,1629108628
967c968fd9bed1ae,G,1789319044,933955485,530066474,504034857
967c968fd9bed1ae,G,1564378356,1980937036,1105448557,126753938
967c968fd9bed1ae,G,1495170232,948007826,2014918726,1583847655
967c968fd9bed1ae,G,1217855201,2125616831,1806076285,26720530
967c968fd9bed1ae,G,1504560952,1364956148,843181679,1321545343
967c968fd9bed1ae,G,2146335849,190402317,2015007283,1621348671
967c968fd9bed1ae,G,1943232322,1876562584,1044013951,444377563
967c968fd9bed1ae,G,1904216952,364290136,580585598,1765327463
967c968fd9bed1ae,G,1754355596,1696095638,1646139625,1758738854
967c968fd9bed1ae,G,1991232731,898023717,1496830863,1435174580
967c968fd9bed1ae,G,1876420205,1414020761,2105187398,116697944
967c968fd9bed1ae,G,778450420,8703701,1711153112,583901298
967c968fd9bed1ae,G,440272007,1272612080,1186036153,649679346
967c968fd9bed1ae,H,1867718844,1080964092,90479553,1514447687
967c968fd9bed1ae,H,1762208361,897476237,1114747691,670737034
967c968fd9bed1ae,H,1253991947,26221783,221518559,686836917
967c968fd9bed1ae,H,1822828986,1809501491,1170209807,1262158883
967c968fd9bed1ae,H,149565364,260650850,1071744413,901236701
967c968fd9bed1ae,H,1998858239,974298454,196941937,2137207089
967c968fd9bed1ae,H,1207838222,1003978704,1783687149,2075725520
967c968fd9bed1ae,H,1617187112,1193273921,54257887,1187394267
967c968fd9bed1ae,H,1661342739,1920652451,2014282553,1051956481
967c968fd9bed1ae,H,40326192,1772875651,1275065483,432277354
967c968fd9bed1ae,H,285533858,2069292183,330645894,319685861
967c968fd9bed1ae,H,892891818,51243015,1442070698,869914829
967c968fd9bed1ae,H,1874325289,845404594,929493357,904343813
967c968fd9bed1ae,H,1920987191,1487133582,1513234505,640375060
967c968fd9bed1ae,H,1247663334,726769656,28727419,120333576
967c968fd9bed1ae,H,475431544,167006455,1753782407,1962231710
967c968fd9bed1ae,H,400867952,1444074559,888907675,595619787
967c968fd9bed1ae,H,160739079,1784081078,593928150,380987572
967c968fd9bed1ae,H,467376500,1984448820,1485545736,1891764908
967c968fd9bed1ae,H,1113211446,429998328,1573432359,1353518050
967c968fd9bed1ae,H,1951304234,362587535,1322983044,917339481
967c968fd9bed1ae,H,446930834,883625322,2020135394,2109524267
967c968fd9bed1ae,H,1153607717,70830097,686074696,1779255091
967c968fd9bed1ae,H,354014383,88156030,1425484623,2072766586
967c968fd9bed1ae,H,435197779,1171665106,1061881542,305004637
967c968fd9bed1ae,H,1249758597,1978158776,1761691130,1012415158
967c968fd9bed1ae,H,946833218,1519260817,974053252,959435903
967c968fd9bed1ae,H,1984204024,80302597,621301641,799455371
967c968fd9bed1ae,H,898230924,621981926,1724736001,31365579
967c968fd9bed1ae,H,1617987266,1700602243,1854684564,738035183
967c968fd9bed1ae,I,920935072,728448270,842733578,1420454182
967c968fd9bed1ae,I,596106225,301564025,1864747439,718193412
967c968fd9bed1ae,I,185431305,1721203723,674602774,526708229
967c968fd9bed1ae,I,45620546,385375462,448030488,1508733370
967c968fd9bed1ae,I,665468491,1961385883,417480673,1144804487
967c968fd9bed1ae,I,635027404,938579315,698775424,683544697
967c968fd9bed1ae,I,1599799124,1706834005,1651124036,553203196
967c968fd9bed1ae,I,1025524913,784381979,1802766599,282916099
967c968fd9bed1ae,I,247900212,1816974751,338368739,1268574431
967c968fd9bed1ae,I,1826120857,359219699,1635076088,657499592
967c968fd9bed1ae,I,1364983744,57287391,1551827625,905303123
967c968fd9bed1ae,I,1679060162,1778017292,1000270530,104287932
967c968fd9bed1ae,I,1564816456,1198552331,1404512992,1229983834
967c968fd9bed1ae,I,150099245,580170106,802268389,1165852533
967c968fd9bed1ae,I,1338462848,1366521814,555595301,1645718053
967c968fd9bed1ae,I,1047846136,683570440,863995453,382061863
967c968fd9bed1ae,I,336328832,1576294133,964760109,428503650
967c968fd9bed1ae,I,652590323,124533803,1150523403,929969335
967c968fd9bed1ae,I,816918737,72525773,1755123604,2110252280
967c968fd9bed1ae,I,1297134167,2087102878,619404078,489599397
967c968fd9bed1ae,I,1805382225,276530347,1395650982,1561752708
967c968fd9bed1ae,I,1444928142,1665520032,1763361662,677571513
967c968fd9bed1ae,I,2097988689,817667111,851997126,721156335
967c968fd9bed1ae,I,1250994414,292919642,492663796,2116866104
967c968fd9bed1ae,I,616857901,623235822,856626053,729731924
967c968fd9bed1ae,I,1781552574,838286349,821801861,1446096980
967c968fd9bed1ae,I,563411548,1376506496,1487028081,1972126140
967c968fd9bed1ae,I,1192655926,1944536194,964426367,347652465
967c968fd9bed1ae,I,873741742,949044951,950379985,2140376869
967c968fd9bed1ae,I,1287495612,506361894,1334366282,1713223462
967c968fd9bed1ae,J,1496726468,995241023,1620197949,1092664493
967c968fd9bed1ae,J,892839264,780105467,1460526194,478390267
967c968fd9bed1ae,J,1989870723,203685106,142358354,896235149
967c968fd9bed1ae,J,1927398937,1281370745,1467914820,846617373
967c968fd9bed1ae,J,1869914467,1941473523,737211869,1510132625
967c968fd9bed1ae,J,2029015467,1551902681,265517427,2119150370
967c968fd9bed1ae,J,1081845934,2134728407,239349163,1118087788
967c968fd9bed1ae,J,796092249,2064232270,828911706,457458324
967c968fd9bed1ae,J,1809710710,235111651,861858565,1290643849
967c968fd9bed1ae,J,308009173,2132636877,779937763,669485022
967c968fd9bed1ae,J,1307850065,1417203752,322519850,2035530106
967c968fd9bed1ae,J,135708497,2140354430,1509102056,638284452
967c968fd9bed1ae,J,1072439228,396502301,2075331522,824783229
967c968fd9bed1ae,J,1985691172,1813539658,1928251607,956240139
967c968fd9bed1ae,J,986718682,155315252,490225343,821995973
967c968fd9bed1ae,J,1071898484,1597362704,533775096,1622306606
967c968fd9bed1ae,J,365818192,733753315,665919903,976067977
967c968fd9bed1ae,J,1343767570,1098457060,1554713286,26821967
967c968fd9bed1ae,J,1133619678,94169458,1029778922,107680612
967c968fd9bed1ae,J,1558980298,1777245413,1715874097,1214452881
967c968fd9bed1ae,J,720877163,154584787,1515414578,88243897
967c968fd9bed1ae,J,1487508043,1063548276,2129662356,1462021290
967c968fd9bed1ae,J,1472994080,704720955,133025955,190619526
967c968fd9bed1ae,J,1449419694,613428315,1728904954,1904245529
967c968fd9bed1ae,J,639182497,672885519,23811314,1287838475
967c968fd9bed1ae,J,458887587,284623817,199785258,393570995
967c968fd9bed1ae,J,956266510,1088540245,1306974140,1270895559
967c968fd9bed1ae,J,183548578,650873262,854065634,1041283149
967c968fd9bed1ae,J,1268925584,1825103126,113708781,49668748
967c968fd9bed1ae,J,1631843122,825845527,988312869,986187176
967c968fd9bed1ae,K,1331489664,454701480,2046778541,1508759952
967c968fd9bed1ae,K,1987934265,978332827,677917364,395567101
967c968fd9bed1ae,K,229075243,336351047,719192941,217238701
967c968fd9bed1ae,K,1936485415,1201451996,1258304754,1200300704
967c968fd9bed1ae,K,17220955,5396491,2079089403,546948457
967c968fd9bed1ae,K,2116208534,1317980507,1417206633,337380823
967c968fd9bed1ae,K,587484916,1579310541,882045574,2098919004
967c968fd9bed1ae,K,1957759880,1402125463,1021809644,1810858317
967c968fd9bed1ae,K,100592222,315592061,157819112,2049980506
967c968fd9bed1ae,K,1422158641,2109519810,1419822404,279336933
967c968fd9bed1ae,K,110954241,642361401,1295274779,2029553576
967c968fd9bed1ae,K,1076904825,1009922074,121946227,1431875292
967c968fd9bed1ae,K,241474462,1314452640,883585343,834729605
967c968fd9bed1ae,K,796392668,1585510242,1954253158,826866765
967c968fd9bed1ae,K,680580063,252943159,1963620845,861736966
967c968fd9bed1ae,K,82128942,1583094558,1031065277,990402679
967c968fd9bed1ae,K,600187187,1807184475,1008542586,903083356
967c968fd9bed1ae,K,913429299,1785143002,1604101500,2120745113
967c968fd9bed1ae,K,87961407,1869820934,526523343,691607100
967c968fd9bed1ae,K,747099971,1739190514,2131227099,1049840882
967c968fd9bed1ae,K,570017921,1282249754,1453530389,1481254234
967c968fd9bed1ae,K,1940151068,48084322,2074834450,1715719648
967c968fd9bed1ae,K,1921689948,1287844592,1881068106,1154898422
967c968fd9bed1ae,K,1657170148,795074713,702212310,1159438641
967c968fd9bed1ae,K,1545500091,427778274,660409763,275523590
967c968fd9bed1ae,K,707461285,1745495864,1129724197,154156871
967c968fd9bed1ae,K,672920851,1946707917,1174530128,1029717799
967c968fd9bed1ae,K,1830427379,873026495,951870596,1463929634
967c968fd9bed1ae,K,1595108000,843308791,42853984,1252344717
967c968fd9bed1ae,K,958958888,1751505821,812728806,2134684687
967c968fd9bed1ae,L,1858230099,1786723864,1595363951,876137857
967c968fd9bed1ae,L,1200876851,35786414,692149903,1895686035
967c968fd9bed1ae,L,1161138324,1857030364,1846145976,279841407
967c968fd9bed1ae,L,53028993,569817770,12413392,81178149
967c968fd9bed1ae,L,206187037,1131487043,989774158,1660168921
967c968fd9bed1ae,L,739399396,1227830800,677270168,1973059365
967c968fd9bed1ae,L,783125034,1799806098,1482789224,1164303254
967c968fd9bed1ae,L,66589095,866112810,1022336210,464105410
967c968fd9bed1ae,L,1055774431,1859418693,1670049197,1040914506
967c968fd9bed1ae,L,27244725,718938624,505236581,2113457883
967c968fd9bed1ae,L,1589953299,694843370,1432485175,272388201
967c968fd9bed1ae,L,849459825,1542063688,321289886,238401437
967c968fd9bed1ae,L,1393074768,738100175,1097784315,173023302
967c968fd9bed1ae,L,1239712592,1452308790,1592111745,155241568
967c968fd9bed1ae,L,1727263775,873918075,1524747408,972351411
967c968fd9bed1ae,L,1532215555,1598774019,943686628,1179262038
967c968fd9bed1ae,L,589692595,453256303,1016389076,527842508
967c968fd9bed1ae,L,233863431,703598696,967373378,1404515734
967c968fd9bed1ae,L,1257445236,610537596,666521326,85697549
967c968fd9bed1ae,L,1471583762,1298041054,2060484419,558189244
967c968fd9bed1ae,L,1623322514,328540132,1429537573,1742207020
967c968fd9bed1ae,L,2078301734,1333396047,749905534,518648686
967c968fd9bed1ae,L,1233083137,411003290,233705832,312833952
967c968fd9bed1ae,L,1378175173,304650838,468520482,1108538401
967c968fd9bed1ae,L,107464532,859293933,519617923,1249777843
967c968fd9bed1ae,L,1307696594,943671339,2118820855,2102454464
967c968fd9bed1ae,L,2084255393,1326247047,1516189811,1908620733
967c968fd9bed1ae,L,363569960,268118593,1104303800,2122227474
967c968fd9bed1ae,L,214711688,297922765,896730862,1086887591
967c968fd9bed1ae,L,976891639,515400124,1093065849,1225981782
04c589debf5c9b7e,A,992607551,733574604,910925904,341648372
04c589debf5c9b7e,A,1482843766,2114530924,646202776,632700465
04c589debf5c9b7e,A,749564973,1449152922,1309990172,165993149
04c589debf5c9b7e,A,1797299284,781394750,534495546,1046755133
04c589debf5c9b7e,A,964906666,85799050,516330991,264150821
04c589debf5c9b7e,A,1809529282,984075492,1454389662,166238594
04c589debf5c9b7e,A,971290235,1873905571,1638816865,1341815443
04c589debf5c9b7e,A,1913842170,1638942317,1281170275,1414558171
04c589debf5c9b7e,A,1069202245,312001397,1775199598,1529041597
04c589debf5c9b7e,A,2002594889,1826569488,395701088,553445319
04c589debf5c9b7e,A,330911750,1251247271,1426972063,1901435090
04c589debf5c9b7e,A,1799586928,1928655941,1310218369,761557881
04c589debf5c9b7e,A,1362467535,208062207,1661871377,651578995
04c589debf5c9b7e,A,1748317530,1152827660,1900381235,186288683
04c589debf5c9b7e,A,1505200652,411278018,1434295795,1951668057
04c589debf5c9b7e,A,1878867022,448166793,1904791918,1606271725
04c589debf5c9b7e,A,357222699,732175593,537902283,727360591
04c589debf5c9b7e,A,2026639702,1663687562,1390565693,1940082786
04c589debf5c9b7e,A,431804499,1719794119,1049225747,1267378320
04c589debf5c9b7e,A,1327936911,1574493434,618277633,834303995
04c589debf5c9b7e,A,478000346,389888036,1379845157,2118481724
04c589debf5c9b7e,A,1231907922,1536808315,1055277388,938047934
04c589debf5c9b7e,A,955075972,2088064081,1074242212,1089047648
04c589debf5c9b7e,A,1817854695,2052759226,1176955838,1004997934
04c589debf5c9b7e,A,904443919,736705357,841279601,1793382211
04c589debf5c9b7e,A,1956513262,208950418,161510778,60701714
04c589debf5c9b7e,A,705049507,1812319292,734547044,1750991823
04c589debf5c9b7e,A,625504601,178770452,1052545960,1078944493
04c589debf5c9b7e,A,2105092580,139142823,856137123,763091803
04c589debf5c9b7e,A,1579242992,2071338997,1671819851,1457964286
04c589debf5c9b7e,B,2020931012,1528121973,1705518351,2024875445
04c589debf5c9b7e,B,1328217276,153790732,1508616755,1929551772
04c589debf5c9b7e,B,568677688,2033326046,1795376306,499203882
04c589debf5c9b7e,B,590449294,1806668796,408165973,1661251567
04c589debf5c9b7e,B,185112634,328774769,1987462892,1541307185
04c589debf5c9b7e,B,587026717,1129586521,1364617045,1019324942
04c589debf5c9b7e,B,1571839721,1084086678,791070767,1872321208
04c589debf5c9b7e,B,1029464084,456640844,1055150238,1515441328
04c589debf5c9b7e,B,2133048147,428826985,2136674957,1816896041
04c589debf5c9b7e,B,2135040848,1475881789,76690912,1865287534
04c589debf5c9b7e,B,282107137,1003572466,1529288289,745686492
04c589debf5c9b7e,B,980083721,1534231390,1166923914,1201554106
04c589debf5c9b7e,B,180623668,1589786551,1586699619,1351447773
04c589debf5c9b7e,B,454884014,1389152341,180940394,297132793
04c589debf5c9b7e,B,990857417,1805605513,1121838119,1517474645
04c589debf5c9b7e,B,244742556,895198966,605413974,2145703722
04c589debf5c9b7e,B,883880952,861094713,233607588,1122960923
04c589debf5c9b7e,B,1409373963,130958253,1924795570,1104500033
04c589debf5c9b7e,B,1090055241,998507391,54967790,995611369
04c589debf5c9b7e,B,584806406,1226394460,1851442760,472420681
04c589debf5c9b7e,B,478350550,1964916183,260000539,2022083292
04c589debf5c9b7e,B,1981524891,1627154169,97794916,189901550
04c589debf5c9b7e,B,2122762413,1677328416,1469092972,356954539
04c589debf5c9b7e,B,947288792,1357268562,1074091677,38361803
04c589debf5c9b7e,B,1154330102,1957933826,707845999,1200901492
04c589debf5c9b7e,B,1047463371,696114964,114965281,43325926
04c589debf5c9b7e,B,1511496975,1460183754,1362442506,417608086
04c589debf5c9b7e,B,170275140,1497903145,834079683,491934540
04c589debf5c9b7e,B,764594367,1381459459,76644245,55769826
04c589debf5c9b7e,B,1595645980,1262294030,1692170585,1377483542
04c589debf5c9b7e,C,2023920904,607489353,161126769,425040418
04c589debf5c9b7e,C,1647529558,176713305,2130786357,1649252707
04c589debf5c9b7e,C,169571829,1083137444,1664604516,803434124
04c589debf5c9b7e,C,375094514,463189114,373561684,944680221
04c589debf5c9b7e,C,1000520730,616207949,678482985,717594284
04c589debf5c9b7e,C,491790043,1384267940,998159429,2143086573
04c589debf5c9b7e,C,506456123,215935527,598649805,1085124007
04c589debf5c9b7e,C,506618107,892860186,1890878566,1574310020
04c589debf5c9b7e,C,1286486034,1297724175,1455966071,891776419
04c589debf5c9b7e,C,1433889921,1616276075,1333457287,1317980413
04c589debf5c9b7e,C,1940335193,1417375862,1328149970,1310104173
04c589debf5c9b7e,C,1813130140,1725473482,1055225226,974198695
04c589debf5c9b7e,C,1316121217,1405447228,1344580349,1812035579
04c589debf5c9b7e,C,1341517751,1232478468,351643464,1408839929
04c589debf5c9b7e,C,148299820,846146433,318304390,2070652376
04c589debf5c9b7e,C,38007270,79487407,651812935,267662089
04c589debf5c9b7e,C,598285986,647362477,1719668475,1751965188
04c589debf5c9b7e,C,1745541857,1283878974,650602333,172007217
04c589debf5c9b7e,C,1189351514,2006359560,1472468795,2089290652
04c589debf5c9b7e,C,2100468071,579097571,450999250,724352710
04c589debf5c9b7e,C,263505165,308319853,816961229,1007440702
04c589debf5c9b7e,C,827765063,1717909224,2003980506,916954578
04c589debf5c9b7e,C,585557714,1580340353,498227805,161822281
04c589debf5c9b7e,C,1222504210,2108884261,466390057,322926228
04c589debf5c9b7e,C,1986224804,598898196,1993835473,1163816167
04c589debf5c9b7e,C,2138164841,1785082362,596193209,1789952420
04c589debf5c9b7e,C,2104670537,1910900945,979332903,195837354
04c589debf5c9b7e,C,112499078,1129792671,275785572,641601719
04c589debf5c9b7e,C,1471556121,928257558,260559492,112821785
04c589debf5c9b7e,C,409402827,1601228651,357746322,334952754
04c589debf5c9b7e,D,381550471,241885514,499208587,753947778
04c589debf5c9b7e,D,1800475386,1743313606,803619453,233548052
04c589debf5c9b7e,D,1858293475,113054537,1364857375,1921358421
04c589debf5c9b7e,D,1856870576,2051430487,1478451652,2003561434
04c589debf5c9b7e,D,1891778089,1103079779,374863313,2003402256
04c589debf5c9b7e,D,247093787,1234916624,1584089717,800714829
04c589debf5c9b7e,D,90378473,2032638118,829393496,1083578077
04c589debf5c9b7e,D,1299454500,1692987481,245618622,321426503
04c589debf5c9b7e,D,1109280865,772449045,404948584,4317
04c589debf5c9b7e,D,413176172,197536044,415275000,779947040
04c589debf5c9b7e,D,676097299,1291179632,48254046,2044890744
04c589debf5c9b7e,D,696526624,1064890472,1788896417,12123466
04c589debf5c9b7e,D,784581097,1999534806,318588322,1828370345
04c589debf5c9b7e,D,597117392,156155017,649972801,763527593
04c589debf5c9b7e,D,1876454776,312267318,638480529,591636252
04c589debf5c9b7e,D,1504478888,1684692959,148096937,1879099804
04c589debf5c9b7e,D,323366677,1088196787,17136748,1991806185
04c589debf5c9b7e,D,1582250743,1185978708,1657816744,324727379
04c589debf5c9b7e,D,1091729192,612439336,1719459575,1193759777
04c589debf5c9b7e,D,1417386366,22390789,1416300574,464482959
04c589debf5c9b7e,D,2065660747,502882709,1900253144,1047305248
04c589debf5c9b7e,D,1501552671,379962106,1569326335,687981245
04c589debf5c9b7e,D,1063409235,87088834,821868911,194975480
04c589debf5c9b7e,D,1619947272,1242679534,1458768888,1885801068
04c589debf5c9b7e,D,2052047598,922746106,1000371870,328450112
04c589debf5c9b7e,D,1415001617,1303355757,406411837,1038422965
04c589debf5c9b7e,D,23636521,1638182592,501526051,236851738
04c589debf5c9b7e,D,675559281,1039554212,773760366,1370546684
04c589debf5c9b7e,D,1054116803,870746070,1821748098,2026697863
04c589debf5c9b7e,D,350781033,2600495,516015811,470591471
04c589debf5c9b7e,E,1250460765,1810439270,1418774255,1700509921
04c589debf5c9b7e,E,23699473,2014916176,52933266,1875849533
04c589debf5c9b7e,E,913921800,657923928,1326891644,1374132032
04c589debf5c9b7e,E,127608359,751391051,519813231,509805537
04c589debf5c9b7e,E,916902460,1007115072,2077215072,2032338551
04c589debf5c9b7e,E,525841423,1154401798,1275202394,543463072
04c589debf5c9b7e,E,176942430,552631025,586957977,1523100569
04c589debf5c9b7e,E,636063580,672148467,1562464915,229279335
04c589debf5c9b7e,E,726083759,1403068457,1919453459,914796532
04c589debf5c9b7e,E,513811367,2079651281,1079074627,721684550
04c589debf5c9b7e,E,1669395390,1298333596,2135836641,56136413
04c589debf5c9b7e,E,1831284132,1074063005,2025273124,387748714
04c589debf5c9b7e,E,466867812,1574476124,1680266989,118732873
04c589debf5c9b7e,E,1221124138,1580910136,2050490963,1760962515
04c589debf5c9b7e,E,1649548679,762647724,313421150,2093441008
04c589debf5c9b7e,E,837989008,1049161682,124989210,1069787928
04c589debf5c9b7e,E,499041080,776093497,1770943663,1551656983
04c589debf5c9b7e,E,2066561017,93703013,719313208,467296705
04c589debf5c9b7e,E,1217149184,887530973,764271615,662890477
04c589debf5c9b7e,E,1970644180,905847038,889818830,1268700360
04c589debf5c9b7e,E,684689440,411975924,1748653997,1108971836
04c589debf5c9b7e,E,1720071368,1610587272,2116699383,1129984408
04c589debf5c9b7e,E,661616771,1005360711,937482568,904866147
04c589debf5c9b7e,E,917379662,1684329564,726765121,663580836
04c589debf5c9b7e,E,698570703,1310023301,557309600,2055520263
04c589debf5c9b7e,E,2010048547,176291535,1856797101,203542970
04c589debf5c9b7e,E,1920340102,1000743567,1614189294,899957839
04c589debf5c9b7e,E,1643585315,1641772923,184222610,1524091678
04c589debf5c9b7e,E,736427573,2028877584,1761237848,1557824420
04c589debf5c9b7e,E,1435305339,877671875,2103066245,633969987
04c589debf5c9b7e,F,1854841836,1724944336,1731998506,1804495839
04c589debf5c9b7e,F,1012053758,1539422236,1601044578,1427592747
04c589debf5c9b7e,F,1407218837,215746798,8807532,732891952
04c589debf5c9b7e,F,550676033,1975083782,439284737,1404460255
04c589debf5c9b7e,F,2146691748,368998113,554424853,1790748448
04c589debf5c9b7e,F,1343817171,1378463937,1812332129,1625977261
04c589debf5c9b7e,F,1686360283,969908649,559283564,277605078
04c589debf5c9b7e,F,386875420,1725193663,392362575,1643474644
04c589debf5c9b7e,F,1777373246,998848974,749167671,524182075
04c589debf5c9b7e,F,2038223315,137485243,337430555,581919737
04c589debf5c9b7e,F,1360326971,25983519,1731482966,2052393874
04c589debf5c9b7e,F,1262383468,316298292,1813576366,2039082129
04c589debf5c9b7e,F,1884141320,1460344268,1384364300,1396317606
04c589debf5c9b7e,F,1208480693,995611040,28300176,1938798008
04c589debf5c9b7e,F,1931620892,911509857,40056850,134291813
04c589debf5c9b7e,F,2032930039,273858740,272650981,1893535989
04c589debf5c9b7e,F,576937645,447284851,1593474023,618103973
04c589debf5c9b7e,F,536682063,1888530547,714247122,1773816657
04c589debf5c9b7e,F,1696007585,1484023790,394049056,24516304
04c589debf5c9b7e,F,1614511109,1089465976,1076486377,624564446
04c589debf5c9b7e,F,1540770603,224665949,1991825263,734638096
04c589debf5c9b7e,F,820034820,988755238,158242715,843046034
04c589debf5c9b7e,F,1577252018,452262275,673641510,2080718877
04c589debf5c9b7e,F,704660403,312736588,145927960,595170354
04c589debf5c9b7e,F,123792283,2074611487,752242389,1446951247
04c589debf5c9b7e,F,902868204,1849060941,1176138860,94533648
04c589debf5c9b7e,F,1464219977,1189989859,404738632,1697731729
04c589debf5c9b7e,F,1790328571,1993841498,44311055,32302724
04c589debf5c9b7e,F,1657395178,2135755840,2060773814,1351087306
04c589debf5c9b7e,F,646511163,587427149,65580264,38683339
04c589debf5c9b7e,G,1214075915,474783178,791000331,1252024977
04c589debf5c9b7e,G,2051836097,1677529656,160158952,60148750
04c589debf5c9b7e,G,1915273870,1362296382,1656962009,1643099511
04c589debf5c9b7e,G,1967202403,1031640772,2105445273,977021151
04c589debf5c9b7e,G,593465825,373408438,1700448734,808619478
04c589debf5c9b7e,G,300579320,1562237856,301726760,1351744647
04c589debf5c9b7e,G,1133295317,468295827,817171698,1337553112
04c589debf5c9b7e,G,1792630898,1087272598,1711237754,1839498942
04c589debf5c9b7e,G,2123279989,896244828,1951785499,1201771407
04c589debf5c9b7e,G,2070029228,1662098985,1687489860,1804026021
04c589debf5c9b7e,G,1780738928,1437759037,323681631,1893503305
04c589debf5c9b7e,G,277266881,1747292782,756262737,670962753
04c589debf5c9b7e,G,1940856462,754776238,1046926965,1703407941
04c589debf5c9b7e,G,333449457,95452696,833553302,840923844
04c589debf5c9b7e,G,1424904743,1433835570,2133576872,347065669
04c589debf5c9b7e,G,1323107199,2141769531,251906410,1930898046
04c589debf5c9b7e,G,474178578,1872469662,1493301020,233456546
04c589debf5c9b7e,G,1382676084,709784191,912564212,407505106
04c589debf5c9b7e,G,63023058,240383854,803132799,66116966
04c589debf5c9b7e,G,618880226,963142695,1542191536,14405222
04c589debf5c9b7e,G,848814655,2063693964,1906809035,1101102152
04c589debf5c9b7e,G,2002534502,413061752,265237857,522937191
04c589debf5c9b7e,G,2009280304,88438962,1847956156,1831934222
04c589debf5c9b7e,G,1848551773,707224216,1768210877,289051956
04c589debf5c9b7e,G,1908562489,1449879186,1457617713,455875476
04c589debf5c9b7e,G,99866068,787958628,306767653,1078150071
04c589debf5c9b7e,G,2051106658,904563397,1627500920,774345954
04c589debf5c9b7e,G,223469806,1458153396,419024501,1518733398
04c589debf5c9b7e,G,2098047422,1387896463,1189291891,1401517159
04c589debf5c9b7e,G,1629676861,1974328455,2060801951,44185289
04c589debf5c9b7e,H,181269577,2097640690,814752074,1476912559
04c589debf5c9b7e,H,2079937415,1922338088,548034422,2124200435
04c589debf5c9b7e,H,430981995,392120485,1963495657,454202604
04c589debf5c9b7e,H,18148012,1785677911,52082813,1054256010
04c589debf5c9b7e,H,728711779,1662325995,1769187830,1787968752
04c589debf5c9b7e,H,1137017236,1710598495,995205140,221025434
04c589debf5c9b7e,H,709241823,1648587032,257574101,1444478645
04c589debf5c9b7e,H,649390534,795404418,1302769578,286697161
04c589debf5c9b7e,H,1187380758,1514679210,416368939,531920311
04c589debf5c9b7e,H,2065632695,388592068,113021692,1527624778
04c589debf5c9b7e,H,1665422628,280481591,2071686904,1684138679
04c589debf5c9b7e,H,1172116362,919123085,762876311,1151665146
04c589debf5c9b7e,H,1419041339,1056678620,1935225311,1774591208
04c589debf5c9b7e,H,2006209692,1224691205,423342064,1722808481
04c589debf5c9b7e,H,1385501791,305847739,2042713599,1988759732
04c589debf5c9b7e,H,1945107523,206948240,1822090985,765167307
04c589debf5c9b7e,H,1264539900,2085548260,1600944595,775101725
04c589debf5c9b7e,H,912829421,1715585509,1417138834,415506478
04c589debf5c9b7e,H,462643254,1604299141,22622530,999150319
04c589debf5c9b7e,H,1100902431,1798221875,1416180143,1659244409
04c589debf5c9b7e,H,816850648,114663004,150744579,1193742434
04c589debf5c9b7e,H,845437478,32859781,787458186,2091643982
04c589debf5c9b7e,H,1529284328,1588650059,821747902,168497674
04c589debf5c9b7e,H,1905782464,847594538,795287080,1146779866
04c589debf5c9b7e,H,729436695,591234063,1249992762,213291718
04c589debf5c9b7e,H,876496198,2135921037,1757729358,1553144974
04c589debf5c9b7e,H,511803729,1653075991,62291757,1168470067
04c589debf5c9b7e,H,986691852,1589538359,1418665479,2010480701
04c589debf5c9b7e,H,130070594,1296168367,1466703464,475567664
04c589debf5c9b7e,H,1238166932,1172984446,1347591157,937703192
04c589debf5c9b7e,I,2096538891,355188299,344987589,863649335
04c589debf5c9b7e,I,2045543313,162129891,1948492297,327012297
04c589debf5c9b7e,I,120250676,2105298619,1889344847,1400074669
04c589debf5c9b7e,I,1624605091,1457943442,1904082327,2003265607
04c589debf5c9b7e,I,492924135,861085385,803356499,387705630
04c589debf5c9b7e,I,1840285789,171203972,1012980487,919695048
04c589debf5c9b7e,I,717023628,1036413518,1140205020,1187882623
04c589debf5c9b7e,I,858853204,83881943,134305511,1966087968
04c589debf5c9b7e,I,1261122238,108748143,1596069244,84576139
04c589debf5c9b7e,I,442951632,81685405,1872503524,394067011
04c589debf5c9b7e,I,1079805,1187817159,1409653844,767567838
04c589debf5c9b7e,I,1138539079,2101199882,216448428,1710657520
04c589debf5c9b7e,I,527250477,1536910707,1395805680,1610058026
04c589debf5c9b7e,I,344722530,601699738,2069372748,668211089
04c589debf5c9b7e,I,1000212226,1184574672,762964405,768186035
04c589debf5c9b7e,I,1249738942,1463247764,1517554723,987819256
04c589debf5c9b7e,I,2089200563,637819592,490066944,890340194
04c589debf5c9b7e,I,1546577468,734693242,1612447311,1825655922
04c589debf5c9b7e,I,2129546653,582768797,2136791842,1249955829
04c589debf5c9b7e,I,904628915,136516743,2049820664,1234894752
04c589debf5c9b7e,I,1117931597,1809962803,976680375,143053078
04c589debf5c9b7e,I,902690937,711673561,246322766,414353199
04c589debf5c9b7e,I,152145299,409801736,2093495633,898748570
04c589debf5c9b7e,I,1453079173,1531300115,1922141763,1215868983
04c589debf5c9b7e,I,912579743,203274049,2087745824,47609604
04c589debf5c9b7e,I,757940420,642147169,1780179425,276772451
04c589debf5c9b7e,I,1820897711,105560867,144684133,1406904045
04c589debf5c9b7e,I,1817605802,1534884322,1042677507,192285302
04c589debf5c9b7e,I,353647268,312944921,1717434574,846820636
04c589debf5c9b7e,I,1762855141,1856265960,904898032,1002368862
04c589debf5c9b7e,J,445517082,1461044127,285817630,1885568025
04c589debf5c9b7e,J,12061297,959338570,1389795472,2099268387
04c589debf5c9b7e,J,468802502,1487207085,1898779940,521278502
04c589debf5c9b7e,J,1962630347,1254375497,2110924837,2047381440
04c589debf5c9b7e,J,366933625,349323073,1359244056,848301118
04c589debf5c9b7e,J,343922078,89508951,1620557112,1902521400
04c589debf5c9b7e,J,1614824886,265249447,636318848,1889066597
04c589debf5c9b7e,J,1615021397,1484836635,2015029548,1471600043
04c589debf5c9b7e,J,1547255857,1884333970,595435059,181534930
04c589debf5c9b7e,J,1821480165,1064624804,1318405319,959506042
04c589debf5c9b7e,J,1867642851,1782221235,10711466,1754769063
04c589debf5c9b7e,J,1186695497,1979041972,1661929560,1489246908
04c589debf5c9b7e,J,371489049,1032356093,2000631746,1521002078
04c589debf5c9b7e,J,647960189,275899014,1753167907,434839009
04c589debf5c9b7e,J,202934859,425366989,944476717,455611789
04c589debf5c9b7e,J,665025764,931556853,2051321119,1179683368
04c589debf5c9b7e,J,1767543716,1916273355,657284886,1927581674
04c589debf5c9b7e,J,1586660115,1482054565,247102774,740295757
04c589debf5c9b7e,J,1062962610,565822872,274975824,1434701435
04c589debf5c9b7e,J,127848782,605962139,130743642,1894475260
04c589debf5c9b7e,J,651186211,2078355746,323413855,186855890
04c589debf5c9b7e,J,2036356791,1076859009,1411947281,1027276973
04c589debf5c9b7e,J,1064915304,1231800142,1247718392,1694904706
04c589debf5c9b7e,J,2141018229,1736250588,1790455273,1500867170
04c589debf5c9b7e,J,759647937,389108608,1477307302,965845258
04c589debf5c9b7e,J,1110033335,140064985,727162403,281209699
04c589debf5c9b7e,J,2133118975,1903495387,161433631,2001571782
04c589debf5c9b7e,J,1295473895,1837323647,1754615286,66442653
04c589debf5c9b7e,J,2114042171,326258605,2024978988,1816132374
04c589debf5c9b7e,J,1574882434,2116190131,1774672992,333055012
04c589debf5c9b7e,K,1544705261,924091732,1134758873,277022560
04c589debf5c9b7e,K,65233779,594354736,1999705727,1629072240
04c589debf5c9b7e,K,603925905,137203256,1513074977,914812084
04c589debf5c9b7e,K,1967127409,1048524545,631444680,1200942049
04c589debf5c9b7e,K,85709127,1083569611,975408401,77746792
04c589debf5c9b7e,K,1501395821,262363622,932919760,689314904
04c589debf5c9b7e,K,115925080,1788340625,692882619,2142547429
04c589debf5c9b7e,K,2051842445,73854267,1073926533,337462983
04c589debf5c9b7e,K,1839124589,1353187959,129588459,1212945390
04c589debf5c9b7e,K,1282092565,558105443,398183043,403137137
04c589debf5c9b7e,K,146459140,197605719,140381514,438692075
04c589debf5c9b7e,K,894948380,363808893,1026454693,521338850
04c589debf5c9b7e,K,1068071861,1212716355,7676515,1845795781
04c589debf5c9b7e,K,689374202,122989889,1822811995,942203952
04c589debf5c9b7e,K,1445429214,651851989,87438055,447587316
04c589debf5c9b7e,K,118297952,1192856244,9152672,1749615133
04c589debf5c9b7e,K,895205022,2136026958,1575294515,480636069
04c589debf5c9b7e,K,1655265785,1986205598,745192163,1014574095
04c589debf5c9b7e,K,1180137745,1720777792,793730654,208516686
04c589debf5c9b7e,K,540573420,1465797610,1066041569,1977443346
04c589debf5c9b7e,K,2049871468,457203816,449731935,543311409
04c589debf5c9b7e,K,1057708087,106708808,2130370524,1846183006
04c589debf5c9b7e,K,453071091,273460314,1269268232,1500005205
04c589debf5c9b7e,K,1166653220,1358724215,1186498444,459409210
04c589debf5c9b7e,K,644990187,201394443,824449177,1067161033
04c589debf5c9b7e,K,1496009929,1705600506,566363997,1059582466
04c589debf5c9b7e,K,435966819,70691470,359587321,183028156
04c589debf5c9b7e,K,1499944685,254863274,1610449214,575120197
04c589debf5c9b7e,K,1638970274,495802148,736929293,1673848781
04c589debf5c9b7e,K,2114423230,943678295,730922974,1406079910
04c589debf5c9b7e,L,950131821,1191159998,1914181167,2013886095
04c589debf5c9b7e,L,1472311112,1673704247,1538557493,1791015446
04c589debf5c9b7e,L,46750252,788171217,1660181535,887052600
04c589debf5c9b7e,L,428459248,30562412,348616282,98736286
04c589debf5c9b7e,L,1618385055,81247640,720836494,1593545258
04c589debf5c9b7e,L,1390151562,1500347968,2010124809,631174570
04c589debf5c9b7e,L,1991013063,766670584,213762134,942723633
04c589debf5c9b7e,L,1524126427,1451396613,813316167,127649927
04c589debf5c9b7e,L,291479647,116543750,183081449,2113632195
04c589debf5c9b7e,L,2013946302,336388325,1476384842,290763553
04c589debf5c9b7e,L,1081364037,324318104,265473363,1091655861
04c589debf5c9b7e,L,36583492,537790184,863888161,1059148876
04c589debf5c9b7e,L,1128964026,1948620677,170689412,28336018
04c589debf5c9b7e,L,2026890150,2075801845,95711466,351840628
04c589debf5c9b7e,L,2801391,98724751,2101369822,451387172
04c589debf5c9b7e,L,722146077,1588223535,946209943,1036982462
04c589debf5c9b7e,L,1028851046,1893007014,1176341826,513590038
04c589debf5c9b7e,L,2015111667,165108358,626875535,1678882078
04c589debf5c9b7e,L,1174883866,762081192,1763721313,1080220472
04c589debf5c9b7e,L,1441727360,662463712,1862481439,382633758
04c589debf5c9b7e,L,1148127817,1847886785,108143359,1380310720
04c589debf5c9b7e,L,1265154395,1701288161,977700551,1327571108
04c589debf5c9b7e,L,41297,1040187241,1673878435,677137323
04c589debf5c9b7e,L,68352237,429513506,381363822,146351511
04c589debf5c9b7e,L,693600382,1717035636,1044548943,1280791762
04c589debf5c9b7e,L,2016655957,1079333065,584117523,1866158134
04c589debf5c9b7e,L,578682936,354620969,403848301,452410135
04c589debf5c9b7e,L,491963214,220486810,1508544228,99678759
04c589debf5c9b7e,L,926805957,1260952327,665965709,350222758
04c589debf5c9b7e,L,336238512,2124657846,440298730,333578433
a2bd1cfc57f19021,A,1868219383,63072175,152663249,1829146942
a2bd1cfc57f19021,A,475785164,115615622,182929608,879051595
a2bd1cfc57f19021,A,1883276095,1862340534,2015753521,1061219118
a2bd1cfc57f19021,A,886495003,1206776502,616254707,1025883143
a2bd1cfc57f19021,A,1840656033,252408876,1286006465,901890332
a2bd1cfc57f19021,A,1336872606,648689308,1821111006,1235492968
a2bd1cfc57f19021,A,923443928,936715684,1648969056,1199116201
a2bd1cfc57f19021,A,1824873054,1440811942,777806627,2081262088
a2bd1cfc57f19021,A,1954807795,214229962,1904861923,625694894
a2bd1cfc57f19021,A,1350731939,2144930067,1263629189,2100204598
a2bd1cfc57f19021,A,490725149,631554589,1105025011,1011454491
a2bd1cfc57f19021,A,30924481,179229024,898663372,1994910422
a2bd1cfc57f19021,A,700798541,1750744872,1225809561,1779946454
a2bd1cfc57f19021,A,1759418568,1578013104,324179594,1516693133
a2bd1cfc57f19021,A,1465495942,1936312316,1952575128,1933532115
a2bd1cfc57f19021,A,1843332551,2055102424,1276362556,1936573319
a2bd1cfc57f19021,A,1978324850,1623195006,381719396,1467021740
a2bd1cfc57f19021,A,1477839655,977387065,1501627488,117076198
a2bd1cfc57f19021,A,899686473,881985124,1587645380,718818219
a2bd1cfc57f19021,A,273421719,867234811,1162478693,1597669006
a2bd1cfc57f19021,A,1914642208,1812002740,1301640206,328573365
a2bd1cfc57f19021,A,1840692059,1289903521,1283474250,239426741
a2bd1cfc57f19021,A,2062468293,1162631753,753744298,233114822
a2bd1cfc57f19021,A,49724186,1391313069,61244514,1691116246
a2bd1cfc57f19021,A,60908008,1681426320,362892549,1763352865
a2bd1cfc57f19021,A,1454039509,1283369979,2033456311,1730360296
a2bd1cfc57f19021,A,460966751,1931441040,1090280515,2062465718
a2bd1cfc57f19021,A,1697876403,1160058104,1909010316,1771889062
a2bd1cfc57f19021,A,1076082631,1011348941,889290267,779248077
a2bd1cfc57f19021,A,1322295063,2109508141,1196415517,1760233467
a2bd1cfc57f19021,B,796676572,449837081,1109977928,1891862823
a2bd1cfc57f19021,B,172214603,1147168537,119734406,1193965357
a2bd1cfc57f19021,B,1839652152,1715304650,1924153878,106820943
a2bd1cfc57f19021,B,315970847,138241312,122159568,838622698
a2bd1cfc57f19021,B,1249339645,418268436,444790534,427228293
a2bd1cfc57f19021,B,1887625268,2059996874,1433955685,1222046507
a2bd1cfc57f19021,B,605946022,2041712774,178431175,485161016
a2bd1cfc57f19021,B,743540200,987093609,1422788983,652511317
a2bd1cfc57f19021,B,915016914,1493116598,1280366085,1258911249
a2bd1cfc57f19021,B,965175230,1574960903,817195602,1812238819
a2bd1cfc57f19021,B,916795372,1248188765,1369732264,338259400
a2bd1cfc57f19021,B,2009536967,837918740,1311090982,1412673363
a2bd1cfc57f19021,B,835478379,1504377129,407723644,1503608951
a2bd1cfc57f19021,B,1256811236,1238808995,770873119,655073670
a2bd1cfc57f19021,B,1275314279,647157450,1638030984,2067942720
a2bd1cfc57f19021,B,1497402112,1435015646,1526331522,1260527204
a2bd1cfc57f19021,B,671753066,1447619591,781540783,767330866
a2bd1cfc57f19021,B,1263708215,1960594587,1631750363,1878413812
a2bd1cfc57f19021,B,1400737166,1867480370,2111329603,1538545212
a2bd1cfc57f19021,B,2062529380,1948101545,1779383194,838425420
a2bd1cfc57f19021,B,228299117,269447830,587546167,43916402
a2bd1cfc57f19021,B,1873488327,256675124,206826287,1770045076
a2bd1cfc57f19021,B,1779933840,1591764095,1921947127,1731048760
a2bd1cfc57f19021,B,1562446597,874914186,908766554,1341388040
a2bd1cfc57f19021,B,535244169,912762830,1627334018,33603784
a2bd1cfc57f19021,B,2113721417,365559184,1881105345,1150292508
a2bd1cfc57f19021,B,1495844310,848229069,567011902,620488161
a2bd1cfc57f19021,B,1403631168,1943845653,56410622,2003609311
a2bd1cfc57f19021,B,527678674,1598262310,1210663557,3648937
a2bd1cfc57f19021,B,276414329,375778837,1972274742,189278881
a2bd1cfc57f19021,C,194251108,1914220361,134885109,485344117
a2bd1cfc57f19021,C,2011808680,3170558,370835664,1488067546
a2bd1cfc57f19021,C,64255945,920571834,459803815,1664906617
a2bd1cfc57f19021,C,1794715811,513256748,196752800,1525474926
a2bd1cfc57f19021,C,1480968117,552718077,1970138468,857612026
a2bd1cfc57f19021,C,355528517,1746769846,1655074602,251939869
a2bd1cfc57f19021,C,779346543,1168510372,2061745722,774460943
a2bd1cfc57f19021,C,327225697,161989088,1151035837,158376601
a2bd1cfc57f19021,C,530206938,1118212169,1696376290,1931386929
a2bd1cfc57f19021,C,615335059,268897346,133598469,1713254853
a2bd1cfc57f19021,C,1073612447,1929247367,428413116,733789756
a2bd1cfc57f19021,C,814567506,1948189347,54483734,1262999670
a2bd1cfc57f19021,C,2002280892,1180957287,1747713574,634780572
a2bd1cfc57f19021,C,1973012441,1319964639,1965110832,1319189610
a2bd1cfc57f19021,C,1394586499,1625690301,1713056956,677110241
a2bd1cfc57f19021,C,1639639336,1139121728,1591711413,1667206519
a2bd1cfc57f19021,C,1424725832,572622594,603482063,1924306080
a2bd1cfc57f19021,C,95028724,1581899347,1849669072,481110234
a2bd1cfc57f19021,C,611237608,1647582464,794129144,1157390130
a2bd1cfc57f19021,C,1867636555,1902058287,538597501,2122215359
a2bd1cfc57f19021,C,6997254,1679599509,559549362,205801117
a2bd1cfc57f19021,C,1044585114,1608901915,233348580,1417617468
a2bd1cfc57f19021,C,431213881,20636105,1290565268,1561187409
a2bd1cfc57f19021,C,767340193,1510198607,20862219,894042661
a2bd1cfc57f19021,C,1914177907,263011249,437432351,481344674
a2bd1cfc57f19021,C,689197589,527095669,1038344190,639857514
a2bd1cfc57f19021,C,415311791,814936755,2028384042,404269978
a2bd1cfc57f19021,C,635260600,875265107,1867203093,1368937789
a2bd1cfc57f19021,C,578266678,1750153008,660693694,720378182
a2bd1cfc57f19021,C,566522563,468497221,71259980,1477324862
a2bd1cfc57f19021,D,1099462858,757021787,1750690229,2018879336
a2bd1cfc57f19021,D,1765749323,1463449709,1888845033,2038854646
a2bd1cfc57f19021,D,1015136711,1450021520,1546039779,62626566
a2bd1cfc57f19021,D,665526057,463469093,464865367,880487869
a2bd1cfc57f19021,D,2094073502,285046051,1881817419,286044565
a2bd1cfc57f19021,D,1586980967,1045953348,2128785833,1784298677
a2bd1cfc57f19021,D,1671460837,1809784785,1407302386,1047904318
a2bd1cfc57f19021,D,1997943181,1740134167,791294453,2132873474
a2bd1cfc57f19021,D,1382217294,820644339,713376429,1347592714
a2bd1cfc57f19021,D,269129377,1533402430,1925565077,527588577
a2bd1cfc57f19021,D,953904165,446567449,1305626234,217882814
a2bd1cfc57f19021,D,1268405298,610589563,1410584478,1923731913
a2bd1cfc57f19021,D,2128355472,856581061,981238934,459938853
a2bd1cfc57f19021,D,2037016846,1564324552,104232196,1371891242
a2bd1cfc57f19021,D,2011101764,2019561691,1019669782,200616040
a2bd1cfc57f19021,D,617217192,1826234272,739884677,16823049
a2bd1cfc57f19021,D,207778808,640445421,1256283543,1011265091
a2bd1cfc57f19021,D,661025692,1309331547,1343495436,836901200
a2bd1cfc57f19021,D,653277787,1704141643,1717185688,1903608113
a2bd1cfc57f19021,D,1175248992,1773270607,1913711254,590400748
a2bd1cfc57f19021,D,1845595419,22103092,1788599728,1755036042
a2bd1cfc57f19021,D,1964688053,1228830544,523063608,556043377
a2bd1cfc57f19021,D,324304522,257128569,253197821,1004821920
a2bd1cfc57f19021,D,1215330899,2058184010,498469767,1044623942
a2bd1cfc57f19021,D,176760864,935951723,2002852354,2004546245
a2bd1cfc57f19021,D,1899856430,2034937856,427124591,1714570065
a2bd1cfc57f19021,D,121481305,1089072650,381737837,1609557744
a2bd1cfc57f19021,D,1017545054,1303741942,936394275,845688464
a2bd1cfc57f19021,D,1969759278,1308203917,1254255286,1277739038
a2bd1cfc57f19021,D,439806931,830003772,753393472,1960875969
a2bd1cfc57f19021,E,1942979007,1921307340,779688261,1159788456
a2bd1cfc57f19021,E,1120969860,1913471707,828547921,1478186322
a2bd1cfc57f19021,E,471690706,1783349568,25161239,1962471119
a2bd1cfc57f19021,E,649225365,1213016467,506324540,1455185514
a2bd1cfc57f19021,E,1318834025,2059346098,531321984,927190721
a2bd1cfc57f19021,E,1970787667,1572127475,435425060,1077587287
a2bd1cfc57f19021,E,2038438892,1362041670,201274821,1574439796
a2bd1cfc57f19021,E,1199593612,1942666095,927956491,1451375835
a2bd1cfc57f19021,E,1848651114,603651851,1773114302,118301047
a2bd1cfc57f19021,E,1790157273,244337696,581846577,666786282
a2bd1cfc57f19021,E,167051313,1788465656,87953031,1454537088
a2bd1cfc57f19021,E,541010988,331808806,1208767039,2089780889
a2bd1cfc57f19021,E,1710416017,588860451,2141153274,888707954
a2bd1cfc57f19021,E,1340172340,1801012987,1870205568,1866591835
a2bd1cfc57f19021,E,1613958494,1857939200,123011577,676883122
a2bd1cfc57f19021,E,630985873,69305391,117642208,763986851
a2bd1cfc57f19021,E,2002074759,1102140500,870097685,1902033548
a2bd1cfc57f19021,E,875014566,263472047,1911255073,57480499
a2bd1cfc57f19021,E,1981806018,849341337,176096017,1254088877
a2bd1cfc57f19021,E,1849485011,125008289,193457267,1136282157
a2bd1cfc57f19021,E,1576119447,1914897396,1470966760,1718805951
a2bd1cfc57f19021,E,247484689,1712465850,434317320,323809358
a2bd1cfc57f19021,E,1613897288,534516409,1365578371,1853524334
a2bd1cfc57f19021,E,2000852781,1523254363,1365353988,1736315230
a2bd1cfc57f19021,E,761022990,308559592,843123533,1253435960
a2bd1cfc57f19021,E,368515220,1977039268,1369832128,1890185477
a2bd1cfc57f19021,E,16207845,210256402,1142015897,1339109884
a2bd1cfc57f19021,E,1611248483,225766334,1375859767,1497123661
a2bd1cfc57f19021,E,599258118,406825815,1625669008,308105794
a2bd1cfc57f19021,E,1793066883,610403896,1976816334,1904400109
a2bd1cfc57f19021,F,1288987326,668750293,1229435102,42950087
a2bd1cfc57f19021,F,142822013,1385544797,1495263558,1215663432
a2bd1cfc57f19021,F,1680055740,579819210,683082320,1493951055
a2bd1cfc57f19021,F,528539333,1747359572,2023384192,933139167
a2bd1cfc57f19021,F,704269699,1523310011,1769347674,293326626
a2bd1cfc57f19021,F,1416232293,1186306509,2034604150,465142136
a2bd1cfc57f19021,F,1921336121,668060674,81742306,1506774945
a2bd1cfc57f19021,F,1951129424,100061845,793415074,2018869364
a2bd1cfc57f19021,F,1331789202,1969910614,1797086464,519102134
a2bd1cfc57f19021,F,1229126807,1214036744,1195095667,2073041394
a2bd1cfc57f19021,F,149797731,683922444,2121693100,1299790855
a2bd1cfc57f19021,F,1614929033,932997900,2071938356,1921233275
a2bd1cfc57f19021,F,232735859,1863482253,1553559546,1111131450
a2bd1cfc57f19021,F,97073379,423811991,1550991559,1522557439
a2bd1cfc57f19021,F,261334158,1964699931,601197257,818218401
a2bd1cfc57f19021,F,1297407862,1371250486,656310814,1444076980
a2bd1cfc57f19021,F,1849787586,1261915391,2033579820,1756489116
a2bd1cfc57f19021,F,1152854760,1069540329,2116978220,1138980033
a2bd1cfc57f19021,F,83112114,1071757402,1106342350,919457183
a2bd1cfc57f19021,F,799753999,584803317,478281662,499076131
a2bd1cfc57f19021,F,1942077057,902488259,997160573,1849237023
a2bd1cfc57f19021,F,1235510927,1758007394,845075867,919504187
a2bd1cfc57f19021,F,1593821513,794251740,1688560788,1224938530
a2bd1cfc57f19021,F,588227212,93787416,908015848,1246562903
a2bd1cfc57f19021,F,1407965518,1860171768,2145447884,150460145
a2bd1cfc57f19021,F,1186605280,734902171,1655795415,641570490
a2bd1cfc57f19021,F,275235946,662552050,303145982,749837262
a2bd1cfc57f19021,F,1846559052,1563102597,1662475405,1540643660
a2bd1cfc57f19021,F,458720326,1908848961,1840723326,1792868702
a2bd1cfc57f19021,F,1719409052,336688563,528459545,1969967257
a2bd1cfc57f19021,G,1506365335,1618197190,630228573,1145955804
a2bd1cfc57f19021,G,1307715171,1845957933,210564053,542937925
a2bd1cfc57f19021,G,1790509450,1112304841,1208896441,276647504
a2bd1cfc57f19021,G,1618951955,1131907843,1285608061,681898196
a2bd1cfc57f19021,G,608686111,844715651,2012518659,900622930
a2bd1cfc57f19021,G,583698076,61079599,1916913929,2118249658
a2bd1cfc57f19021,G,354129874,1201179087,1887913032,1396712644
a2bd1cfc57f19021,G,1315699309,1007137723,12315571,571615757
a2bd1cfc57f19021,G,290510304,680593613,1570931787,818568475
a2bd1cfc57f19021,G,2087251670,801372754,1351979511,238041792
a2bd1cfc57f19021,G,1596457020,2001515481,882938386,419673108
a2bd1cfc57f19021,G,1109020002,2145111644,1664683553,2145088023
a2bd1cfc57f19021,G,1104592452,1255335,2139007368,111452026
a2bd1cfc57f19021,G,896612831,397085454,780927975,1519908290
a2bd1cfc57f19021,G,1092572449,1080052817,618290559,1179729421
a2bd1cfc57f19021,G,787217970,1872924845,335726712,237756227
a2bd1cfc57f19021,G,1688117837,1540980784,561195685,1696156988
a2bd1cfc57f19021,G,1747506792,1048866954,407982749,149776250
a2bd1cfc57f19021,G,1473606108,1147869805,1284116593,1524402775
a2bd1cfc57f19021,G,851622038,1157936095,949144191,1615079057
a2bd1cfc57f19021,G,1621291015,2048807515,1138559417,1255338408
a2bd1cfc57f19021,G,1983705463,1046303293,1596646529,946926441
a2bd1cfc57f19021,G,1916476173,1628564709,1268666640,1937416083
a2bd1cfc57f19021,G,440877973,127015923,609296620,131305893
a2bd1cfc57f19021,G,878148310,1646998503,776307449,404380155
a2bd1cfc57f19021,G,1210932149,869605184,65943481,1882828665
a2bd1cfc57f19021,G,896362292,110366932,207107939,1505336956
a2bd1cfc57f19021,G,1768788534,861528911,918750743,388473254
a2bd1cfc57f19021,G,606195316,1833801590,1025791814,19785495
a2bd1cfc57f19021,G,197441301,2050362183,1653322366,2107411658
a2bd1cfc57f19021,H,1446837854,1979098033,1301972175,854776604
a2bd1cfc57f19021,H,449080435,920062562,1396999709,1794803475
a2bd1cfc57f19021,H,2006019040,1414133607,803435524,563020433
a2bd1cfc57f19021,H,525823319,806867891,1275996021,173380642
a2bd1cfc57f19021,H,1559910821,817396631,1025970304,548130848
a2bd1cfc57f19021,H,357972203,1152179786,465621705,695127473
a2bd1cfc57f19021,H,287130142,1707221076,1052051285,1934499279
a2bd1cfc57f19021,H,1327331885,1700319863,185341600,572645340
a2bd1cfc57f19021,H,1600108720,6587069,2051049849,1257717297
a2bd1cfc57f19021,H,171394093,1169676258,489217886,1797792383
a2bd1cfc57f19021,H,941790467,1780706300,1400311827,2122413568
a2bd1cfc57f19021,H,1865540859,1207656822,2110600745,1695852484
a2bd1cfc57f19021,H,1194505128,477211293,727897844,2135340576
a2bd1cfc57f19021,H,486149574,1880821945,188486641,447171477
a2bd1cfc57f19021,H,959829643,717816606,2144101251,824616491
a2bd1cfc57f19021,H,279727714,52828304,282102489,552511404
a2bd1cfc57f19021,H,786650827,1434410122,313860019,2098995725
a2bd1cfc57f19021,H,87712318,714548077,3922222,833074401
a2bd1cfc57f19021,H,1840862465,1595926064,982525872,1156399982
a2bd1cfc57f19021,H,424988896,220334260,1497099242,308135264
a2bd1cfc57f19021,H,1410882286,1710558402,2120253841,298503991
a2bd1cfc57f19021,H,190452569,469857815,530358521,626381941
a2bd1cfc57f19021,H,1912525573,778982055,202973066,704630744
a2bd1cfc57f19021,H,659655017,1440435002,1524507545,324882537
a2bd1cfc57f19021,H,82726133,1467938308,219424060,1139792722
a2bd1cfc57f19021,H,1732644686,467754774,181984401,630522348
a2bd1cfc57f19021,H,881990550,1458264552,1018084283,932215185
a2bd1cfc57f19021,H,575941223,978986567,1528364634,1580714406
a2bd1cfc57f19021,H,1671548668,276949627,1529909613,1658444037
a2bd1cfc57f19021,H,1541639310,546999217,1978240265,787422230
a2bd1cfc57f19021,I,1417881669,1244007275,700389021,775564739
a2bd1cfc57f19021,I,1731758928,1160881716,305809631,1102957969
a2bd1cfc57f19021,I,385385549,249695191,1292736464,485838255
a2bd1cfc57f19021,I,1733067381,310036234,1298598086,452758921
a2bd1cfc57f19021,I,1219761661,1132693832,1857793689,1388614010
a2bd1cfc57f19021,I,240641344,1718800512,1934666882,974808484
a2bd1cfc57f19021,I,1410682828,1919887679,1853926623,1893118979
a2bd1cfc57f19021,I,617640776,1774966064,1412158394,1372259994
a2bd1cfc57f19021,I,787426029,579394082,375779410,1427248535
a2bd1cfc57f19021,I,157015420,427330470,911781753,1568007446
a2bd1cfc57f19021,I,1075676835,684119912,1705415481,612318390
a2bd1cfc57f19021,I,1352678668,857406596,1592035022,1839127066
a2bd1cfc57f19021,I,1913852969,1475984432,1425273693,443744426
a2bd1cfc57f19021,I,160764283,2086164410,355023153,1843567613
a2bd1cfc57f19021,I,1055533682,270904655,654724635,2093390
a2bd1cfc57f19021,I,263115335,1612260451,84515088,406798482
a2bd1cfc57f19021,I,1266104801,2090722043,566882296,233808419
a2bd1cfc57f19021,I,660566288,828997190,1044749291,1057337722
a2bd1cfc57f19021,I,1295778734,213360026,421567315,1831189906
a2bd1cfc57f19021,I,1372646014,768639706,2017854369,291450719
a2bd1cfc57f19021,I,2022000541,1941113893,1047412180,1284768199
a2bd1cfc57f19021,I,644575481,1127025842,1082397176,762766822
a2bd1cfc57f19021,I,112714627,1442093373,1424806062,963820782
a2bd1cfc57f19021,I,736488816,1251082014,645414634,1824892776
a2bd1cfc57f19021,I,2066865457,1241806543,1070654283,1418815613
a2bd1cfc57f19021,I,2113871395,144245918,1397471503,16064771
a2bd1cfc57f19021,I,1621472861,1562334622,1007337707,774978135
a2bd1cfc57f19021,I,22377563,558276123,1772167543,312190332
a2bd1cfc57f19021,I,853707436,2055824320,204906588,1784420095
a2bd1cfc57f19021,I,1261786327,2112760789,1331344768,1648735366
a2bd1cfc57f19021,J,990519939,1081529706,554402515,144243597
a2bd1cfc57f19021,J,1293354281,460061008,1223198425,419298151
a2bd1cfc57f19021,J,1248272599,765588450,770296956,1333698673
a2bd1cfc57f19021,J,1597676289,1075813193,1032003924,1003740647
a2bd1cfc57f19021,J,851734254,1608561986,10169864,1724812693
a2bd1cfc57f19021,J,555367931,2131360545,949659053,1551144571
a2bd1cfc57f19021,J,1252709076,1957042829,1945670858,947041956
a2bd1cfc57f19021,J,1491165662,1544531742,23844626,736046879
a2bd1cfc57f19021,J,1041644073,525408923,1643801630,1445201054
a2bd1cfc57f19021,J,1594418915,421268750,898185044,1783724412
a2bd1cfc57f19021,J,824916213,2142094421,1247202916,1644169918
a2bd1cfc57f19021,J,1681666458,360036759,1698104161,815671468
a2bd1cfc57f19021,J,1182039363,540390639,1290247900,2101835166
a2bd1cfc57f19021,J,901720705,104166005,128185681,993729770
a2bd1cfc57f19021,J,1949754391,892498878,1094026856,1605328819
a2bd1cfc57f19021,J,1868465832,1228452240,2114456667,1864877336
a2bd1cfc57f19021,J,1491222517,767640339,193276825,72490876
a2bd1cfc57f19021,J,1793292476,117366219,8616922,92846187
a2bd1cfc57f19021,J,818037048,639332881,787235234,1784871243
a2bd1cfc57f19021,J,1196601790,795527872,532483504,283894062
a2bd1cfc57f19021,J,53644921,1051101471,2017767762,96764046
a2bd1cfc57f19021,J,570809786,1566767136,1149865783,1176489640
a2bd1cfc57f19021,J,368422899,597156662,1440082859,1173755365
a2bd1cfc57f19021,J,598142283,1767276139,327607077,1368221329
a2bd1cfc57f19021,J,995185779,1277794353,2104489179,373705603
a2bd1cfc57f19021,J,914666390,1040465470,655748012,2099526762
a2bd1cfc57f19021,J,779707051,947967553,1387713571,1522212399
a2bd1cfc57f19021,J,1712038087,1368725045,565263425,1198235542
a2bd1cfc57f19021,J,405165116,139444159,1735889202,9459720
a2bd1cfc57f19021,J,897211640,1296143704,2063724538,255442570
a2bd1cfc57f19021,K,1228735537,536004074,1968946106,2135664344
a2bd1cfc57f19021,K,702279411,947317282,832965488,1785507483
a2bd1cfc57f19021,K,1556183358,1262739806,906858159,1265933845
a2bd1cfc57f19021,K,13555077,1877802758,1301372676,2125112693
a2bd1cfc57f19021,K,387404948,1829522691,458226103,2002673163
a2bd1cfc57f19021,K,2009510458,1244204632,1420729866,1489204732
a2bd1cfc57f19021,K,1764565866,1052728059,1022269161,215982285
a2bd1cfc57f19021,K,2012964053,734621333,1557272821,215297929
a2bd1cfc57f19021,K,1806233372,958995691,527896709,803568539
a2bd1cfc57f19021,K,1317734321,1618604046,1163871869,78747147
a2bd1cfc57f19021,K,2050474708,2105435479,1318744982,1812058235
a2bd1cfc57f19021,K,621578061,1256504964,414327145,1241134696
a2bd1cfc57f19021,K,1542253847,1307106611,1603964645,1247586742
a2bd1cfc57f19021,K,1477826009,1393488093,1286561345,373951491
a2bd1cfc57f19021,K,569443648,1984692495,57157291,610865903
a2bd1cfc57f19021,K,262731875,1053611471,664943871,128912681
a2bd1cfc57f19021,K,1200192790,161032958,1816688238,1017369785
a2bd1cfc57f19021,K,675183169,19864729,1126337040,932630793
a2bd1cfc57f19021,K,1447963274,121167790,1405246108,1397869692
a2bd1cfc57f19021,K,487695982,334797748,1658510940,1704794640
a2bd1cfc57f19021,K,536356768,499319821,1154077877,1613458112
a2bd1cfc57f19021,K,1769032354,1033475617,205839993,591736557
a2bd1cfc57f19021,K,923366157,1604195356,1625967231,617913479
a2bd1cfc57f19021,K,1069946447,1841387688,146792524,836052515
a2bd1cfc57f19021,K,1778768100,689724118,1645045017,206157205
a2bd1cfc57f19021,K,1309981633,2001495398,612548453,1680352172
a2bd1cfc57f19021,K,1646965131,964124567,703331887,1646828127
a2bd1cfc57f19021,K,738477155,2099448405,1432465146,1487201722
a2bd1cfc57f19021,K,1945777802,789171516,1529276097,352518570
a2bd1cfc57f19021,K,158051776,1437008434,917187193,1802538251
a2bd1cfc57f19021,L,1197178041,1197567721,141789625,631773233
a2bd1cfc57f19021,L,724937974,742453338,187501694,1935568716
a2bd1cfc57f19021,L,619038385,730769410,872074664,1800088847
a2bd1cfc57f19021,L,684977490,1552137750,68965994,2089832304
a2bd1cfc57f19021,L,527070603,70525188,744535409,1281348462
a2bd1cfc57f19021,L,734364261,635381396,401805080,1557113976
a2bd1cfc57f19021,L,1329447836,2129349633,1822008604,1284043586
a2bd1cfc57f19021,L,1613936140,1699716178,953431489,814168019
a2bd1cfc57f19021,L,619056559,69381812,1769373661,1006059197
a2bd1cfc57f19021,L,999929481,1252627428,570888387,2059642836
a2bd1cfc57f19021,L,697024796,1122530985,122885148,200446165
a2bd1cfc57f19021,L,1749412933,1613160465,24313999,1076257113
a2bd1cfc57f19021,L,1391610976,1169134129,1094873954,774611113
a2bd1cfc57f19021,L,631445221,290845143,1676829366,19131448
a2bd1cfc57f19021,L,403106451,1599364048,2080026655,220492636
a2bd1cfc57f19021,L,1107378749,1709268283,371171370,784425287
a2bd1cfc57f19021,L,1515407312,928139194,820910998,1165435348
a2bd1cfc57f19021,L,408921851,1188275498,1849657552,1053246671
a2bd1cfc57f19021,L,1263754830,1362714274,1817556955,2093560362
a2bd1cfc57f19021,L,1641889142,706324160,1380748387,1391654083
a2bd1cfc57f19021,L,2104449557,960209644,756025894,305690162
a2bd1cfc57f19021,L,1847401832,1272982699,385845631,861791395
a2bd1cfc57f19021,L,1000790087,470417736,1192924691,1256731954
a2bd1cfc57f19021,L,1283900698,1706575208,1489441458,323646716
a2bd1cfc57f19021,L,511888514,24779502,2146498320,971364264
a2bd1cfc57f19021,L,2079726085,1395496909,188914784,1229051132
a2bd1cfc57f19021,L,1260652388,1884822182,1961897932,20794684
a2bd1cfc57f19021,L,2040682210,1092614840,1279725608,433264073
a2bd1cfc57f19021,L,1964796330,15886435,1143025747,949463821
a2bd1cfc57f19021,L,108121074,978752614,769939918,1964909801
1847823bd7961b16,A,2051892411,1714353299,1710078437,2064546683
1847823bd7961b16,A,904668597,578104792,880802073,1933848651
1847823bd7961b16,A,828775330,685210197,176773406,1540843170
1847823bd7961b16,A,82241302,1282059987,718095719,746464825
1847823bd7961b16,A,716242918,67282582,1831954792,1447496976
1847823bd7961b16,A,351440432,1283100505,18639187,1804503435
1847823bd7961b16,A,143675647,1774999660,2081383792,966772812
1847823bd7961b16,A,1558764262,123403632,1961991410,71723098
1847823bd7961b16,A,883614703,341291006,2133304399,1239530871
1847823bd7961b16,A,340477038,447505590,1935885770,1562249852
1847823bd7961b16,A,538293894,1941795835,432541755,1117398493
1847823bd7961b16,A,2105215865,1801002427,408846026,770824673
1847823bd7961b16,A,159296818,816556504,1013881259,335112559
1847823bd7961b16,A,522382022,1563050954,1281041948,528974023
1847823bd7961b16,A,355967834,2124903949,696539168,1969928573
1847823bd7961b16,A,1769349567,279552859,1087818546,1851202060
1847823bd7961b16,A,1604480245,2019906715,1877806988,2058052964
1847823bd7961b16,A,1174639221,1646534147,1987151383,965160849
1847823bd7961b16,A,872694299,790616528,1633972269,564156883
1847823bd7961b16,A,1658032125,289611357,960453950,1790600970
1847823bd7961b16,A,1291420286,1823745734,287367407,62983326
1847823bd7961b16,A,985469037,49550668,357909147,1499149701
1847823bd7961b16,A,982623175,37682723,1134333588,146871003
1847823bd7961b16,A,1285878805,1925179688,1301598475,1911177134
1847823bd7961b16,A,1223105800,1788630383,1433565586,1981702919
1847823bd7961b16,A,357682009,1639391130,1458390486,1544646573
1847823bd7961b16,A,1400373293,425776937,672640565,32013911
1847823bd7961b16,A,346068970,1061648671,427539630,555337476
1847823bd7961b16,A,1759356147,1924115471,382541031,633680098
1847823bd7961b16,A,1418246263,968037559,697483405,1216894706
1847823bd7961b16,B,1343973722,1287012679,552462273,1345941791
1847823bd7961b16,B,1256546803,2054265992,835711832,1352508359
1847823bd7961b16,B,834182695,855441213,473743887,1713765375
1847823bd7961b16,B,1145576607,45794137,1199946422,1187572541
1847823bd7961b16,B,1980682481,2020209286,1003293643,580144096
1847823bd7961b16,B,1065214282,393951323,1535468686,2059663832
1847823bd7961b16,B,158717365,232457551,1341055867,340077602
1847823bd7961b16,B,1032712059,1768942295,1724580580,1629581780
1847823bd7961b16,B,278868594,889381468,1792814185,1387688806
1847823bd7961b16,B,1227293112,1307744134,1179196310,1088116640
1847823bd7961b16,B,1009969576,1634567907,1640653257,1805318152
1847823bd7961b16,B,876689951,1459216669,478054475,220260562
1847823bd7961b16,B,1419464842,1601349858,1302048398,1398582608
1847823bd7961b16,B,773063831,936397123,907439366,627837032
1847823bd7961b16,B,1771210896,1919071415,1259904872,1860192948
1847823bd7961b16,B,1735612486,1667628572,425193548,346429524
1847823bd7961b16,B,2055482591,1383252875,78325728,2130975086
1847823bd7961b16,B,1534893246,1884184415,1446399875,1586718794
1847823bd7961b16,B,1499019620,1972904704,1914646711,1191704923
1847823bd7961b16,B,1529433812,856751513,103446924,1815017103
1847823bd7961b16,B,923599290,744157276,190942296,1963756124
1847823bd7961b16,B,1336825721,1710991302,1767005718,2103319462
1847823bd7961b16,B,116373053,708208781,763835036,82379540
1847823bd7961b16,B,407499760,932433943,1997629548,1716096826
1847823bd7961b16,B,440866924,14536358,1715328567,475907324
1847823bd7961b16,B,872335765,1712340574,154187781,264251117
1847823bd7961b16,B,87400951,222570172,636027997,998674931
1847823bd7961b16,B,1398034593,1408139622,2133448118,1249778779
1847823bd7961b16,B,880830082,2015082096,1178773854,500981618
1847823bd7961b16,B,937061666,491011989,1518989867,1577557547
1847823bd7961b16,C,959223208,1293468305,1172332867,1624508619
1847823bd7961b16,C,665820619,194162982,1888063523,1030696987
1847823bd7961b16,C,6298791,316071102,1714790391,1596146882
1847823bd7961b16,C,657500241,1098851487,76528317,233892361
1847823bd7961b16,C,1110608010,431112122,384105302,1354862093
1847823bd7961b16,C,1028627111,541490691,803798977,1609029100
1847823bd7961b16,C,624682628,1288837711,823718859,2086629846
1847823bd7961b16,C,1681796219,375806941,1186009115,1069807003
1847823bd7961b16,C,1795037569,1716139600,10533831,1385655126
1847823bd7961b16,C,2123063386,571208313,337379655,1554359182
1847823bd7961b16,C,1401534244,182019765,519356870,1228379640
1847823bd7961b16,C,1023710015,1371554186,240931953,1835860351
1847823bd7961b16,C,1731531159,843120025,551253897,872727899
1847823bd7961b16,C,516423725,1043470652,1823610043,2106855047
1847823bd7961b16,C,969185083,858867458,1880164787,1223512240
1847823bd7961b16,C,476527014,318622702,675592659,389840979
1847823bd7961b16,C,1779643906,1644735582,222112582,672035267
1847823bd7961b16,C,135396889,1136340223,1066617940,1657355594
1847823bd7961b16,C,1906835503,1414623559,386354327,62051053
1847823bd7961b16,C,1049360419,1701450180,319699099,240813559
1847823bd7961b16,C,1230791853,118744510,408759582,1680089500
1847823bd7961b16,C,766359831,43467511,1679128943,1233829843
1847823bd7961b16,C,1191201644,1251294454,1064256609,1968693008
1847823bd7961b16,C,82396603,1378891007,2146540950,790640186
1847823bd7961b16,C,1642880803,270466184,1333843672,728464097
1847823bd7961b16,C,579176206,852441631,1264950458,1946767854
1847823bd7961b16,C,1468815180,1989359727,2005994527,1063675954
1847823bd7961b16,C,1172870626,914427642,290796760,220938584
1847823bd7961b16,C,160038550,530910318,1077426969,1556599522
1847823bd7961b16,C,1326426538,1137254470,220188803,1119994597
1847823bd7961b16,D,1865117706,1836767879,928213631,725661714
1847823bd7961b16,D,2034015002,599545338,1193219816,1306748240
1847823bd7961b16,D,251328795,312744279,1338925256,952238232
1847823bd7961b16,D,670318924,1947891531,382849478,1436021774
1847823bd7961b16,D,154605164,1033738130,1363345114,866359927
1847823bd7961b16,D,959401283,1838911467,2116631251,273637457
1847823bd7961b16,D,72259016,1146611494,859153823,1684832522
1847823bd7961b16,D,1501978732,112934422,1110767336,1544832607
1847823bd7961b16,D,1462087954,1081302930,640862627,1044674935
1847823bd7961b16,D,495266613,1438464040,1071200193,798903565
1847823bd7961b16,D,1647654301,474070841,716688238,1571498056
1847823bd7961b16,D,2089126416,1800259091,1802933876,829112690
1847823bd7961b16,D,64790519,278266656,1542485214,743922033
1847823bd7961b16,D,1667961322,1565828958,562459589,1213874548
1847823bd7961b16,D,1099983082,316006953,195620609,2096014880
1847823bd7961b16,D,1312287689,1072997034,944072040,409048055
1847823bd7961b16,D,340801475,2113977235,338589158,195805271
1847823bd7961b16,D,1226603659,673244540,1933044922,1792373337
1847823bd7961b16,D,1227729775,1908931055,561018305,1529830874
1847823bd7961b16,D,1456814659,192600180,606496357,1559632208
1847823bd7961b16,D,1680039072,1903695334,166746191,1986543575
1847823bd7961b16,D,1822727337,1861620243,83567194,962008573
1847823bd7961b16,D,1270903230,1437202075,1254542984,399414134
1847823bd7961b16,D,864215719,109434548,466418474,180960281
1847823bd7961b16,D,1986618933,228592242,1461189702,193353094
1847823bd7961b16,D,120142220,1813951857,593754722,1591495919
1847823bd7961b16,D,195383952,1568226872,1443788172,691986593
1847823bd7961b16,D,419062402,1374469423,676182511,1148409863
1847823bd7961b16,D,139096350,653436555,946169798,95545536
1847823bd7961b16,D,627141066,1550270473,740575532,181576519
1847823bd7961b16,E,575438096,875339318,2028830627,1471948934
1847823bd7961b16,E,2006865942,921470922,1168953755,1948608984
1847823bd7961b16,E,950500506,267284110,2015558522,1997323695
1847823bd7961b16,E,641620652,1560535147,681251192,1621693949
1847823bd7961b16,E,1275528447,1963322506,1189070425,547927561
1847823bd7961b16,E,207668975,625245575,2122580496,1690620409
1847823bd7961b16,E,1080419190,84745077,1911672551,828307261
1847823bd7961b16,E,1273856047,380353706,638971456,948361800
1847823bd7961b16,E,1302434537,586435373,326242068,1987591092
1847823bd7961b16,E,5815899,1939510116,814504804,714804454
1847823bd7961b16,E,409970791,1273001237,1357800368,1781596277
1847823bd7961b16,E,1028492954,2057411427,512119108,1138678751
1847823bd7961b16,E,327297585,943673496,491868767,2018716452
1847823bd7961b16,E,1301490258,1905335142,817422925,1245725533
1847823bd7961b16,E,819748899,2035209334,1701808749,1465458190
1847823bd7961b16,E,1708038241,269095145,968356863,55365794
1847823bd7961b16,E,1667926005,725311496,2076642335,729710011
1847823bd7961b16,E,2026058217,942836427,1364098168,799902276
1847823bd7961b16,E,195456668,1956093799,1044059327,1849805367
1847823bd7961b16,E,611023003,2085126707,1227057939,1553172191
1847823bd7961b16,E,57975220,1009286549,1072540442,1661882609
1847823bd7961b16,E,92563747,1307293720,976426327,491868656
1847823bd7961b16,E,1070049968,254126488,697154371,1163185543
1847823bd7961b16,E,109251884,498746766,402501704,1078691321
1847823bd7961b16,E,12235294,681977588,58226568,544746938
1847823bd7961b16,E,183568574,97722037,1990392584,872557031
1847823bd7961b16,E,2033263484,1880748754,338797751,782676301
1847823bd7961b16,E,746987069,180310964,696995687,718193951
1847823bd7961b16,E,273469282,1204441514,1378664087,1359575051
1847823bd7961b16,E,12935789,1681333376,664310648,804759256
1847823bd7961b16,F,1197934987,2054321564,2034894832,1690103554
1847823bd7961b16,F,1465726233,66449854,1911225267,1861848173
1847823bd7961b16,F,1916809911,1582921597,1796454770,599901842
1847823bd7961b16,F,2002014729,276527413,1582391561,377837212
1847823bd7961b16,F,863854859,522883039,73046081,1453235836
1847823bd7961b16,F,2083533876,196617199,1614234905,1329073395
1847823bd7961b16,F,2046551742,397837176,1232385996,1159207439
1847823bd7961b16,F,223861900,5046537,1311791235,1750001837
1847823bd7961b16,F,1421850897,213761182,656827143,2046659953
1847823bd7961b16,F,809334484,907582659,1932428047,838976760
1847823bd7961b16,F,498769135,752120361,927578512,966534634
1847823bd7961b16,F,1187362606,2143364219,1340711244,408508834
1847823bd7961b16,F,1622548134,1159580549,1000606520,264309651
1847823bd7961b16,F,159433489,77243467,949856852,1220405392
1847823bd7961b16,F,2018104408,1447431329,1185272318,115930384
1847823bd7961b16,F,1078802688,1367314419,45574962,734477481
1847823bd7961b16,F,1340896388,1585154712,196645861,1566950215
1847823bd7961b16,F,768796390,1508990877,1411534394,904211553
1847823bd7961b16,F,1083083478,2041284824,1401747963,1997208942
1847823bd7961b16,F,1605153707,1900612261,1183587493,1023008125
1847823bd7961b16,F,1009169649,289067592,219661683,361604076
1847823bd7961b16,F,1739620869,420963151,671852126,359753645
1847823bd7961b16,F,649258605,1816859280,1695046681,1947953153
1847823bd7961b16,F,1021826048,824616046,2016889568,1517921919
1847823bd7961b16,F,10610774,2056525291,608641693,1433126738
1847823bd7961b16,F,872874123,75154304,1575427052,49436207
1847823bd7961b16,F,15965406,1927014858,1014723790,1686309030
1847823bd7961b16,F,879394376,1850317009,1288896898,525169545
1847823bd7961b16,F,742307924,492879733,1326630366,1501854277
1847823bd7961b16,F,1352386793,1303821378,927557254,1160507018
1847823bd7961b16,G,1506457176,1131755546,1716387966,1169745734
1847823bd7961b16,G,837457310,1230539650,809923021,1572052343
1847823bd7961b16,G,756435625,885430119,1034736583,1807040810
1847823bd7961b16,G,1836446314,174617593,1388690601,281287750
1847823bd7961b16,G,287090255,1085958035,1127122826,1726683223
1847823bd7961b16,G,1830281398,1058163875,32591562,2114111802
1847823bd7961b16,G,508181225,1756709591,1838765366,1856791092
1847823bd7961b16,G,539729601,1598613490,18089281,216283728
1847823bd7961b16,G,513476878,550804278,1589071152,1793453249
1847823bd7961b16,G,1283777496,749473542,1712271737,844334817
1847823bd7961b16,G,1999842287,284112865,1285482538,2056184334
1847823bd7961b16,G,1506606200,1218021869,140613527,1553107696
1847823bd7961b16,G,426374333,848538183,1017239621,747633163
1847823bd7961b16,G,793394860,737428959,854991214,849270334
1847823bd7961b16,G,1132592203,1888244784,1965482067,1619502619
1847823bd7961b16,G,347423601,746951008,1067675001,772379216
1847823bd7961b16,G,1596106898,1093418554,1339750588,1405935415
1847823bd7961b16,G,326989392,842068530,1313842234,159184398
1847823bd7961b16,G,980985024,1539611988,987300643,214429616
1847823bd7961b16,G,2023662276,1513389265,937365781,1023556020
1847823bd7961b16,G,938573464,1289387506,360469091,1127186792
1847823bd7961b16,G,86110325,626526343,1876249321,2091536881
1847823bd7961b16,G,244819799,912564044,1208481752,543210975
1847823bd7961b16,G,389477328,558888441,550299900,85384230
1847823bd7961b16,G,941757474,1744721220,704564894,273630048
1847823bd7961b16,G,922078364,1266110135,1809843547,1458047954
1847823bd7961b16,G,898427171,270019582,1487059634,678370231
1847823bd7961b16,G,226128672,201829738,1940293359,1411435887
1847823bd7961b16,G,901878311,1469659141,95248189,1021384938
1847823bd7961b16,G,940361385,983269304,2109838269,1505892624
1847823bd7961b16,H,400581484,2017239752,1917350546,1660646556
1847823bd7961b16,H,1272096321,1202307038,746172293,242007113
1847823bd7961b16,H,2129801112,1197472239,1223524859,1310783052
1847823bd7961b16,H,355452336,82250177,1386062307,102536890
1847823bd7961b16,H,1724227014,1700274188,290733514,197283584
1847823bd7961b16,H,1170097528,1748498234,1183370129,1217322403
1847823bd7961b16,H,1455566057,984870022,1953442106,325899050
1847823bd7961b16,H,281894198,465080375,1753357013,1018653296
1847823bd7961b16,H,2117887677,961455879,1263124658,1086253631
1847823bd7961b16,H,856402333,510971663,1320301761,1701889480
1847823bd7961b16,H,723478025,1521125958,71229983,1072010242
1847823bd7961b16,H,1196161147,1679698854,625230044,707402464
1847823bd7961b16,H,1532407860,125101652,1205877892,871923007
1847823bd7961b16,H,1903819007,936743799,1288025488,1391358506
1847823bd7961b16,H,558605400,1712301865,429537866,1062864800
1847823bd7961b16,H,1511060108,2080584423,975223265,1177346893
1847823bd7961b16,H,1788806314,1183357634,284875744,1959828011
1847823bd7961b16,H,1388648590,794246455,1349403738,785273955
1847823bd7961b16,H,897386873,163402815,1783126447,95547332
1847823bd7961b16,H,275722053,1073187541,677310374,294717791
1847823bd7961b16,H,39338109,450394237,1788136152,628054303
1847823bd7961b16,H,682127476,1521986765,1620974065,963426380
1847823bd7961b16,H,670286833,868747537,1297144832,670300849
1847823bd7961b16,H,1424420577,1182478606,967655129,892881228
1847823bd7961b16,H,1246363729,1396354308,1540850809,519379566
1847823bd7961b16,H,811430518,1904209096,101328864,924136213
1847823bd7961b16,H,60217548,1554894791,1983276862,1203851737
1847823bd7961b16,H,1709538139,1458040917,735443327,1085242317
1847823bd7961b16,H,824607827,1778016274,1450335917,1897208112
1847823bd7961b16,H,1397187851,319564901,1788737026,750029750
1847823bd7961b16,I,1207015743,576316717,384212358,961163373
1847823bd7961b16,I,1549598147,1214465786,367799450,1375437366
1847823bd7961b16,I,1669413828,1400650948,952268599,1344770099
1847823bd7961b16,I,380060263,346042041,2040659374,1281922922
1847823bd7961b16,I,56217067,694086563,1124857335,575086900
1847823bd7961b16,I,1260015652,1849423828,933558508,66902256
1847823bd7961b16,I,1034056327,1769575541,1248071339,1926107731
1847823bd7961b16,I,1483134958,2010029940,1695680914,112910248
1847823bd7961b16,I,908575745,557782649,1135143730,271525764
1847823bd7961b16,I,133749947,1800916962,120315638,1091455463
1847823bd7961b16,I,252004713,86743108,72768439,470190450
1847823bd7961b16,I,1174115993,1634839039,964764912,1069388406
1847823bd7961b16,I,1901608684,1471448662,855348504,769318159
1847823bd7961b16,I,833634752,262722294,766662942,1132165963
1847823bd7961b16,I,496839107,327117541,734732885,616716821
1847823bd7961b16,I,1173739962,1472648983,953226280,610300287
1847823bd7961b16,I,107516268,1340442100,1137824534,1653411149
1847823bd7961b16,I,1015549349,1239465155,1847215726,340975479
1847823bd7961b16,I,429431633,1219793415,253860183,1399407529
1847823bd7961b16,I,1965963056,38814798,963265598,1597639585
1847823bd7961b16,I,1759856564,1576878502,593828599,2072290130
1847823bd7961b16,I,1843306239,135951143,1794786764,2013442942
1847823bd7961b16,I,693084810,756910152,1122176816,1348419432
1847823bd7961b16,I,945722971,853415144,227008057,1914415619
1847823bd7961b16,I,1457941550,1301535042,2015283152,297353785
1847823bd7961b16,I,433759404,1983678720,1737649513,1348934729
1847823bd7961b16,I,1414354600,1591385161,1811449789,2067099907
1847823bd7961b16,I,506330151,2127757606,1233121357,1279558400
1847823bd7961b16,I,1355897635,1955803027,1849135969,1349311543
1847823bd7961b16,I,435019892,1084330823,2008496149,915377819
1847823bd7961b16,J,23693932,1123643433,1759994873,874484200
1847823bd7961b16,J,1827830835,834995893,506088108,382113596
1847823bd7961b16,J,381369637,395026129,872244236,754935876
1847823bd7961b16,J,1220888169,1142718441,1912675838,628699101
1847823bd7961b16,J,620283963,1919955229,1415601151,1943464617
1847823bd7961b16,J,1215259513,188620110,1937348872,1908988154
1847823bd7961b16,J,2049147338,1204208156,366219157,2015129662
1847823bd7961b16,J,1557413789,691409442,935872308,852507428
1847823bd7961b16,J,547085549,1176835309,818700803,582990307
1847823bd7961b16,J,1994951358,1808888960,1637550860,471651150
1847823bd7961b16,J,143385978,1228876818,668976911,1417160044
1847823bd7961b16,J,351723386,432474373,888311369,709412621
1847823bd7961b16,J,507626640,1925997879,341475755,1401004830
1847823bd7961b16,J,2136648172,255553218,1108863396,753527805
1847823bd7961b16,J,665372203,877537708,2131139194,1596561628
1847823bd7961b16,J,395570931,1613798302,1028529955,725495768
1847823bd7961b16,J,406529595,1021311010,565888838,140947163
1847823bd7961b16,J,820258618,1754732010,492364663,298359667
1847823bd7961b16,J,497255367,2117980601,1152382954,199523204
1847823bd7961b16,J,2048828534,1502314846,1238944444,2052994243
1847823bd7961b16,J,1139801530,917105715,130177617,551712965
1847823bd7961b16,J,124193841,522685976,1081848914,2127984407
1847823bd7961b16,J,132346491,25547578,2143246988,1021092295
1847823bd7961b16,J,449541155,857965932,488289350,713249079
1847823bd7961b16,J,1339412685,744298458,1534789054,1751991900
1847823bd7961b16,J,694326705,1922433128,502062793,334046254
1847823bd7961b16,J,841475745,1017305322,719803134,1228482161
1847823bd7961b16,J,2007761539,1983751092,585623619,1413717406
1847823bd7961b16,J,480751525,1177175814,1258159638,1727999250
1847823bd7961b16,J,426169514,197337326,2058700598,605940805
1847823bd7961b16,K,123665827,1886229681,1532514091,511064894
1847823bd7961b16,K,886508434,249835803,1372109458,1482607114
1847823bd7961b16,K,1104640935,2080985961,646270591,717833458
1847823bd7961b16,K,775628178,1238204703,1495764419,1012058170
1847823bd7961b16,K,1154103623,2073506479,1197032681,1687326661
1847823bd7961b16,K,1881758315,408352438,2060051732,711524030
1847823bd7961b16,K,2019952746,927369533,12426250,2010738422
1847823bd7961b16,K,1949540154,168232256,1715900600,1108120236
1847823bd7961b16,K,357127600,79243053,176784228,1790080346
1847823bd7961b16,K,1873622437,526839780,120996216,1832110028
1847823bd7961b16,K,1200393910,1650413948,344274391,1792562958
1847823bd7961b16,K,1280260772,222697734,1349806571,360755514
1847823bd7961b16,K,288611024,2023503003,1962797315,532399648
1847823bd7961b16,K,103936287,2062193758,656873855,290085333
1847823bd7961b16,K,986074545,248017702,1986931751,1567784922
1847823bd7961b16,K,810868834,2028835085,1261754499,183142824
1847823bd7961b16,K,1194675585,78049628,238210657,290823895
1847823bd7961b16,K,227343513,361669322,989984148,1772083065
1847823bd7961b16,K,1621134174,1946186707,1856827469,1038667745
1847823bd7961b16,K,1292734733,240383238,1867709193,508809455
1847823bd7961b16,K,417435109,1948239392,731919618,1062359642
1847823bd7961b16,K,1426898587,1332534382,806352970,1902231860
1847823bd7961b16,K,1545432824,178396031,1200203238,1916191114
1847823bd7961b16,K,307768732,946802535,887999369,1208564817
1847823bd7961b16,K,16726258,1530303102,116336437,1086403314
1847823bd7961b16,K,448418599,293723885,305569924,2081228552
1847823bd7961b16,K,1625494063,971745351,1116933491,445867833
1847823bd7961b16,K,1853107559,1730908837,1952367706,677974947
1847823bd7961b16,K,1621091180,819235543,592799968,301425305
1847823bd7961b16,K,235170312,221210148,1939301126,1460123759
1847823bd7961b16,L,908432091,1534713277,366791503,1524096623
1847823bd7961b16,L,1903101629,931436190,1104558528,1144733676
1847823bd7961b16,L,1075090736,1408718162,684890712,1594756464
1847823bd7961b16,L,1775899114,180890992,1298950637,575472534
1847823bd7961b16,L,325612293,1919302836,189451758,1309024390
1847823bd7961b16,L,1839901913,1528208143,1987895885,966573533
1847823bd7961b16,L,1951529706,1570929061,1252200010,496740833
1847823bd7961b16,L,1750655743,824246638,2069910175,687151091
1847823bd7961b16,L,2135296319,1996016718,1432262445,1518069059
1847823bd7961b16,L,1734153053,621910937,1245728798,2020433600
1847823bd7961b16,L,283136833,1381407592,331810826,1880468869
1847823bd7961b16,L,208143384,156949664,840681592,2136942645
1847823bd7961b16,L,1836215000,1114397923,1251720894,1008562483
1847823bd7961b16,L,614761259,1243767772,2022466913,128756623
1847823bd7961b16,L,1554279044,472435100,659991725,1102467310
1847823bd7961b16,L,690024760,1951012776,1058067106,1797572691
1847823bd7961b16,L,559530161,88704248,49175518,1272710423
1847823bd7961b16,L,801949905,1946150361,1921029218,1398305938
1847823bd7961b16,L,1457266727,1376426842,1834667350,1601237500
1847823bd7961b16,L,826839856,1725753017,1539982023,561218973
1847823bd7961b16,L,1518566617,140264774,1518619115,1261660847
1847823bd7961b16,L,1103679649,1802807021,1748355037,689328311
1847823bd7961b16,L,1070158137,1663614246,1766307257,812752659
1847823bd7961b16,L,1190979695,1575920763,547915932,1223652770
1847823bd7961b16,L,313944090,2037228751,937540109,166329856
1847823bd7961b16,L,805246349,453288600,1335361138,1478845921
1847823bd7961b16,L,1064127263,665124567,36049703,567677219
1847823bd7961b16,L,817410212,1123080424,1636588339,516928511
1847823bd7961b16,L,2044620130,1229560274,1829626856,789469595
1847823bd7961b16,L,213538794,1530410113,1647245079,1711530930
4d78cdbcf0b4412f,A,236737940,2122588054,1639452244,1252223410
4d78cdbcf0b4412f,A,695065690,1469136666,1037681583,1503115975
4d78cdbcf0b4412f,A,1724260828,2100002665,317246524,1633025715
4d78cdbcf0b4412f,A,1334041843,1645460255,75699730,154323502
4d78cdbcf0b4412f,A,1820780379,447969118,2111462270,71049914
4d78cdbcf0b4412f,A,710158635,26155608,1803300296,1144509640
4d78cdbcf0b4412f,A,402661963,787489604,2063856473,499980855
4d78cdbcf0b4412f,A,2079593292,1879569566,582718074,1184564575
4d78cdbcf0b4412f,A,1481774876,2074651255,837037950,1270552429
4d78cdbcf0b4412f,A,2139739635,617059269,974009616,311072492
4d78cdbcf0b4412f,A,1182384244,589113688,697509246,948140658
4d78cdbcf0b4412f,A,1912908403,1727989955,2079557758,1319058957
4d78cdbcf0b4412f,A,1515203827,1341719662,2138113489,1634542831
4d78cdbcf0b4412f,A,625020478,2008075028,1639869953,59660777
4d78cdbcf0b4412f,A,1959385400,995350434,1877460444,665557890
4d78cdbcf0b4412f,A,829189491,544439605,247054420,2095151764
4d78cdbcf0b4412f,A,567998557,1632316001,113395745,1670427250
4d78cdbcf0b4412f,A,2095422213,1836092886,35950398,114154642
4d78cdbcf0b4412f,A,1147798621,690827783,35181114,410925715
4d78cdbcf0b4412f,A,2001904031,733952231,792506006,970148414
4d78cdbcf0b4412f,A,1961140363,208286465,1080372489,1140675825
4d78cdbcf0b4412f,A,880526510,1832745422,1473511152,2102231774
4d78cdbcf0b4412f,A,868680256,1660514543,589382527,818888148
4d78cdbcf0b4412f,A,1627489909,716175649,1964042791,2100356764
4d78cdbcf0b4412f,A,803109706,1951617422,771520591,1457257464
4d78cdbcf0b4412f,A,8340601,1886592092,1643552945,1226268311
4d78cdbcf0b4412f,A,40111606,366441213,12265379,1022628813
4d78cdbcf0b4412f,A,1628129066,558895868,242129898,1011552183
4d78cdbcf0b4412f,A,336714451,1484416213,33314111,211888985
4d78cdbcf0b4412f,A,1280440378,977836708,1983477574,1613919396
4d78cdbcf0b4412f,B,586605318,1593678431,101750484,1698421911
4d78cdbcf0b4412f,B,919835222,1771712584,1811869043,769293815
4d78cdbcf0b4412f,B,1879164590,597364913,1910089791,460442812
4d78cdbcf0b4412f,B,1199227774,1872449863,444824904,2061461917
4d78cdbcf0b4412f,B,1251910509,1947351710,33533872,115338128
4d78cdbcf0b4412f,B,234817796,607086976,2101904235,1165161781
4d78cdbcf0b4412f,B,1304223834,967542631,25390922,670575235
4d78cdbcf0b4412f,B,717343442,1408929432,1953932175,630404282
4d78cdbcf0b4412f,B,1369969363,132345638,78618242,49013292
4d78cdbcf0b4412f,B,1094513601,2138018956,1171832952,595454438
4d78cdbcf0b4412f,B,961634510,2097343923,2054732774,189783661
4d78cdbcf0b4412f,B,524963290,897401084,415816941,967946733
4d78cdbcf0b4412f,B,998120502,1187710232,1292593594,518895338
4d78cdbcf0b4412f,B,1626795268,1493739664,1619544792,458061918
4d78cdbcf0b4412f,B,1492284720,684483298,175773513,881345681
4d78cdbcf0b4412f,B,921694721,1438309463,1215141074,1259157439
4d78cdbcf0b4412f,B,2138647635,2123540029,1122982381,1024227326
4d78cdbcf0b4412f,B,1488644548,1511445605,1591132054,1336193079
4d78cdbcf0b4412f,B,318134806,1858381611,1070898293,1567984330
4d78cdbcf0b4412f,B,1330486102,1198876508,2120714751,1055254138
4d78cdbcf0b4412f,B,1368135762,406215939,2108576865,1363499161
4d78cdbcf0b4412f,B,1926739085,402649498,473094002,1706466402
4d78cdbcf0b4412f,B,2007220197,1204965871,266368406,1010631797
4d78cdbcf0b4412f,B,2017920599,941430501,94536576,186054004
4d78cdbcf0b4412f,B,1772282391,862213823,1450651061,2134775841
4d78cdbcf0b4412f,B,2065979873,2080259362,31113686,1187067321
4d78cdbcf0b4412f,B,1965533917,1770679736,1942382811,1184342456
4d78cdbcf0b4412f,B,817242395,251949864,215305739,272435468
4d78cdbcf0b4412f,B,1016527956,1268116061,861125301,1103462044
4d78cdbcf0b4412f,B,378639873,1396311733,2058144177,1783061902
4d78cdbcf0b4412f,C,624301804,694935694,1978553267,713343682
4d78cdbcf0b4412f,C,252677661,631250237,316952859,1395490604
4d78cdbcf0b4412f,C,142110678,1806200893,1380580545,1977551053
4d78cdbcf0b4412f,C,748137422,1226979631,221626642,1127746537
4d78cdbcf0b4412f,C,1870854780,505408522,933974947,2119444985
4d78cdbcf0b4412f,C,1871216598,1247921203,562285795,1900122233
4d78cdbcf0b4412f,C,398828897,1207803856,232833121,557999882
4d78cdbcf0b4412f,C,1139357579,1062851972,1567893754,264350166
4d78cdbcf0b4412f,C,777426847,705969891,705774802,1596008077
4d78cdbcf0b4412f,C,1009200766,727109173,104209504,996630613
4d78cdbcf0b4412f,C,2135931862,2081203840,307278034,1401683215
4d78cdbcf0b4412f,C,1177432103,1737865826,1530620362,1333163946
4d78cdbcf0b4412f,C,375959721,2080927912,730971118,1603069220
4d78cdbcf0b4412f,C,648549738,2098568422,880455272,594440311
4d78cdbcf0b4412f,C,1921004876,1532093511,1992556453,1579240639
4d78cdbcf0b4412f,C,1077841064,2064695105,1653058318,1919818031
4d78cdbcf0b4412f,C,295702625,1937752908,781552209,1389867698
4d78cdbcf0b4412f,C,1766142273,1844816929,1782755757,1493675353
4d78cdbcf0b4412f,C,1788192563,1666181544,1327799188,630664710
4d78cdbcf0b4412f,C,114746318,777884904,599193091,400492317
4d78cdbcf0b4412f,C,430754039,1359080738,151605839,1276054141
4d78cdbcf0b4412f,C,1116386985,1493133683,342948440,1812724509
4d78cdbcf0b4412f,C,1806177719,1961482316,1506963743,591651654
4d78cdbcf0b4412f,C,1197916348,166553372,773366080,156624297
4d78cdbcf0b4412f,C,949255518,1717907157,320188328,446589851
4d78cdbcf0b4412f,C,508244275,474260532,222617122,1985839381
4d78cdbcf0b4412f,C,536115034,524419999,1720393010,846351777
4d78cdbcf0b4412f,C,919641659,1261050966,237930013,1194059684
4d78cdbcf0b4412f,C,1350158070,1350227260,1997376502,1210649880
4d78cdbcf0b4412f,C,817279410,3792363,1012739569,1911397954
4d78cdbcf0b4412f,D,372956538,227786395,1919692545,836430505
4d78cdbcf0b4412f,D,524654402,690839466,245755483,23470129
4d78cdbcf0b4412f,D,540788964,764071562,131425657,1002336191
4d78cdbcf0b4412f,D,257828542,1223992995,757546037,1814011782
4d78cdbcf0b4412f,D,532091953,355876589,1839526850,11599323
4d78cdbcf0b4412f,D,1453410145,23259933,59217139,1675496179
4d78cdbcf0b4412f,D,1017576550,590441558,1450432536,866952565
4d78cdbcf0b4412f,D,518332263,1353792976,64039289,1897407041
4d78cdbcf0b4412f,D,93962654,770822531,1204945673,263662878
4d78cdbcf0b4412f,D,935280429,2081310202,1545010468,462394578
4d78cdbcf0b4412f,D,350000472,970750267,1643702493,1466809536
4d78cdbcf0b4412f,D,339995268,392177481,2064607993,1993242183
4d78cdbcf0b4412f,D,1815598279,1473733109,325384529,240412921
4d78cdbcf0b4412f,D,1552114121,1750746636,453023303,1400210555
4d78cdbcf0b4412f,D,712563801,585552619,1812181854,1962570900
4d78cdbcf0b4412f,D,1584937929,940214225,417211371,1725120096
4d78cdbcf0b4412f,D,743778768,1711769180,212153074,1237076735
4d78cdbcf0b4412f,D,1370169650,1602472778,1226255396,1001436440
4d78cdbcf0b4412f,D,1922334284,1691699745,2117920623,2125074738
4d78cdbcf0b4412f,D,874182014,964263248,1706166863,2105330715
4d78cdbcf0b4412f,D,1347444925,1206066891,1508691932,851928289
4d78cdbcf0b4412f,D,1363576159,1648624425,1647630795,1635592851
4d78cdbcf0b4412f,D,963795192,1131208982,1571214275,1709670457
4d78cdbcf0b4412f,D,1193829034,1146221056,362057994,968878899
4d78cdbcf0b4412f,D,668446160,1658001296,454256330,971986187
4d78cdbcf0b4412f,D,1065124618,954881173,1113299903,1784600034
4d78cdbcf0b4412f,D,1608526493,1752068560,1297620782,1337819736
4d78cdbcf0b4412f,D,860458680,471013188,738738049,611400923
4d78cdbcf0b4412f,D,1060683564,158574835,596503786,368740903
4d78cdbcf0b4412f,D,388475107,1269206093,1090171498,998005958
4d78cdbcf0b4412f,E,2146748953,120000206,650824229,1930023305
4d78cdbcf0b4412f,E,1438121010,118560806,1468882673,1571545912
4d78cdbcf0b4412f,E,1273549697,188068572,1471381375,1516840463
4d78cdbcf0b4412f,E,1001796723,371036122,621091737,397451195
4d78cdbcf0b4412f,E,854310789,1879456281,221479139,95077615
4d78cdbcf0b4412f,E,1010589222,1730284787,1653645725,449432180
4d78cdbcf0b4412f,E,230631893,1858698579,2105688512,1146393019
4d78cdbcf0b4412f,E,563352622,1843066044,2001450585,1370763108
4d78cdbcf0b4412f,E,1233732321,725381944,1966476272,458324170
4d78cdbcf0b4412f,E,315357662,338210380,1957873871,1040899140
4d78cdbcf0b4412f,E,1261540032,1020194590,1426278410,2060173311
4d78cdbcf0b4412f,E,453977923,210925554,1872967890,953516733
4d78cdbcf0b4412f,E,1554910345,1958353422,2088491619,1004992720
4d78cdbcf0b4412f,E,75053687,874964806,102182073,918095321
4d78cdbcf0b4412f,E,1834309827,869651474,1394944890,941916349
4d78cdbcf0b4412f,E,2083436716,1903271678,1820950987,1422692786
4d78cdbcf0b4412f,E,1769272110,145776022,558419941,131063184
4d78cdbcf0b4412f,E,1527355501,1254440156,1962769435,1654908269
4d78cdbcf0b4412f,E,1477121626,1686631404,1199119116,416524225
4d78cdbcf0b4412f,E,985586856,1791896202,1879946020,1501851485
4d78cdbcf0b4412f,E,1846040681,1055853979,776581109,69078687
4d78cdbcf0b4412f,E,1535369442,1595473013,760261510,844436422
4d78cdbcf0b4412f,E,1827720431,357294346,719006244,350016775
4d78cdbcf0b4412f,E,1052062646,328156897,1447634542,1168932151
4d78cdbcf0b4412f,E,1453029803,227576189,441651075,833784578
4d78cdbcf0b4412f,E,470478057,1399654529,1870163240,984868041
4d78cdbcf0b4412f,E,1286771771,1407953504,1174886454,468151982
4d78cdbcf0b4412f,E,1873913941,433077142,1274894103,163451146
4d78cdbcf0b4412f,E,456012308,2079860546,468366605,1126613662
4d78cdbcf0b4412f,E,516922633,1000467111,1241366991,1187769707
4d78cdbcf0b4412f,F,1366273248,1224719152,548552796,402719385
4d78cdbcf0b4412f,F,292987132,275433925,1277690160,1641557556
4d78cdbcf0b4412f,F,2029074151,144383895,799985467,1615358997
4d78cdbcf0b4412f,F,807124819,1735034606,927827407,1474301825
4d78cdbcf0b4412f,F,985006045,242657008,385575607,1372126654
4d78cdbcf0b4412f,F,1922260640,109834156,615162761,415350453
4d78cdbcf0b4412f,F,1435176455,1344801428,1525551488,1511689942
4d78cdbcf0b4412f,F,127132768,164479512,1906224809,278076127
4d78cdbcf0b4412f,F,1290160135,798305069,1888689109,68646938
4d78cdbcf0b4412f,F,2140154701,1790266547,867902216,693738429
4d78cdbcf0b4412f,F,1830207439,897250803,1674957983,1987620503
4d78cdbcf0b4412f,F,514226053,964722256,730122723,44793920
4d78cdbcf0b4412f,F,298739431,1456587685,1856577074,2032505611
4d78cdbcf0b4412f,F,1431741885,1783353473,1946637708,198085442
4d78cdbcf0b4412f,F,1880658547,3891901,359136101,689981681
4d78cdbcf0b4412f,F,2071233050,1333168087,536425863,93921691
4d78cdbcf0b4412f,F,342422074,255552640,1188050657,939629982
4d78cdbcf0b4412f,F,156625564,191131191,1676153050,669254609
4d78cdbcf0b4412f,F,2047489299,1726202808,2085653018,416463917
4d78cdbcf0b4412f,F,948139284,180939985,324929990,1268565166
4d78cdbcf0b4412f,F,1238512295,702478207,183644798,418684592
4d78cdbcf0b4412f,F,1574241504,1148427317,1416965699,1429012295
4d78cdbcf0b4412f,F,1091984326,1531839546,133108321,1039070430
4d78cdbcf0b4412f,F,1278097451,2053753908,1078896199,1673764830
4d78cdbcf0b4412f,F,1756690334,161598871,1749637932,188250482
4d78cdbcf0b4412f,F,31609461,1561480325,308460652,77630126
4d78cdbcf0b4412f,F,1332043158,1828114659,1848740194,852038147
4d78cdbcf0b4412f,F,1333124395,1594560631,1949957486,2043359938
4d78cdbcf0b4412f,F,1778851748,1811975634,599001607,1483961499
4d78cdbcf0b4412f,F,1730314350,1970373547,1120467301,1007395764
4d78cdbcf0b4412f,G,305220679,997640796,147101321,1003505852
4d78cdbcf0b4412f,G,723096287,1379005435,583135950,211586870
4d78cdbcf0b4412f,G,1810361699,2063586870,1288368678,103881502
4d78cdbcf0b4412f,G,2004796669,1294649013,1403781961,251653026
4d78cdbcf0b4412f,G,701596127,1844124610,141145371,1474032784
4d78cdbcf0b4412f,G,1818880857,1168820628,927168435,1934466587
4d78cdbcf0b4412f,G,576002742,545951383,70039027,253059070
4d78cdbcf0b4412f,G,622867191,1928930811,167907700,416500151
4d78cdbcf0b4412f,G,928866067,1085058075,1175731153,901572438
4d78cdbcf0b4412f,G,478163373,1591113436,1731354704,1959678095
4d78cdbcf0b4412f,G,1099579426,648901641,545887358,25723776
4d78cdbcf0b4412f,G,666235807,1459255261,2095480187,1058719026
4d78cdbcf0b4412f,G,136570797,1281318137,1371939872,575918305
4d78cdbcf0b4412f,G,1999431721,1131974940,31198007,1208810983
4d78cdbcf0b4412f,G,1910745927,1889621174,2118054956,1740493418
4d78cdbcf0b4412f,G,104468310,483088240,401294558,397889003
4d78cdbcf0b4412f,G,1376564956,2079882711,672835393,214963924
4d78cdbcf0b4412f,G,1731520719,215087517,1056640967,1330134972
4d78cdbcf0b4412f,G,899468358,1976686634,123801536,1499951294
4d78cdbcf0b4412f,G,1300008848,967421708,365492844,1315744489
4d78cdbcf0b4412f,G,1126727497,1275332519,321247446,357508316
4d78cdbcf0b4412f,G,7631297,35433501,120383991,18086750
4d78cdbcf0b4412f,G,863303228,696786835,729490367,1698861926
4d78cdbcf0b4412f,G,1523384220,2082465769,897122517,153939569
4d78cdbcf0b4412f,G,1854788220,157300238,1292541896,2100624609
4d78cdbcf0b4412f,G,1087103470,1267695986,511806686,2129573090
4d78cdbcf0b4412f,G,1071084490,450350930,2113741303,227616300
4d78cdbcf0b4412f,G,1970664309,1088748303,1957349020,2107852781
4d78cdbcf0b4412f,G,86184570,269987234,708407890,1433502225
4d78cdbcf0b4412f,G,1208191782,140550392,2053360881,643809166
4d78cdbcf0b4412f,H,2020103024,855944419,106125725,497447035
4d78cdbcf0b4412f,H,1090780785,1065656626,970880259,480188186
4d78cdbcf0b4412f,H,98369880,1011746544,1104836847,1053679735
4d78cdbcf0b4412f,H,1765589716,501899983,394860686,43229145
4d78cdbcf0b4412f,H,236987396,1568494358,1978871690,2103373324
4d78cdbcf0b4412f,H,1724489853,1228151839,108021337,1906508111
4d78cdbcf0b4412f,H,126045375,1096774893,2128076045,807670904
4d78cdbcf0b4412f,H,1056795903,2096771162,1956370217,1833520827
4d78cdbcf0b4412f,H,358331527,202367571,1729556849,933732160
4d78cdbcf0b4412f,H,1750432778,1975904390,1319059784,1921295397
4d78cdbcf0b4412f,H,316633634,1312136264,333463937,1274308875
4d78cdbcf0b4412f,H,97144014,751746741,1646138305,1090518391
4d78cdbcf0b4412f,H,1796551727,1809509382,45312428,591849807
4d78cdbcf0b4412f,H,844162635,989184899,1353357377,1117179971
4d78cdbcf0b4412f,H,681906873,321947675,1730265717,682785215
4d78cdbcf0b4412f,H,132674798,1317303494,1072374719,1262885717
4d78cdbcf0b4412f,H,1722469293,1658212301,1238520597,1304415172
4d78cdbcf0b4412f,H,356141964,1801481027,1243331145,1946691099
4d78cdbcf0b4412f,H,1039516263,369988636,686179202,161259200
4d78cdbcf0b4412f,H,807676766,311784673,656044827,1841744960
4d78cdbcf0b4412f,H,1330117628,1246529436,52013325,423134916
4d78cdbcf0b4412f,H,2133116611,735183590,343406826,2105359245
4d78cdbcf0b4412f,H,1441389748,1761082844,867182057,703475059
4d78cdbcf0b4412f,H,713717229,566919867,1880859904,1017472429
4d78cdbcf0b4412f,H,1490082581,920938419,1333055458,95451695
4d78cdbcf0b4412f,H,177700720,1360230588,1540375941,1445679678
4d78cdbcf0b4412f,H,955468783,1518769383,1618422150,38768162
4d78cdbcf0b4412f,H,537041933,259195136,737518557,552686907
4d78cdbcf0b4412f,H,1357792270,1252405873,1459172348,695830896
4d78cdbcf0b4412f,H,444002936,16511538,1897132974,1998427688
4d78cdbcf0b4412f,I,50892839,1917546958,920229620,1470308630
4d78cdbcf0b4412f,I,83778153,449144226,672173039,1382413336
4d78cdbcf0b4412f,I,1534735946,2062012270,560359843,742187568
4d78cdbcf0b4412f,I,1683012301,710462277,922666151,739704412
4d78cdbcf0b4412f,I,1849419241,978620304,1330114213,780785736
4d78cdbcf0b4412f,I,433770496,1903043899,1592774713,694250034
4d78cdbcf0b4412f,I,985989018,440901064,954216755,500115782
4d78cdbcf0b4412f,I,1395825781,1948651503,43515170,1097588544
4d78cdbcf0b4412f,I,403830571,1778038623,2056302656,271270
4d78cdbcf0b4412f,I,584864219,1130553764,1456089702,701270423
4d78cdbcf0b4412f,I,1630688322,646306041,833764085,866807131
4d78cdbcf0b4412f,I,2031354439,451123078,519805,1427006776
4d78cdbcf0b4412f,I,1373725111,2012455174,404837359,1234516417
4d78cdbcf0b4412f,I,754805253,471361107,1570478001,852417120
4d78cdbcf0b4412f,I,1246479245,1968849938,350301775,30711231
4d78cdbcf0b4412f,I,1899151538,1180973329,2131742701,1971389654
4d78cdbcf0b4412f,I,203385308,334609591,24786031,2113363426
4d78cdbcf0b4412f,I,861372254,1778897862,198074975,2060203631
4d78cdbcf0b4412f,I,817894541,980934649,816176126,1016731018
4d78cdbcf0b4412f,I,2006628446,816391142,1964108453,477365626
4d78cdbcf0b4412f,I,45413268,1412740873,702167201,764059109
4d78cdbcf0b4412f,I,778546590,567652881,922400924,1813702846
4d78cdbcf0b4412f,I,1544925842,859063455,1725968453,603273095
4d78cdbcf0b4412f,I,1779352461,489252758,1190573248,1477585081
4d78cdbcf0b4412f,I,426295061,2003226736,514686523,11009430
4d78cdbcf0b4412f,I,1241575238,1568622800,2082998880,1566869255
4d78cdbcf0b4412f,I,1185521690,1434928733,1281669689,1270459617
4d78cdbcf0b4412f,I,905142524,1726589768,1423481394,1023081592
4d78cdbcf0b4412f,I,1982772504,937766762,1244010099,867397967
4d78cdbcf0b4412f,I,1004464425,299873462,1804431953,597400386
4d78cdbcf0b4412f,J,878622733,1268357476,412574320,72394967
4d78cdbcf0b4412f,J,837152916,49959431,277248955,1068284251
4d78cdbcf0b4412f,J,1527061779,1104497500,470679228,1071482080
4d78cdbcf0b4412f,J,1143296168,2032003176,53241410,1764069888
4d78cdbcf0b4412f,J,1376191696,911938880,1735350623,1117118410
4d78cdbcf0b4412f,J,1883827541,1348186964,185625209,916580360
4d78cdbcf0b4412f,J,1589198930,251736257,1891869894,82005904
4d78cdbcf0b4412f,J,368850162,724966759,2051787410,1581374320
4d78cdbcf0b4412f,J,1457748704,174443640,2081010417,1239921745
4d78cdbcf0b4412f,J,750999775,466123285,670343379,1725133116
4d78cdbcf0b4412f,J,787682327,636127953,1124861536,900475766
4d78cdbcf0b4412f,J,202398322,407378327,373481649,273756590
4d78cdbcf0b4412f,J,31047259,819795974,183743593,366488994
4d78cdbcf0b4412f,J,1350927641,98699874,1086742542,1410522068
4d78cdbcf0b4412f,J,364835192,1141606135,1805472046,756845779
4d78cdbcf0b4412f,J,494293344,1581461839,1930952664,1413047837
4d78cdbcf0b4412f,J,1104175322,1751598738,1774955929,1646125517
4d78cdbcf0b4412f,J,1499777776,1490860380,1926102808,940647237
4d78cdbcf0b4412f,J,1024673130,856754593,1199475053,566283408
4d78cdbcf0b4412f,J,710718898,1261246533,107848748,104676526
4d78cdbcf0b4412f,J,1196989050,1059697059,1904895263,1854812685
4d78cdbcf0b4412f,J,321682975,2121142606,487321844,1563654762
4d78cdbcf0b4412f,J,1602940295,1762615859,841316613,500799559
4d78cdbcf0b4412f,J,1725384928,1887704871,1454651832,160704973
4d78cdbcf0b4412f,J,1984122680,358919574,380539766,890241266
4d78cdbcf0b4412f,J,1599943222,945202466,492149645,759693419
4d78cdbcf0b4412f,J,1276794242,1501344304,384305739,1356448714
4d78cdbcf0b4412f,J,20198871,573794080,1790516775,169775231
4d78cdbcf0b4412f,J,1744608495,1127308794,1732262700,637301034
4d78cdbcf0b4412f,J,417917867,1773554297,784039856,1431156193
4d78cdbcf0b4412f,K,503449579,577639182,1233886629,1509408967
4d78cdbcf0b4412f,K,1222076363,123981254,1131477920,266426770
4d78cdbcf0b4412f,K,7481086,234915399,1188411555,662032744
4d78cdbcf0b4412f,K,2017123773,1384840381,901787398,272220046
4d78cdbcf0b4412f,K,1463389450,1708463020,693573508,1385103206
4d78cdbcf0b4412f,K,1638639275,459166185,155000721,355938365
4d78cdbcf0b4412f,K,109568300,330781080,1364995902,2065894462
4d78cdbcf0b4412f,K,889765542,128461609,1814334440,1457377833
4d78cdbcf0b4412f,K,1824750664,2047173557,113110109,1919013566
4d78cdbcf0b4412f,K,147714397,661599454,1626330389,1482663432
4d78cdbcf0b4412f,K,392659769,853459161,1815669625,2140607769
4d78cdbcf0b4412f,K,1399197313,1650514399,1274687781,1796398807
4d78cdbcf0b4412f,K,1900850533,1734824988,253995764,915613706
4d78cdbcf0b4412f,K,1037763600,1408609869,1209222948,1181943002
4d78cdbcf0b4412f,K,894200734,1736408252,1952064933,1898480235
4d78cdbcf0b4412f,K,1148241106,1785399635,222102424,1217353103
4d78cdbcf0b4412f,K,293745604,631886245,231285769,466030818
4d78cdbcf0b4412f,K,1130415029,655489356,1963207229,739377194
4d78cdbcf0b4412f,K,845965296,1142322915,1520350822,1024828272
4d78cdbcf0b4412f,K,1041458974,1731837359,381897742,1131204598
4d78cdbcf0b4412f,K,253647337,2079972881,951717380,2044969588
4d78cdbcf0b4412f,K,1867077016,1211884520,1295009010,731590619
4d78cdbcf0b4412f,K,1607491423,2145619870,349409572,1365787537
4d78cdbcf0b4412f,K,2115150658,1510811340,69932141,1573075729
4d78cdbcf0b4412f,K,306586515,1209653892,1041958928,728294162
4d78cdbcf0b4412f,K,1919034442,1354658305,479980587,1991536997
4d78cdbcf0b4412f,K,1243842768,859181009,1083363399,240389513
4d78cdbcf0b4412f,K,174374008,1471234534,740041668,442314314
4d78cdbcf0b4412f,K,1026690621,1198473072,244595198,45016243
4d78cdbcf0b4412f,K,588871157,2137552088,1584637586,1309624881
4d78cdbcf0b4412f,L,591161694,765867457,1271867597,615835519
4d78cdbcf0b4412f,L,927485327,2131630616,1271246554,772308737
4d78cdbcf0b4412f,L,481785243,1408745078,16241269,1010268997
4d78cdbcf0b4412f,L,1147096253,1997183668,898637038,1672271601
4d78cdbcf0b4412f,L,1610512822,1414746455,128044066,1908388148
4d78cdbcf0b4412f,L,1332104516,671121829,1391782960,1879325104
4d78cdbcf0b4412f,L,979427089,1303805387,41368004,10931382
4d78cdbcf0b4412f,L,1932341754,922835148,1573450453,504879239
4d78cdbcf0b4412f,L,71191624,1136845745,1936923064,20726723
4d78cdbcf0b4412f,L,1939762754,401506087,869472568,841623142
4d78cdbcf0b4412f,L,927155581,287151605,915342409,25024748
4d78cdbcf0b4412f,L,1512483135,887231497,1531480754,170974895
4d78cdbcf0b4412f,L,738723991,694950911,651429497,515641278
4d78cdbcf0b4412f,L,1572977475,1215462533,628549378,426175598
4d78cdbcf0b4412f,L,1752564699,751859475,1956578300,203137774
4d78cdbcf0b4412f,L,1639100429,41272985,1043358382,37449946
4d78cdbcf0b4412f,L,911456396,1951994893,1360051590,1180651291
4d78cdbcf0b4412f,L,261743303,480072186,2120329506,1121925576
4d78cdbcf0b4412f,L,343837132,846688291,467000340,537302489
4d78cdbcf0b4412f,L,84144347,966336972,582234336,1736628565
4d78cdbcf0b4412f,L,1839091174,1089058838,787551236,228179500
4d78cdbcf0b4412f,L,526245531,1494639694,1326807792,1150732016
4d78cdbcf0b4412f,L,1130254418,1527699340,30781253,821901882
4d78cdbcf0b4412f,L,100648430,855691475,77041398,759036505
4d78cdbcf0b4412f,L,861846516,305257079,896376360,432567606
4d78cdbcf0b4412f,L,493360283,1316172979,661440922,1801360909
4d78cdbcf0b4412f,L,45408883,1610586300,1824636395,1932002758
4d78cdbcf0b4412f,L,2087706266,436898707,1680567525,1596771544
4d78cdbcf0b4412f,L,2009533944,764086885,730394148,1852204615
4d78cdbcf0b4412f,L,1243060379,1404676761,2017850238,1951956165
bbbfeecf770101da,A,1199252825,775303068,238721688,827417880
bbbfeecf770101da,A,1993582181,655084968,246180277,1363041353
bbbfeecf770101da,A,387615021,263705136,280882226,1280877167
bbbfeecf770101da,A,421583082,1737136766,945483813,726419416
bbbfeecf770101da,A,627124186,1642972980,691812437,1249049154
bbbfeecf770101da,A,1512036592,442597132,484517610,1525635363
bbbfeecf770101da,A,1519670251,1005431781,999555779,1444206901
bbbfeecf770101da,A,170116572,1526101699,1810206123,1084865823
bbbfeecf770101da,A,353559200,1546877435,1175779657,169172792
bbbfeecf770101da,A,184591062,1603532418,2127499477,2123734371
bbbfeecf770101da,A,187505742,1582729916,358994955,1270341733
bbbfeecf770101da,A,1474438558,2032996310,32487072,1808954202
bbbfeecf770101da,A,237022842,1803213214,1740538980,1241389525
bbbfeecf770101da,A,2024791972,737863294,412086129,1426317214
bbbfeecf770101da,A,529085266,1676129536,1674346637,462849947
bbbfeecf770101da,A,1308738599,1329057907,905761663,2005717165
bbbfeecf770101da,A,2024944970,1485748790,1925899666,304243502
bbbfeecf770101da,A,1585121238,1494736640,1520338056,1897462469
bbbfeecf770101da,A,1957099156,1418909238,1625772806,892737662
bbbfeecf770101da,A,408633537,1397529041,1389982111,264853404
bbbfeecf770101da,A,435460550,945552964,58675882,1180564347
bbbfeecf770101da,A,1984679053,626677456,1335057073,972012573
bbbfeecf770101da,A,56452602,660964037,2145483018,457151262
bbbfeecf770101da,A,215934254,552467178,2141024142,788239990
bbbfeecf770101da,A,594740412,1757323565,1180728636,1097127053
bbbfeecf770101da,A,1450634036,1006353149,2121750401,739727717
bbbfeecf770101da,A,235492130,1130595296,235014659,1857762578
bbbfeecf770101da,A,2005076982,1617989032,386255553,1177723804
bbbfeecf770101da,A,1400695460,382134344,915849235,628945045
bbbfeecf770101da,A,461701578,1029679864,1830694830,843735084
bbbfeecf770101da,B,346675444,349409799,1135906471,346558151
bbbfeecf770101da,B,1492623732,1749477080,676238829,1429602762
bbbfeecf770101da,B,916901403,2080074618,38973382,1351521494
bbbfeecf770101da,B,104412103,1872299513,1755488396,1954765723
bbbfeecf770101da,B,902045250,399658817,1426865114,1688107962
bbbfeecf770101da,B,76924041,1116455669,1430872315,1346030880
bbbfeecf770101da,B,1299779956,487312494,354774768,562297641
bbbfeecf770101da,B,335629815,1175719133,294521141,990963563
bbbfeecf770101da,B,1304781762,677349614,192585270,742570498
bbbfeecf770101da,B,355349985,1283474490,487944016,1212474618
bbbfeecf770101da,B,1177273363,511816358,33934017,1612542261
bbbfeecf770101da,B,1909145270,147997254,1409095130,675247427
bbbfeecf770101da,B,1369824304,680066831,2040886153,818405210
bbbfeecf770101da,B,733911390,1816161638,1952102763,306945929
bbbfeecf770101da,B,1224320599,1043984566,1453130835,52474668
bbbfeecf770101da,B,1613240565,1120473623,1260505562,11290852
bbbfeecf770101da,B,835648449,1144171301,1813957273,887556692
bbbfeecf770101da,B,317117126,153796564,427664919,623875416
bbbfeecf770101da,B,4690780,157032644,1874960399,481609279
bbbfeecf770101da,B,484242187,1694431790,1473728342,1311814955
bbbfeecf770101da,B,997589560,1500963777,1332096793,2029286852
bbbfeecf770101da,B,420665783,1883061343,1236269681,552346789
bbbfeecf770101da,B,1473173673,622207836,1960483782,1827304210
bbbfeecf770101da,B,1053103451,459624094,5888947,1000462553
bbbfeecf770101da,B,580071863,2063793875,1325303179,1102844507
bbbfeecf770101da,B,661168387,624544271,1301764011,354210814
bbbfeecf770101da,B,289620676,1897917696,1927774504,2066012445
bbbfeecf770101da,B,1411678213,1626835521,1848506925,1666042905
bbbfeecf770101da,B,120202837,1364761025,655425967,1390809116
bbbfeecf770101da,B,1686949841,310127706,1045332389,1570429337
bbbfeecf770101da,C,1737506295,2040869379,1226319464,1128255115
bbbfeecf770101da,C,1385408689,1622327331,2075933955,2085866588
bbbfeecf770101da,C,780030506,1602963164,1988742710,1474636585
bbbfeecf770101da,C,1009480068,1961015207,1600575533,873446395
bbbfeecf770101da,C,1895613161,714638252,1923143324,1669817028
bbbfeecf770101da,C,381309620,471398566,1807549575,171707928
bbbfeecf770101da,C,30538003,166069771,2001935830,398969954
bbbfeecf770101da,C,2101254085,439697602,621411630,1290611846
bbbfeecf770101da,C,274218364,271714880,594401290,904071373
bbbfeecf770101da,C,1985876848,1314481447,313891234,1658204572
bbbfeecf770101da,C,2003787233,1712691663,1804544649,414830089
bbbfeecf770101da,C,638442878,1212784011,51387049,1298269028
bbbfeecf770101da,C,1580286118,1547280203,218064319,414056825
bbbfeecf770101da,C,983974684,846555625,1535063652,5545399
bbbfeecf770101da,C,644112116,1865833482,169017330,1639228112
bbbfeecf770101da,C,1622886468,706327062,741757355,1790570266
bbbfeecf770101da,C,1872656802,1076746067,343544990,8173034
bbbfeecf770101da,C,629128114,160489111,397736699,1182214654
bbbfeecf770101da,C,2121778311,768756531,651051910,1537954661
bbbfeecf770101da,C,2136857115,579691963,915148951,998277020
bbbfeecf770101da,C,2096797577,32522700,474068479,1695302610
bbbfeecf770101da,C,944103290,2068872842,1926614970,1371855054
bbbfeecf770101da,C,369796676,1838573736,932444106,1954429603
bbbfeecf770101da,C,11064204,1952994249,918564456,961268859
bbbfeecf770101da,C,1324447530,1205873332,555861313,1648063551
bbbfeecf770101da,C,34999211,369080786,564997574,1910810436
bbbfeecf770101da,C,471950147,736286465,1094769291,792092718
bbbfeecf770101da,C,1077975312,821846334,1413020394,1562335229
bbbfeecf770101da,C,624822956,1363742073,1411056993,415808341
bbbfeecf770101da,C,1059902384,2077419189,454606884,361886766
bbbfeecf770101da,D,567172995,1902129145,1518815019,221755378
bbbfeecf770101da,D,1329691121,701195479,2066861118,331831282
bbbfeecf770101da,D,1395749741,660440971,465996581,523114322
bbbfeecf770101da,D,1693276092,1725993196,304645693,731959559
bbbfeecf770101da,D,1708162709,34331356,415911442,415920177
bbbfeecf770101da,D,1717597748,1392910613,936229128,1692200787
bbbfeecf770101da,D,1051129699,83974814,840552666,310994379
bbbfeecf770101da,D,1450727584,1252300763,531887401,903083689
bbbfeecf770101da,D,31796414,1614062132,1519604821,1198901762
bbbfeecf770101da,D,1718878130,1888937143,1842252037,1357284596
bbbfeecf770101da,D,1953745362,1606794702,1714995408,789221743
bbbfeecf770101da,D,1360930870,134678100,1935991188,491023710
bbbfeecf770101da,D,1983882115,1354741457,1097360401,1088645325
bbbfeecf770101da,D,2038635906,971687501,1276972154,2113278210
bbbfeecf770101da,D,1696789347,1133407410,2015092483,86921131
bbbfeecf770101da,D,1026053016,1485253720,345262125,265967638
bbbfeecf770101da,D,1089749182,1329425775,52336849,2090773187
bbbfeecf770101da,D,1289824348,2082402374,117687234,1782099134
bbbfeecf770101da,D,125002954,1949420799,465104646,735635608
bbbfeecf770101da,D,1894469121,699230555,222987224,2095245270
bbbfeecf770101da,D,567833104,456366825,1619778867,1252920278
bbbfeecf770101da,D,604336146,233241039,1670196224,413661514
bbbfeecf770101da,D,1501249261,1063450591,468269797,1481055690
bbbfeecf770101da,D,546430341,1790277679,2031636044,1777387021
bbbfeecf770101da,D,2098923685,1113438346,1416480432,1149544062
bbbfeecf770101da,D,864506083,1187670511,1760568751,1017182289
bbbfeecf770101da,D,1017037355,1245466121,675978497,191495654
bbbfeecf770101da,D,210514709,727506654,1274918319,2026161571
bbbfeecf770101da,D,2051376859,1236752142,730751468,1914272054
bbbfeecf770101da,D,968484061,1400092261,936775932,1193614009
bbbfeecf770101da,E,455678353,1939371909,224056950,1220670285
bbbfeecf770101da,E,518017606,708171861,1901413244,615286499
bbbfeecf770101da,E,1501924272,1996691044,1355792574,1064076770
bbbfeecf770101da,E,232530298,633961715,1554728978,1692904006
bbbfeecf770101da,E,1051205383,655742757,660249359,310687392
bbbfeecf770101da,E,1960038231,494924261,192986001,174118650
bbbfeecf770101da,E,2117899456,1747200001,1490574928,902859483
bbbfeecf770101da,E,460992217,433883501,716907678,1389154367
bbbfeecf770101da,E,1422441960,560423362,1374884868,53009569
bbbfeecf770101da,E,622467857,1021345324,1773391534,2125159336
bbbfeecf770101da,E,751664517,2133765985,1796133582,2083701811
bbbfeecf770101da,E,540387486,2058889070,2122980006,13446047
bbbfeecf770101da,E,319056763,2068997230,997661511,1449702326
bbbfeecf770101da,E,1542077825,706866846,928403199,1873092208
bbbfeecf770101da,E,28376650,74967414,2034948387,2006449660
bbbfeecf770101da,E,1173620212,1862186275,1978013050,1914673736
bbbfeecf770101da,E,554109397,654899486,1522928733,712633820
bbbfeecf770101da,E,1683451446,931732389,1326289667,1596001209
bbbfeecf770101da,E,1250640002,1527388387,1002157656,1693050983
bbbfeecf770101da,E,96275096,2005892878,1617354702,2100275412
bbbfeecf770101da,E,97256701,751552955,1603433425,1370994608
bbbfeecf770101da,E,1731927522,1349335861,1940205826,178216947
bbbfeecf770101da,E,1977201263,1490152834,1474331437,685000014
bbbfeecf770101da,E,1209714888,321462450,798255962,243870612
bbbfeecf770101da,E,1547240719,1678806135,1772494232,565942072
bbbfeecf770101da,E,1149382386,1619001148,1912436949,32277981
bbbfeecf770101da,E,1665092710,952614946,408443122,948503836
bbbfeecf770101da,E,990369448,2070765650,203138885,14852437
bbbfeecf770101da,E,1339899201,1094368780,1374646080,96131019
bbbfeecf770101da,E,449867365,617028384,1679211070,46444473
bbbfeecf770101da,F,1841703548,694420740,1638366672,144149650
bbbfeecf770101da,F,1818034572,118200962,1660370251,1797004476
bbbfeecf770101da,F,255054298,655437825,295478798,779103028
bbbfeecf770101da,F,436493559,230188191,1696027823,1236485123
bbbfeecf770101da,F,1733979362,826867338,600666209,1090211843
bbbfeecf770101da,F,658663078,1058580099,844934281,1503447457
bbbfeecf770101da,F,193917772,1028194262,844830691,2007237128
bbbfeecf770101da,F,1351793186,352122055,224588531,1840205305
bbbfeecf770101da,F,1009221766,952207340,1861613367,1224852940
bbbfeecf770101da,F,2008583687,1592762424,1169712417,141824801
bbbfeecf770101da,F,1338432039,234074937,223743639,904821724
bbbfeecf770101da,F,1561628676,1079832119,1994068126,1705214584
bbbfeecf770101da,F,1982398987,763414880,1638180710,1789612451
bbbfeecf770101da,F,181341551,1368417792,1379031819,992958106
bbbfeecf770101da,F,1692094579,332231524,143114346,313520858
bbbfeecf770101da,F,824907830,1270480577,892643447,2071335708
bbbfeecf770101da,F,851789904,1535277615,1665243394,1363785317
bbbfeecf770101da,F,876470101,442574819,356195089,1354220364
bbbfeecf770101da,F,2096900201,902852720,740364471,655692334
bbbfeecf770101da,F,747758362,1503711519,645310603,1356236403
bbbfeecf770101da,F,227460372,1708634456,754121605,650077684
bbbfeecf770101da,F,721428670,1896522587,670699388,1913622846
bbbfeecf770101da,F,2024871845,143802240,119525653,399856448
bbbfeecf770101da,F,167658800,1666241004,941355472,700184041
bbbfeecf770101da,F,2130369613,1480981768,1929157786,347764561
bbbfeecf770101da,F,1157298411,551084157,1191647675,1067933665
bbbfeecf770101da,F,115255139,2147017427,1106159883,1575293160
bbbfeecf770101da,F,1055251714,1525763349,1651730170,133867498
bbbfeecf770101da,F,302302202,1163299814,550220854,732150990
bbbfeecf770101da,F,1973560944,1220290961,1965768412,1037085809
bbbfeecf770101da,G,994336077,603183241,1648701806,1363201928
bbbfeecf770101da,G,64458637,1625994673,1760068373,1792485352
bbbfeecf770101da,G,960477924,579585338,1504882487,1137083005
bbbfeecf770101da,G,1421215364,933200701,1727577513,470817959
bbbfeecf770101da,G,2079617644,1504527996,811597638,1560325138
bbbfeecf770101da,G,313513219,1972165731,370487212,2115322786
bbbfeecf770101da,G,1342925532,1357218456,599524513,1729100380
bbbfeecf770101da,G,608950244,581769649,1690730336,1277013649
bbbfeecf770101da,G,1832866424,1367717704,500405713,847415387
bbbfeecf770101da,G,381175039,1808183928,1623936640,1132326056
bbbfeecf770101da,G,931536112,1424452385,662096178,904765611
bbbfeecf770101da,G,1495723493,210818080,1968043436,1458111662
bbbfeecf770101da,G,410760933,1463618851,1263551775,2089979337
bbbfeecf770101da,G,1868078191,740825990,1820937645,1328263724
bbbfeecf770101da,G,1915313612,1815918817,1704500671,1185420293
bbbfeecf770101da,G,1728716482,108781073,1420544833,1296619115
bbbfeecf770101da,G,1465130907,613626431,1654961140,680337895
bbbfeecf770101da,G,1197381681,1466939238,1752648579,1862091026
bbbfeecf770101da,G,753563580,436115052,1249117334,158085487
bbbfeecf770101da,G,1349745052,17647989,836885580,1026221166
bbbfeecf770101da,G,777308114,1995193173,1047550263,2034792924
bbbfeecf770101da,G,2056747178,1149290599,1308714304,1885066660
bbbfeecf770101da,G,138590826,28581685,1858672195,1446228663
bbbfeecf770101da,G,1750593124,1469668332,805043324,1488044822
bbbfeecf770101da,G,1372192902,1056171394,1929180927,1105048076
bbbfeecf770101da,G,871839663,301628034,664269633,1176103222
bbbfeecf770101da,G,409167158,307559188,1983634900,491440480
bbbfeecf770101da,G,320284206,1610384745,1224470348,948263584
bbbfeecf770101da,G,1630561700,253242507,201797505,467610944
bbbfeecf770101da,G,1982797238,862055081,1230451521,2128610339
bbbfeecf770101da,H,940171891,1964832527,1912649602,777643389
bbbfeecf770101da,H,1843841035,2052596649,814926447,1224393825
bbbfeecf770101da,H,1082101287,552292668,1553895769,594015747
bbbfeecf770101da,H,74016020,601640189,508517731,978668761
bbbfeecf770101da,H,1693509337,1025403840,1730032172,1943405204
bbbfeecf770101da,H,113077226,1676738116,572708262,1554769833
bbbfeecf770101da,H,9885294,941078808,809461616,288549521
bbbfeecf770101da,H,565594438,1835901146,1377841377,2122701224
bbbfeecf770101da,H,773540150,1718927350,290157273,1057772365
bbbfeecf770101da,H,541069282,8181612,1400339130,634182386
bbbfeecf770101da,H,1393008353,411752080,1744593928,1669913929
bbbfeecf770101da,H,301449939,735888245,891959201,705867387
bbbfeecf770101da,H,649180467,1998005149,263120751,1670916022
bbbfeecf770101da,H,56473527,1264746821,2084800389,756871515
bbbfeecf770101da,H,1870557006,392632103,1177866214,55353038
bbbfeecf770101da,H,1210994981,1159283498,1675429320,1186035044
bbbfeecf770101da,H,178891997,1112833770,1885845956,300905299
bbbfeecf770101da,H,461052897,737204906,1272637338,1474711298
bbbfeecf770101da,H,1843580307,2039648840,297703919,1868982927
bbbfeecf770101da,H,1987217652,1493797552,340679711,679755924
bbbfeecf770101da,H,1535230672,833631666,783099797,598076337
bbbfeecf770101da,H,236898746,1764433474,1553095157,1832732487
bbbfeecf770101da,H,1488560476,544339557,1279555789,977150473
bbbfeecf770101da,H,347291154,1242456292,1770681561,635942183
bbbfeecf770101da,H,1871948614,940843653,648524032,30189756
bbbfeecf770101da,H,722882952,1118765894,849414046,1088971607
bbbfeecf770101da,H,2139690937,806985397,1477058303,1455314532
bbbfeecf770101da,H,212964446,1429987056,1546755537,1673711926
bbbfeecf770101da,H,1812106599,1161216576,147896353,1531073118
bbbfeecf770101da,H,250822018,2021958470,2034572743,1257416346
bbbfeecf770101da,I,566689950,872743599,1236544486,28064789
bbbfeecf770101da,I,1196741141,1913101819,1693776381,935179326
bbbfeecf770101da,I,717747518,190770353,458455957,764484937
bbbfeecf770101da,I,903213741,260182454,1747512226,363717397
bbbfeecf770101da,I,1568546141,448941285,86628399,680711041
bbbfeecf770101da,I,1123747793,1302925589,521049083,458839501
bbbfeecf770101da,I,953119452,1139361232,1625435866,499907882
bbbfeecf770101da,I,1057647352,615466492,1713759787,753132116
bbbfeecf770101da,I,2093043632,10964344,1793612375,1221518003
bbbfeecf770101da,I,863172912,1835838562,1158665622,787883225
bbbfeecf770101da,I,1505442282,1786528408,2144989646,1653968343
bbbfeecf770101da,I,133652608,459714112,853653438,967120563
bbbfeecf770101da,I,1700105345,1748900615,142107975,206088318
bbbfeecf770101da,I,677199115,380358627,1461561312,1174668339
bbbfeecf770101da,I,795489513,1050306869,1478646447,444196788
bbbfeecf770101da,I,1044848138,1308596313,1120982846,1451966384
bbbfeecf770101da,I,1912090332,424757897,853815559,274043349
bbbfeecf770101da,I,636821961,306522817,855374015,417367876
bbbfeecf770101da,I,1774296392,357892624,1757503018,1520068285
bbbfeecf770101da,I,799601246,677097384,723412315,98897774
bbbfeecf770101da,I,849110464,529470742,1688764888,281885169
bbbfeecf770101da,I,456187069,853588919,1335294597,1999936849
bbbfeecf770101da,I,1295438957,2138541509,2050496407,856711280
bbbfeecf770101da,I,831217715,1688478421,70544649,1554110183
bbbfeecf770101da,I,1203718601,1822939999,1408544764,1751091432
bbbfeecf770101da,I,334882431,2377679,249391189,428241247
bbbfeecf770101da,I,169851255,1582711692,437536922,429191199
bbbfeecf770101da,I,728339633,1806302863,621289808,1771578656
bbbfeecf770101da,I,1724095486,1973011172,2104798659,1865801056
bbbfeecf770101da,I,77926409,126641638,262944826,876050882
bbbfeecf770101da,J,786616736,158507573,1343708234,1373362210
bbbfeecf770101da,J,1450970473,846233329,303908324,948992281
bbbfeecf770101da,J,1884172604,144388761,1255158168,1576973769
bbbfeecf770101da,J,956016725,321166255,630235621,1632325751
bbbfeecf770101da,J,758316732,1704899720,1984831130,945204441
bbbfeecf770101da,J,945849146,1994113315,1291308984,1702544302
bbbfeecf770101da,J,1811521588,144327965,1371874548,743595972
bbbfeecf770101da,J,221228305,1219048133,1097206741,1436065085
bbbfeecf770101da,J,1213909516,1312183061,638303784,75506821
bbbfeecf770101da,J,122914150,1020767330,1200187665,1588343046
bbbfeecf770101da,J,1567106560,150500717,804265575,344096113
bbbfeecf770101da,J,1613512541,381362711,1125612785,1305573649
bbbfeecf770101da,J,1426958432,1870242149,2128191214,1164648655
bbbfeecf770101da,J,701764568,1033749296,812294809,208867216
bbbfeecf770101da,J,226695545,574228237,51560513,1850761580
bbbfeecf770101da,J,1783928256,1107384691,371452,416129634
bbbfeecf770101da,J,818035135,1496804015,1183592974,2065902246
bbbfeecf770101da,J,1341122236,1001019453,1387221211,1127470907
bbbfeecf770101da,J,1716396302,1380663440,1961069137,2045219453
bbbfeecf770101da,J,235264419,1205617879,1012511328,1525067541
bbbfeecf770101da,J,123666960,714486882,2132965407,436534307
bbbfeecf770101da,J,1499001987,1079554214,664313009,1129181095
bbbfeecf770101da,J,1301104685,685788409,121159762,1172205645
bbbfeecf770101da,J,1745158832,1330841156,2013147347,800245488
bbbfeecf770101da,J,607532186,991183606,337128289,2056835932
bbbfeecf770101da,J,2146092841,1433599123,701621743,922964524
bbbfeecf770101da,J,2088380633,603704541,1009664315,188806176
bbbfeecf770101da,J,86195721,224410252,508522344,864283222
bbbfeecf770101da,J,102986706,542193489,802838501,1929364390
bbbfeecf770101da,J,1816302513,912845687,1505152629,1626212851
bbbfeecf770101da,K,8388520,764484644,1943990004,1459512351
bbbfeecf770101da,K,1547147531,1918110175,1878879691,1686150653
bbbfeecf770101da,K,197791334,721866950,973218447,804511125
bbbfeecf770101da,K,1419630329,1453553348,655198963,1311778234
bbbfeecf770101da,K,266080785,1236885592,1926578459,715955698
bbbfeecf770101da,K,1711363781,340454133,620650706,874628855
bbbfeecf770101da,K,516871549,24221118,45462005,105542331
bbbfeecf770101da,K,198736416,2076570143,1709694424,2022907752
bbbfeecf770101da,K,55245521,1094478693,442941485,1014926577
bbbfeecf770101da,K,783012192,1963997052,1016749580,1839654995
bbbfeecf770101da,K,1168048122,592881712,1620890850,496946084
bbbfeecf770101da,K,626221730,1612769731,526363972,1483981550
bbbfeecf770101da,K,76281762,1596350564,265589213,475993884
bbbfeecf770101da,K,422138702,246326402,1292485064,1613727440
bbbfeecf770101da,K,985923505,853448884,1657008502,1648583149
bbbfeecf770101da,K,1941126771,363816344,1658772163,20110810
bbbfeecf770101da,K,990095198,813174903,257387566,1711446748
bbbfeecf770101da,K,383195666,377440679,231851006,2061301348
bbbfeecf770101da,K,417451169,1325993840,194673410,453462879
bbbfeecf770101da,K,736371676,2138139778,888771607,1974860979
bbbfeecf770101da,K,607973097,590994406,684376824,1529290662
bbbfeecf770101da,K,1491765262,802928436,265103543,1738123371
bbbfeecf770101da,K,1446784173,814704512,493961789,666780537
bbbfeecf770101da,K,1249855642,1691338772,1820528231,126215297
bbbfeecf770101da,K,685399561,1881199315,1603329809,262311403
bbbfeecf770101da,K,1802355096,1522789808,695980294,1537901779
bbbfeecf770101da,K,2064648926,651517455,1655213979,2006632924
bbbfeecf770101da,K,483031282,1216107254,1596262874,970766890
bbbfeecf770101da,K,716338052,867068641,1961385388,1857784792
bbbfeecf770101da,K,1122999213,1613515000,508427967,500141768
bbbfeecf770101da,L,705284659,633011522,25399159,828744251
bbbfeecf770101da,L,1029236154,2049107203,1643721749,623355988
bbbfeecf770101da,L,719777942,2004135298,1593479902,2024180549
bbbfeecf770101da,L,1284180319,1425716063,1443575851,161217289
bbbfeecf770101da,L,1143680811,1716971821,2030915405,1840926847
bbbfeecf770101da,L,1518416448,1416240436,238569247,579901565
bbbfeecf770101da,L,308090242,1262485390,809384904,234880212
bbbfeecf770101da,L,784247762,2119175987,2050037294,1302196494
bbbfeecf770101da,L,1238739687,1635544944,1469468227,219479635
bbbfeecf770101da,L,926943329,589532109,1758900328,606315726
bbbfeecf770101da,L,1933405033,1448812718,2037340296,658163802
bbbfeecf770101da,L,78900772,1893113617,1147894704,306786018
bbbfeecf770101da,L,936489632,952130809,954308198,325621407
bbbfeecf770101da,L,544415227,1295758709,501000785,86334503
bbbfeecf770101da,L,1191520096,447111630,1384530941,1971271676
bbbfeecf770101da,L,728127090,2069313188,1953300668,364916305
bbbfeecf770101da,L,1211225353,824152219,789635508,1032468118
bbbfeecf770101da,L,1501255257,921118777,288012856,1973593580
bbbfeecf770101da,L,1399827165,761891364,1419146796,1659842655
bbbfeecf770101da,L,651715585,1843955738,1504332247,1335492430
bbbfeecf770101da,L,972787129,1971012351,201808033,1251585161
bbbfeecf770101da,L,1283132321,357430564,161878798,857404831
bbbfeecf770101da,L,358494190,1957017465,284904834,325119512
bbbfeecf770101da,L,931904041,308204321,503708670,1835489450
bbbfeecf770101da,L,47422803,2120603692,313712979,907519883
bbbfeecf770101da,L,328349541,438956983,133859975,2092820756
bbbfeecf770101da,L,979507227,520624246,90302263,1700989547
bbbfeecf770101da,L,1547897481,200960452,804627098,19220117
bbbfeecf770101da,L,1044852329,500871071,1919528800,1442151414
bbbfeecf770101da,L,580066120,1895768161,401095518,951973657
bfe22ca4abe1aee8,A,639916483,1867208474,623064315,1687412088
bfe22ca4abe1aee8,A,1173664906,1604846143,774357723,1542115063
bfe22ca4abe1aee8,A,927260776,344399760,743645782,361882012
bfe22ca4abe1aee8,A,825795077,436002978,409231524,1454521326
bfe22ca4abe1aee8,A,1570950056,1275459054,1844691548,1135485169
bfe22ca4abe1aee8,A,93652683,830079305,1501907031,2024718235
bfe22ca4abe1aee8,A,29115254,1123271358,777255372,1353052161
bfe22ca4abe1aee8,A,1785416623,1832353611,226952722,1624442883
bfe22ca4abe1aee8,A,1728580833,1612854001,147885149,1713743742
bfe22ca4abe1aee8,A,471470863,871545376,462888450,278180833
bfe22ca4abe1aee8,A,104852662,1930844593,1561932603,1767540178
bfe22ca4abe1aee8,A,1880646075,1193366566,327940628,857936064
bfe22ca4abe1aee8,A,175472358,129866994,1329142521,1514556490
bfe22ca4abe1aee8,A,764908609,1641451273,152176089,955487454
bfe22ca4abe1aee8,A,1852363407,1275813432,1594920575,1240853613
bfe22ca4abe1aee8,A,1906630685,253122674,1888962181,933225519
bfe22ca4abe1aee8,A,1153051845,1100974956,1501218581,311934759
bfe22ca4abe1aee8,A,138023982,426986860,1664508433,309035013
bfe22ca4abe1aee8,A,1694916609,1292766346,528264144,1547028584
bfe22ca4abe1aee8,A,519428438,243064350,652589166,1105730293
bfe22ca4abe1aee8,A,199906261,639912738,701241015,868785641
bfe22ca4abe1aee8,A,2050352214,34222809,249336507,46064978
bfe22ca4abe1aee8,A,185425818,289181985,1447750305,1720763808
bfe22ca4abe1aee8,A,1908121168,298970884,1564740914,1739466005
bfe22ca4abe1aee8,A,590742569,1170212183,1364822043,2096095668
bfe22ca4abe1aee8,A,688209008,1754469971,700520150,243303372
bfe22ca4abe1aee8,A,657765743,1739552744,1864019618,1900929942
bfe22ca4abe1aee8,A,2040841361,1258546646,1387046104,387341606
bfe22ca4abe1aee8,A,211007248,435777044,867324796,1087470615
bfe22ca4abe1aee8,A,1830829515,813431096,492335792,2050941928
bfe22ca4abe1aee8,B,448045079,1698090181,1385117709,1171629850
bfe22ca4abe1aee8,B,1070299263,552785848,1317301601,548815320
bfe22ca4abe1aee8,B,495325296,1789152350,1284280119,222238842
bfe22ca4abe1aee8,B,313475136,2135280280,402286704,135993207
bfe22ca4abe1aee8,B,1599031812,938218349,873331167,1487957412
bfe22ca4abe1aee8,B,69053710,220595047,901761789,1257472677
bfe22ca4abe1aee8,B,676718261,1808596973,59063041,2045327475
bfe22ca4abe1aee8,B,841738838,1464303874,1187977323,665865691
bfe22ca4abe1aee8,B,798812284,1856844998,390345760,1809584552
bfe22ca4abe1aee8,B,1691241020,1985770607,801587034,1488125169
bfe22ca4abe1aee8,B,1866409106,1386866516,1669771702,2134104836
bfe22ca4abe1aee8,B,1135940061,801555995,139901273,953676497
bfe22ca4abe1aee8,B,1654807117,943173351,1393541363,729035133
bfe22ca4abe1aee8,B,1582763146,1105272583,1976209540,230471528
bfe22ca4abe1aee8,B,282470052,1953758559,1983179213,634510426
bfe22ca4abe1aee8,B,71008591,1930589856,110803528,546295565
bfe22ca4abe1aee8,B,1410011532,185642664,722882216,3426580
bfe22ca4abe1aee8,B,1496123320,689372522,1850101428,767948922
bfe22ca4abe1aee8,B,1838520256,1891636805,1913244345,1987495536
bfe22ca4abe1aee8,B,1434511860,1403872688,587388252,737126500
bfe22ca4abe1aee8,B,1515137806,1760906724,619569494,186633895
bfe22ca4abe1aee8,B,1188107254,868831339,1265617354,229791045
bfe22ca4abe1aee8,B,1944452055,588885590,1568072920,1442421468
bfe22ca4abe1aee8,B,406392721,1795238715,1813719057,126926979
bfe22ca4abe1aee8,B,725861948,1155605032,941126361,1352066586
bfe22ca4abe1aee8,B,1788961798,1338186542,1094659056,1292003040
bfe22ca4abe1aee8,B,326440975,2136743731,840032585,333258623
bfe22ca4abe1aee8,B,1059664998,1723603809,958401843,127302484
bfe22ca4abe1aee8,B,808342747,961737478,345518561,2076442798
bfe22ca4abe1aee8,B,50709158,969284034,963776285,395760305
bfe22ca4abe1aee8,C,636187716,1958107459,34002092,176004995
bfe22ca4abe1aee8,C,1039084907,118922331,316283812,287695918
bfe22ca4abe1aee8,C,900878170,931705802,1241459682,380952937
bfe22ca4abe1aee8,C,579981616,2073120238,837441864,1971598743
bfe22ca4abe1aee8,C,1672830352,131511235,861814980,1855320354
bfe22ca4abe1aee8,C,1917993710,1100213494,764489868,818925098
bfe22ca4abe1aee8,C,49753374,376915341,1475348687,628416536
bfe22ca4abe1aee8,C,1120094313,1624366929,1040596689,1777282308
bfe22ca4abe1aee8,C,948289563,1644767308,1902806751,1572173088
bfe22ca4abe1aee8,C,1389748607,553723577,627246273,1999067579
bfe22ca4abe1aee8,C,132294072,792620730,320189173,664607254
bfe22ca4abe1aee8,C,1213601826,1070889382,1743994365,1455385555
bfe22ca4abe1aee8,C,1880637149,945186569,38165250,109463668
bfe22ca4abe1aee8,C,1121482289,177420528,1085386975,1953053330
bfe22ca4abe1aee8,C,1024768523,854916450,939178378,1852868684
bfe22ca4abe1aee8,C,1581485237,1859599261,1441250757,44514805
bfe22ca4abe1aee8,C,1581684405,529251290,678762,1787020355
bfe22ca4abe1aee8,C,551786149,125002367,1800945787,221959657
bfe22ca4abe1aee8,C,1860262786,1349323610,92633783,126809507
bfe22ca4abe1aee8,C,35090639,1986953829,2082603992,581609306
bfe22ca4abe1aee8,C,970888433,1488159856,990330486,1788184932
bfe22ca4abe1aee8,C,116589096,1484285916,2817208,1625702764
bfe22ca4abe1aee8,C,177576784,1707616175,405197612,1706091370
bfe22ca4abe1aee8,C,695878077,1620793552,1404385074,803104193
bfe22ca4abe1aee8,C,1362601200,1067252804,1465930089,1460625894
bfe22ca4abe1aee8,C,427840611,1535390450,1600405027,1960574181
bfe22ca4abe1aee8,C,814053656,1552920251,391845541,95032803
bfe22ca4abe1aee8,C,1453816838,1762214137,2114156604,1821072624
bfe22ca4abe1aee8,C,1376268644,1105849600,713779979,1865749894
bfe22ca4abe1aee8,C,1209126089,2037171748,1718517139,2016267044
bfe22ca4abe1aee8,D,519576095,1406718558,245868237,470208891
bfe22ca4abe1aee8,D,277130554,15622156,226128353,1313950058
bfe22ca4abe1aee8,D,1535389848,578495240,915932630,687252811
bfe22ca4abe1aee8,D,1886191808,738479087,156978087,221314284
bfe22ca4abe1aee8,D,654123988,4872597,904968032,1413241985
bfe22ca4abe1aee8,D,1192294958,2029500019,283794675,803408446
bfe22ca4abe1aee8,D,1680209637,2013917311,153872140,1839992140
bfe22ca4abe1aee8,D,981206805,869123354,1483831540,1799279368
bfe22ca4abe1aee8,D,1037029897,373507587,992503499,786336458
bfe22ca4abe1aee8,D,1593603974,1031601753,1255697024,2124475245
bfe22ca4abe1aee8,D,241272387,1533463195,1086702311,1586114689
bfe22ca4abe1aee8,D,815611301,2137282199,1300562355,126329901
bfe22ca4abe1aee8,D,2044596188,467646637,991901041,1296921736
bfe22ca4abe1aee8,D,1701960837,1620927530,258660520,1699958499
bfe22ca4abe1aee8,D,1447368514,8828797,653969260,1201569491
bfe22ca4abe1aee8,D,1867255261,268590379,2070104573,1419718061
bfe22ca4abe1aee8,D,292963065,912119212,530057332,737972809
bfe22ca4abe1aee8,D,1025114143,655052721,1729846767,1679401549
bfe22ca4abe1aee8,D,1078449085,251221086,852714532,99129676
bfe22ca4abe1aee8,D,92332673,2025460635,837203954,844276611
bfe22ca4abe1aee8,D,240944566,593206689,1589202344,887886901
bfe22ca4abe1aee8,D,250884031,1950107248,1462482057,2114799059
bfe22ca4abe1aee8,D,1187540776,1064719102,516613293,1710002294
bfe22ca4abe1aee8,D,1724472660,667823702,1948723336,446303345
bfe22ca4abe1aee8,D,476227982,681348941,1821395025,996284347
bfe22ca4abe1aee8,D,1731845761,1955139648,2055522716,891481855
bfe22ca4abe1aee8,D,2133299973,651925646,106968881,443672308
bfe22ca4abe1aee8,D,798517856,775151071,1323330018,209508922
bfe22ca4abe1aee8,D,780054202,516795027,218020474,1342554133
bfe22ca4abe1aee8,D,1939194575,623846858,1897971038,2089982069
bfe22ca4abe1aee8,E,439363143,619432525,1976933955,1990214332
bfe22ca4abe1aee8,E,778615071,1145009684,1795968361,1235836774
bfe22ca4abe1aee8,E,240564653,2092297657,686260365,910520183
bfe22ca4abe1aee8,E,1956918874,698562247,321012100,1135717313
bfe22ca4abe1aee8,E,1834855647,369417981,1056982539,1753826217
bfe22ca4abe1aee8,E,2062828086,1276221845,1781493005,131992730
bfe22ca4abe1aee8,E,260356836,1387929908,305558978,1289601613
bfe22ca4abe1aee8,E,490337558,750042210,1105502770,435761912
bfe22ca4abe1aee8,E,542063317,1604932006,1455707663,1525940891
bfe22ca4abe1aee8,E,769525025,1748946537,710600249,805785962
bfe22ca4abe1aee8,E,200736419,501717249,859476355,1567434684
bfe22ca4abe1aee8,E,128208258,49569457,344979868,1383725460
bfe22ca4abe1aee8,E,1917505611,2004176958,700058385,1820787396
bfe22ca4abe1aee8,E,1784957186,1310562919,394192886,503035527
bfe22ca4abe1aee8,E,1666360607,1023112126,1282402650,1778923823
bfe22ca4abe1aee8,E,1664076379,1280803664,1327907337,941172175
bfe22ca4abe1aee8,E,556053432,743772121,1860299612,1077660642
bfe22ca4abe1aee8,E,1233361604,284097290,620474212,408858500
bfe22ca4abe1aee8,E,1796334959,811428363,336098842,515699582
bfe22ca4abe1aee8,E,609566566,309775508,1273726814,1550896363
bfe22ca4abe1aee8,E,2116031341,1941493505,1178783454,1638652116
bfe22ca4abe1aee8,E,1543061040,1839751173,719629424,1091801205
bfe22ca4abe1aee8,E,873139996,1923266782,456311840,37304323
bfe22ca4abe1aee8,E,806388775,507098107,312119043,435971536
bfe22ca4abe1aee8,E,1106456809,767872528,222741773,249876837
bfe22ca4abe1aee8,E,558870688,2057646213,210909710,1989772552
bfe22ca4abe1aee8,E,123568607,1396524047,1373118765,354664996
bfe22ca4abe1aee8,E,1689189924,1511960219,702918517,757320150
bfe22ca4abe1aee8,E,748192491,752858752,937063126,871259914
bfe22ca4abe1aee8,E,729211618,1096429585,330036238,1258210493
bfe22ca4abe1aee8,F,1555008677,1312227246,557661078,835375875
bfe22ca4abe1aee8,F,1313338595,1462048236,1383429218,1836952651
bfe22ca4abe1aee8,F,504796753,760005542,1719489020,1001255586
bfe22ca4abe1aee8,F,1259087625,31710489,273567792,1300912552
bfe22ca4abe1aee8,F,600772357,479730490,247142751,1093407134
bfe22ca4abe1aee8,F,392752238,1974238394,1030449850,1098154681
bfe22ca4abe1aee8,F,165767937,1582138792,56677858,1076817758
bfe22ca4abe1aee8,F,408640132,1141915153,1638667332,491857729
bfe22ca4abe1aee8,F,569434320,1986518651,928528006,519404195
bfe22ca4abe1aee8,F,576176039,1027304900,994648449,65660738
bfe22ca4abe1aee8,F,1286636224,414184652,1260279053,1920669547
bfe22ca4abe1aee8,F,890168597,331312121,1031755540,1331347517
bfe22ca4abe1aee8,F,1283003295,136215242,721081131,2094216216
bfe22ca4abe1aee8,F,2075671970,1592951053,225644032,2082131316
bfe22ca4abe1aee8,F,1826649670,1860348368,101107658,1674243158
bfe22ca4abe1aee8,F,1941480562,1172639894,272553119,1901321520
bfe22ca4abe1aee8,F,1363684643,1551439524,1169952821,878234105
bfe22ca4abe1aee8,F,1790304362,1399017694,1127137688,878404615
bfe22ca4abe1aee8,F,1213356866,373548556,2031341937,1183475106
bfe22ca4abe1aee8,F,312243165,1377695088,1599580007,1234608460
bfe22ca4abe1aee8,F,1968331037,83000651,2137671345,1956850897
bfe22ca4abe1aee8,F,278564390,1556788539,333105543,226950344
bfe22ca4abe1aee8,F,651205755,278013352,140359773,152325043
bfe22ca4abe1aee8,F,1895168943,767488878,1045658282,410669480
bfe22ca4abe1aee8,F,1323535425,932979387,1255891810,824679681
bfe22ca4abe1aee8,F,352310999,1502807299,1771126766,1042926827
bfe22ca4abe1aee8,F,266293568,480189994,1017562364,1133932306
bfe22ca4abe1aee8,F,219922501,979358814,2000161900,1006755608
bfe22ca4abe1aee8,F,1839394609,1513587360,1910266493,929870794
bfe22ca4abe1aee8,F,31294160,691106055,414306982,1995374314
bfe22ca4abe1aee8,G,78067665,817782075,1951629204,338265264
bfe22ca4abe1aee8,G,1329983020,1709220668,342700281,160255712
bfe22ca4abe1aee8,G,1680108524,127470565,1617797169,1846971784
bfe22ca4abe1aee8,G,455817780,1585085411,150019491,407928709
bfe22ca4abe1aee8,G,2026594528,1966453447,1060490025,1852855652
bfe22ca4abe1aee8,G,645453032,1000041969,1362944201,185469413
bfe22ca4abe1aee8,G,1786763444,533435061,1583451943,963796493
bfe22ca4abe1aee8,G,702847357,16324757,1451340131,309492500
bfe22ca4abe1aee8,G,1979406498,469762872,1600493776,1455459133
bfe22ca4abe1aee8,G,1959398677,1942234378,2111779673,852193801
bfe22ca4abe1aee8,G,1842715232,975898990,2002953025,1101108450
bfe22ca4abe1aee8,G,1842600564,1427514595,1539988747,958217143
bfe22ca4abe1aee8,G,1922451960,49825232,325709966,1170748390
bfe22ca4abe1aee8,G,875374868,422168686,288047462,1072302021
bfe22ca4abe1aee8,G,163062282,1245458115,268474968,374304620
bfe22ca4abe1aee8,G,1312126403,332924667,1341336565,2110813431
bfe22ca4abe1aee8,G,1250544877,356672387,1636183765,30365714
bfe22ca4abe1aee8,G,977018873,1999691685,258876271,2070496245
bfe22ca4abe1aee8,G,1830984003,1551216552,144121151,925189681
bfe22ca4abe1aee8,G,1962729990,1905108320,1082283949,2086789276
bfe22ca4abe1aee8,G,1556857788,1066029405,704190918,1910380706
bfe22ca4abe1aee8,G,1792135602,1387250395,1043921661,1169139612
bfe22ca4abe1aee8,G,1509362017,1866916583,153387679,785390895
bfe22ca4abe1aee8,G,1895430667,145954534,174556999,2140538761
bfe22ca4abe1aee8,G,772848248,1479479450,1300702079,1763462077
bfe22ca4abe1aee8,G,336419442,183800041,415767820,489424233
bfe22ca4abe1aee8,G,1823282622,517210152,16356238,1757638454
bfe22ca4abe1aee8,G,1300386802,972910804,1350010981,1545570438
bfe22ca4abe1aee8,G,576081429,369944435,83882114,1032559887
bfe22ca4abe1aee8,G,1651740567,1424192313,212117322,1781121855
bfe22ca4abe1aee8,H,61448570,242737380,942947761,588832213
bfe22ca4abe1aee8,H,7322663,1267766190,608187841,1503430689
bfe22ca4abe1aee8,H,531850477,1319401784,1482850851,595183284
bfe22ca4abe1aee8,H,1612438563,218775743,400999915,1766925953
bfe22ca4abe1aee8,H,309012123,212703875,1265244270,1860655309
bfe22ca4abe1aee8,H,1344985376,188233535,1457758111,1391121454
bfe22ca4abe1aee8,H,1621015555,536184694,2102851621,496906026
bfe22ca4abe1aee8,H,507643869,1532859812,1759246468,843082224
bfe22ca4abe1aee8,H,989525490,465936815,989072493,979629573
bfe22ca4abe1aee8,H,1083647831,917372418,1057935440,1364717858
bfe22ca4abe1aee8,H,1661351443,886115525,153636217,661546763
bfe22ca4abe1aee8,H,938503280,473787213,247061682,1149697395
bfe22ca4abe1aee8,H,1255891969,812116398,1444062465,1148337829
bfe22ca4abe1aee8,H,2050594113,615693058,2078614297,2045179331
bfe22ca4abe1aee8,H,2034043580,218619644,208348934,142191267
bfe22ca4abe1aee8,H,1533626049,292118578,2082425117,1082961162
bfe22ca4abe1aee8,H,675175624,653547095,964168172,1130459704
bfe22ca4abe1aee8,H,399579099,506371004,821012181,954452314
bfe22ca4abe1aee8,H,2057938682,67938343,796356206,1016472843
bfe22ca4abe1aee8,H,1545997574,2038961144,51287855,2040765070
bfe22ca4abe1aee8,H,1597354947,988401529,1837550385,916328395
bfe22ca4abe1aee8,H,603979376,2106637830,885953889,185324755
bfe22ca4abe1aee8,H,420069907,1478545266,1766181086,1674819889
bfe22ca4abe1aee8,H,1373809090,191704092,2142903682,1092938622
bfe22ca4abe1aee8,H,1863043399,85543297,1091212937,22949268
bfe22ca4abe1aee8,H,442597979,307097115,1253178050,910263856
bfe22ca4abe1aee8,H,278036174,478842141,1969108368,1263804376
bfe22ca4abe1aee8,H,160872321,1153040909,800251537,1916990774
bfe22ca4abe1aee8,H,1490974675,1662209201,860887220,1318975764
bfe22ca4abe1aee8,H,1487445354,2025823944,1073371727,1188930892
bfe22ca4abe1aee8,I,125523565,1219706952,2144193232,1461485716
bfe22ca4abe1aee8,I,1019072648,2039582509,126184766,2046167657
bfe22ca4abe1aee8,I,501012043,543101100,1450580107,1497972849
bfe22ca4abe1aee8,I,1643005282,1380930775,1032540133,830624089
bfe22ca4abe1aee8,I,1168655631,1132384625,1813530268,426556326
bfe22ca4abe1aee8,I,1333687800,328460253,55128691,1195079241
bfe22ca4abe1aee8,I,1923986610,1781579506,791260400,1673513653
bfe22ca4abe1aee8,I,1464722914,320420289,121090090,1514199104
bfe22ca4abe1aee8,I,812056139,211955047,900201122,1373768588
bfe22ca4abe1aee8,I,1593857763,155941299,937380561,1612388104
bfe22ca4abe1aee8,I,73495696,1366192580,62439450,980864966
bfe22ca4abe1aee8,I,1089878365,1538617780,1296450667,1822025541
bfe22ca4abe1aee8,I,2071932712,1604997715,1725777160,33472860
bfe22ca4abe1aee8,I,1535529632,1244195948,1916106597,906460713
bfe22ca4abe1aee8,I,215084975,1341758636,1897764844,1329706339
bfe22ca4abe1aee8,I,81537604,171587024,2095458746,1562392028
bfe22ca4abe1aee8,I,1306391143,579313906,1633589403,1861043896
bfe22ca4abe1aee8,I,1145755314,596941067,1334021214,1185276661
bfe22ca4abe1aee8,I,931077197,1763280523,347659978,641697676
bfe22ca4abe1aee8,I,2146291686,917237703,1260152212,342119042
bfe22ca4abe1aee8,I,1164661164,1199960631,204030422,764240569
bfe22ca4abe1aee8,I,986295417,1594080596,958250082,991526240
bfe22ca4abe1aee8,I,926302339,842935956,1980566960,624047709
bfe22ca4abe1aee8,I,838151310,1765910648,1573878688,525417084
bfe22ca4abe1aee8,I,32611675,905757487,1662381874,2147147462
bfe22ca4abe1aee8,I,1967344884,1464332369,1190998532,2060104702
bfe22ca4abe1aee8,I,616673369,1823193374,194813195,602593515
bfe22ca4abe1aee8,I,1066330911,1025879301,846570307,903626682
bfe22ca4abe1aee8,I,433815176,1675008665,427076991,1580626090
bfe22ca4abe1aee8,I,631458273,1374797012,1199285590,1546863506
bfe22ca4abe1aee8,J,1987903360,1656733544,1640510015,1733809664
bfe22ca4abe1aee8,J,965806618,1385998782,1428311176,573245078
bfe22ca4abe1aee8,J,1495788002,1554305597,773057508,790344544
bfe22ca4abe1aee8,J,1886442082,146040544,1273896539,1413189603
bfe22ca4abe1aee8,J,258376272,317483946,769271049,1868414215
bfe22ca4abe1aee8,J,1552887557,1021812554,273474448,1837877153
bfe22ca4abe1aee8,J,1616017151,17228139,129657405,2056045203
bfe22ca4abe1aee8,J,1096559111,1340612675,837545733,1450992157
bfe22ca4abe1aee8,J,2087171119,312206819,719613418,69209293
bfe22ca4abe1aee8,J,63920973,867518543,1313742964,1819473660
bfe22ca4abe1aee8,J,892550992,614554385,1732675785,794173082
bfe22ca4abe1aee8,J,2069370311,1543715116,1980113655,394317683
bfe22ca4abe1aee8,J,703108048,480450406,1697543541,69389221
bfe22ca4abe1aee8,J,1281073930,55704804,1815685572,1645127708
bfe22ca4abe1aee8,J,2090089888,103435874,1770892957,694070759
bfe22ca4abe1aee8,J,68056211,1298472966,1794069701,1090564749
bfe22ca4abe1aee8,J,1002326812,58614155,1619584445,2014078204
bfe22ca4abe1aee8,J,81692567,1931430656,876155443,299271061
bfe22ca4abe1aee8,J,1019629344,1462921679,1864753466,639412568
bfe22ca4abe1aee8,J,589977703,767659743,1255074964,2028066233
bfe22ca4abe1aee8,J,1424985223,2052991392,576697039,766828913
bfe22ca4abe1aee8,J,671836230,1497414835,1147461965,1672269469
bfe22ca4abe1aee8,J,2024051456,1199261214,704942040,1551261276
bfe22ca4abe1aee8,J,834368854,70856695,1252375997,390706251
bfe22ca4abe1aee8,J,1524589340,1407191593,159236362,333487123
bfe22ca4abe1aee8,J,1971063443,1584062212,1166951467,930098212
bfe22ca4abe1aee8,J,1103078389,1000293584,1089876786,1729594556
bfe22ca4abe1aee8,J,2097804836,373889709,1848176642,1647334474
bfe22ca4abe1aee8,J,1689177964,282064470,1540625534,477997125
bfe22ca4abe1aee8,J,376733321,1942186077,330471192,204785174
bfe22ca4abe1aee8,K,1407305972,875112326,2146412431,1642492169
bfe22ca4abe1aee8,K,1085542974,1581222433,414433713,1751978586
bfe22ca4abe1aee8,K,1160864123,142130011,516050818,137123209
bfe22ca4abe1aee8,K,399378213,741845412,1547334759,868422809
bfe22ca4abe1aee8,K,691136690,836590774,1404220863,1739456178
bfe22ca4abe1aee8,K,1618668537,1026659934,281837684,2030194317
bfe22ca4abe1aee8,K,1481177256,1376834939,1552440630,1958813211
bfe22ca4abe1aee8,K,232788736,261189871,994332502,876826720
bfe22ca4abe1aee8,K,2090953392,638522537,1108687271,137528232
bfe22ca4abe1aee8,K,1623033937,1448629291,1211703435,1591152710
bfe22ca4abe1aee8,K,1738568792,679330004,889439913,1691878921
bfe22ca4abe1aee8,K,712339119,862068931,1032142758,1087347070
bfe22ca4abe1aee8,K,2031125831,1421964307,961857361,2056977189
bfe22ca4abe1aee8,K,1494377985,1240967301,2061176608,84522948
bfe22ca4abe1aee8,K,249376032,1703205418,368984637,756948619
bfe22ca4abe1aee8,K,790657731,1711348005,1391427080,535492450
bfe22ca4abe1aee8,K,523217764,264737854,620026734,960718069
bfe22ca4abe1aee8,K,753030944,275940367,572425872,749010668
bfe22ca4abe1aee8,K,727051433,889844975,408334072,2082462780
bfe22ca4abe1aee8,K,16230652,1415199401,1641532955,1132001194
bfe22ca4abe1aee8,K,225579861,1126733845,1929687558,179644158
bfe22ca4abe1aee8,K,1782829382,27205698,1338522099,557574481
bfe22ca4abe1aee8,K,1910986309,1255695158,1733400903,1443974401
bfe22ca4abe1aee8,K,206149896,1876623473,1752746921,98658315
bfe22ca4abe1aee8,K,734028332,677174315,1672362253,23413182
bfe22ca4abe1aee8,K,662863449,1491150425,551061423,913031158
bfe22ca4abe1aee8,K,925658954,1004627518,2096176448,1190566680
bfe22ca4abe1aee8,K,1152862271,1077708808,206508135,1084533436
bfe22ca4abe1aee8,K,531009632,551688786,450588091,1731021232
bfe22ca4abe1aee8,K,1301127894,492293229,1128029245,2144387414
bfe22ca4abe1aee8,L,919704992,1556384167,2109173176,1929349951
bfe22ca4abe1aee8,L,643400408,805584286,973895941,697375656
bfe22ca4abe1aee8,L,335076263,1293570919,197565073,182543739
bfe22ca4abe1aee8,L,2017035797,706555048,1482426857,360710402
bfe22ca4abe1aee8,L,1478036446,2102157099,2123434755,1311705786
bfe22ca4abe1aee8,L,1648507266,723181669,102927548,1256572720
bfe22ca4abe1aee8,L,545838327,1693719917,1218783146,878995234
bfe22ca4abe1aee8,L,1798251324,717822312,666447077,671003672
bfe22ca4abe1aee8,L,1480063777,568118598,841762944,361084283
bfe22ca4abe1aee8,L,2138242320,446535108,661491911,2129816498
bfe22ca4abe1aee8,L,1792298646,705040696,1653393083,1673368170
bfe22ca4abe1aee8,L,1986833939,226837795,1344349662,804908544
bfe22ca4abe1aee8,L,1707479856,83568335,159471416,817485293
bfe22ca4abe1aee8,L,1996044961,1920470710,590877036,2035839665
bfe22ca4abe1aee8,L,2094257740,1621271039,1990306241,1621793427
bfe22ca4abe1aee8,L,787128197,1595582439,134611912,131277264
bfe22ca4abe1aee8,L,490815645,1404709984,1296972381,191168917
bfe22ca4abe1aee8,L,931651001,791912381,588903293,385342577
bfe22ca4abe1aee8,L,703623626,1743651808,286481949,2018908488
bfe22ca4abe1aee8,L,2005138461,1285325359,237574665,522272276
bfe22ca4abe1aee8,L,906396109,686098294,1282288005,1298720493
bfe22ca4abe1aee8,L,33301615,722137816,1488430546,1930937964
bfe22ca4abe1aee8,L,682536952,1592670419,1991646509,1373060901
bfe22ca4abe1aee8,L,1418259242,263479357,615297589,1862586661
bfe22ca4abe1aee8,L,520587058,1873081489,2014070356,945158883
bfe22ca4abe1aee8,L,338334775,1410325798,1379514493,145128364
bfe22ca4abe1aee8,L,859854599,6085986,307496898,870970891
bfe22ca4abe1aee8,L,1433020765,1801277964,44704420,1164175992
bfe22ca4abe1aee8,L,667606903,12673780,230649128,151891615
bfe22ca4abe1aee8,L,730066894,442957244,520237050,989064830
6bbc5c6d0962941f,A,128809404,1927180113,1471960780,1721675586
6bbc5c6d0962941f,A,967885668,2134408140,1447219521,107128605
6bbc5c6d0962941f,A,1386288197,1635532364,389418664,1839195426
6bbc5c6d0962941f,A,1313487869,507329261,856316125,1966921311
6bbc5c6d0962941f,A,1300075633,2123236709,1285711549,1072864247
6bbc5c6d0962941f,A,247527011,2080767777,1575470031,1631586191
6bbc5c6d0962941f,A,9581999,1367681254,248057460,107620815
6bbc5c6d0962941f,A,938128899,2072635980,1065033643,1148717337
6bbc5c6d0962941f,A,157953607,1697596295,381182886,796825488
6bbc5c6d0962941f,A,1666586082,1359232371,1366942119,755943435
6bbc5c6d0962941f,A,1388275422,621773654,1805912273,2005238261
6bbc5c6d0962941f,A,1648733575,2107636404,669237602,368132742
6bbc5c6d0962941f,A,2004855969,1804803496,2112657610,1107066718
6bbc5c6d0962941f,A,777440299,831530212,776426639,1633355283
6bbc5c6d0962941f,A,1535319365,1649977448,720289248,1565356273
6bbc5c6d0962941f,A,762997281,484015461,1490146055,414907031
6bbc5c6d0962941f,A,670867852,1144905612,316772743,391831598
6bbc5c6d0962941f,A,2122022694,26050362,116222016,497230803
6bbc5c6d0962941f,A,1993515333,1523203392,1283418567,1927302295
6bbc5c6d0962941f,A,204705379,328742180,13789628,669173791
6bbc5c6d0962941f,A,621356364,1894525317,125909388,1663038744
6bbc5c6d0962941f,A,338738359,780717706,490993827,890885988
6bbc5c6d0962941f,A,1273364678,1575069613,983311757,515499968
6bbc5c6d0962941f,A,527472589,223564013,1125891987,1840496974
6bbc5c6d0962941f,A,819688175,1824727990,210345003,1019555724
6bbc5c6d0962941f,A,1516197602,10218315,1809512455,1101691056
6bbc5c6d0962941f,A,1366658894,378812837,745850849,1958607976
6bbc5c6d0962941f,A,612911006,1224084232,1240165346,792028745
6bbc5c6d0962941f,A,880569442,1697851105,1526405500,384921623
6bbc5c6d0962941f,A,1113143574,1475767157,2092537765,1002303253
6bbc5c6d0962941f,B,1438656941,1766359092,455001160,1224522291
6bbc5c6d0962941f,B,1054940134,1191307523,458502186,1870481305
6bbc5c6d0962941f,B,1258823325,1489268999,386434456,2057492143
6bbc5c6d0962941f,B,564639423,779070248,82171005,1009768958
6bbc5c6d0962941f,B,1155153967,158502000,662063504,2057503764
6bbc5c6d0962941f,B,1299266087,627284810,500723677,1866306161
6bbc5c6d0962941f,B,468849639,1082490389,2070179000,563081018
6bbc5c6d0962941f,B,263709151,913757097,825680713,1192881975
6bbc5c6d0962941f,B,375495703,1375118225,2025957640,2023869398
6bbc5c6d0962941f,B,1582113179,1146901795,2141975753,1989562392
6bbc5c6d0962941f,B,2050123192,1557997610,930850694,1411019352
6bbc5c6d0962941f,B,305780137,2103928238,53131209,960227657
6bbc5c6d0962941f,B,730329849,1341741959,354059042,2077547775
6bbc5c6d0962941f,B,1925501237,1125057574,1311721561,1807709355
6bbc5c6d0962941f,B,1338359797,54734218,1629164019,1010361016
6bbc5c6d0962941f,B,85808129,720988580,2065837281,460634877
6bbc5c6d0962941f,B,90410134,1258008540,739200881,1246362016
6bbc5c6d0962941f,B,1214245545,136230281,25184459,1587448834
6bbc5c6d0962941f,B,125322764,2010682685,1395693094,203955898
6bbc5c6d0962941f,B,1837465298,1060529280,642348395,1265256546
6bbc5c6d0962941f,B,707474389,1887496747,869187535,508891638
6bbc5c6d0962941f,B,1334231790,1514705014,967477264,1938179794
6bbc5c6d0962941f,B,98078448,840355687,826622232,245848290
6bbc5c6d0962941f,B,2127127677,847360376,2020192563,1380330630
6bbc5c6d0962941f,B,922967667,1712039478,516662029,622775097
6bbc5c6d0962941f,B,731215060,447493981,1862661978,1689027305
6bbc5c6d0962941f,B,282779687,474626839,308345632,568711440
6bbc5c6d0962941f,B,337905168,259130863,2141027517,1516554456
6bbc5c6d0962941f,B,780204017,571136026,1712918163,1211486178
6bbc5c6d0962941f,B,133618958,547343712,1745692893,213623348
6bbc5c6d0962941f,C,155438128,918923194,1226026449,2025117961
6bbc5c6d0962941f,C,22368537,1088855495,364434047,1455088909
6bbc5c6d0962941f,C,1209913088,1164508058,5877128,751724288
6bbc5c6d0962941f,C,1180642739,1027338623,1616824874,1602452246
6bbc5c6d0962941f,C,1657721444,1066595720,1533091487,1107334910
6bbc5c6d0962941f,C,1374351107,1312967940,1181522620,1041491474
6bbc5c6d0962941f,C,294236467,1157054897,1479859039,1814373092
6bbc5c6d0962941f,C,1048998531,34965421,60110641,795027134
6bbc5c6d0962941f,C,986811025,1739187926,729890382,644941702
6bbc5c6d0962941f,C,52659771,219891177,1541126556,1804855664
6bbc5c6d0962941f,C,2123987506,1192952277,1466980203,1755853102
6bbc5c6d0962941f,C,1427357411,1989879265,1165201538,228464794
6bbc5c6d0962941f,C,1926532380,2124683393,1062695078,1473779190
6bbc5c6d0962941f,C,1586627531,1988744556,656170232,2049857470
6bbc5c6d0962941f,C,1235101648,1950655580,1010685765,1528282887
6bbc5c6d0962941f,C,1909780439,1197203223,659762438,1275502375
6bbc5c6d0962941f,C,86894856,992908425,2085369936,560007468
6bbc5c6d0962941f,C,1921955544,1983748659,925161203,1874768062
6bbc5c6d0962941f,C,1218261419,389378286,1671817255,1575991914
6bbc5c6d0962941f,C,2017081741,1244653561,218394048,1679864425
6bbc5c6d0962941f,C,848528266,582004743,1632710372,429990730
6bbc5c6d0962941f,C,1956289203,164852965,240254458,481395855
6bbc5c6d0962941f,C,253533929,691997258,1897516660,2078324365
6bbc5c6d0962941f,C,1770264279,1063339135,139098298,1168875307
6bbc5c6d0962941f,C,591541478,896300689,753733991,334500614
6bbc5c6d0962941f,C,2026773134,459867947,404138337,1996350289
6bbc5c6d0962941f,C,668405018,1399461315,1869964498,1133877017
6bbc5c6d0962941f,C,1498510694,1915277307,1109229589,16529548
6bbc5c6d0962941f,C,1075138287,1337026807,1132692389,1340202179
6bbc5c6d0962941f,C,1748629553,1338966042,175878950,814589002
6bbc5c6d0962941f,D,133148218,1876193392,296955801,572855242
6bbc5c6d0962941f,D,1934204454,904458612,579221015,1499118637
6bbc5c6d0962941f,D,462587746,282757116,1940778255,1287287295
6bbc5c6d0962941f,D,1435819993,230498271,440800337,637051442
6bbc5c6d0962941f,D,1819757977,464207841,1808905498,1172757236
6bbc5c6d0962941f,D,1608657165,523471345,925619834,2140234053
6bbc5c6d0962941f,D,1056573481,1499791426,425238088,1418727777
6bbc5c6d0962941f,D,1904174714,1996550695,2011259438,315239023
6bbc5c6d0962941f,D,1012354515,159463676,1188196506,806944335
6bbc5c6d0962941f,D,1455348154,163098808,1576569055,1381931700
6bbc5c6d0962941f,D,1800317949,28431107,33682031,343502516
6bbc5c6d0962941f,D,1029946189,1698266323,1258609537,316598561
6bbc5c6d0962941f,D,1174833421,2022239781,808931509,1709066269
6bbc5c6d0962941f,D,473135932,1084892564,1656280444,2110726483
6bbc5c6d0962941f,D,544936700,1944056818,392301321,1181554712
6bbc5c6d0962941f,D,306996673,559234343,891136421,1920037678
6bbc5c6d0962941f,D,2142032885,1313597039,1329849173,200193134
6bbc5c6d0962941f,D,856110016,824503786,1579630321,1930726030
6bbc5c6d0962941f,D,1883488962,1140239481,585756527,1919318585
6bbc5c6d0962941f,D,1585079144,604298420,595016622,1371139373
6bbc5c6d0962941f,D,555155514,98483602,319781010,1759950823
6bbc5c6d0962941f,D,516933430,1296864260,290213964,1016035755
6bbc5c6d0962941f,D,2026079545,719173669,1185463268,1891467348
6bbc5c6d0962941f,D,250281489,682759735,282679802,1297135589
6bbc5c6d0962941f,D,133595233,2102401945,616884230,1156351946
6bbc5c6d0962941f,D,161044491,1631751158,1113217353,995232048
6bbc5c6d0962941f,D,2139322195,1365697728,2121862365,592968978
6bbc5c6d0962941f,D,189905600,389485600,1171477849,254308190
6bbc5c6d0962941f,D,1423873079,1413753836,389012373,906992947
6bbc5c6d0962941f,D,1569451965,1484815524,1241414779,1284711357
6bbc5c6d0962941f,E,1166120138,1783322933,1973409445,1669519737
6bbc5c6d0962941f,E,751202867,1430846772,1770902733,2141504270
6bbc5c6d0962941f,E,586019259,35619342,1621588261,2107821362
6bbc5c6d0962941f,E,240434460,1902097567,1720625615,1729852481
6bbc5c6d0962941f,E,146784421,1895740108,841301237,1296419104
6bbc5c6d0962941f,E,1633951740,1133016345,428009575,487419904
6bbc5c6d0962941f,E,670861880,473793237,218222557,498272012
6bbc5c6d0962941f,E,1026323324,1481784173,590108108,337836516
6bbc5c6d0962941f,E,1155048781,124147380,2018103546,1945147159
6bbc5c6d0962941f,E,1107856626,1992351239,729696950,2003938507
6bbc5c6d0962941f,E,78028322,994560725,390308258,45073176
6bbc5c6d0962941f,E,694181352,1339812355,1877974994,165642574
6bbc5c6d0962941f,E,1733668874,1785076479,1982340221,1747430607
6bbc5c6d0962941f,E,1331777236,1545906469,2107005316,711631009
6bbc5c6d0962941f,E,1015084547,441050786,2064113332,1295066753
6bbc5c6d0962941f,E,108920622,1838390994,1909573569,217329880
6bbc5c6d0962941f,E,714658119,1424497528,598686314,1474874036
6bbc5c6d0962941f,E,1078874757,2091358338,1915637213,483648396
6bbc5c6d0962941f,E,1246704794,373740105,1691539785,1759091366
6bbc5c6d0962941f,E,1914023267,919255834,1394258323,798673185
6bbc5c6d0962941f,E,138654088,1472659825,448724475,189805448
6bbc5c6d0962941f,E,1226300294,1847715179,1914048305,647137937
6bbc5c6d0962941f,E,813440861,1560814483,1504212254,2005406048
6bbc5c6d0962941f,E,1409441880,2067598338,1425650262,1694306723
6bbc5c6d0962941f,E,1361313092,562988129,267370686,526544504
6bbc5c6d0962941f,E,1935998370,582542973,1647294080,320230976
6bbc5c6d0962941f,E,993177249,2014928672,1168124630,1132949017
6bbc5c6d0962941f,E,971852934,2126955279,1398146755,732763875
6bbc5c6d0962941f,E,462490764,186267201,1182743360,1718663517
6bbc5c6d0962941f,E,399569100,1035914175,1786257348,200233169
6bbc5c6d0962941f,F,1285404270,2105294285,1380590978,1096293177
6bbc5c6d0962941f,F,1585735105,306137963,1807857780,1330169181
6bbc5c6d0962941f,F,928871453,1731481180,254381189,810133665
6bbc5c6d0962941f,F,1376414925,341839408,1439065023,579349205
6bbc5c6d0962941f,F,1095436547,1006803627,683635029,588328791
6bbc5c6d0962941f,F,2037523674,1917180644,393496487,1000885813
6bbc5c6d0962941f,F,948626968,1326211294,1195744897,58282413
6bbc5c6d0962941f,F,98919240,1542203962,986592359,488450623
6bbc5c6d0962941f,F,1299552950,874315882,1558988853,2127695039
6bbc5c6d0962941f,F,381622960,2051657151,1996850084,902184637
6bbc5c6d0962941f,F,1686292848,1881318037,1139996891,1287742471
6bbc5c6d0962941f,F,1058623298,1415982056,1684673388,810736313
6bbc5c6d0962941f,F,790915078,612745936,750589074,1789715289
6bbc5c6d0962941f,F,1901409839,1687928775,83221341,1662123492
6bbc5c6d0962941f,F,1495990456,501827444,644201057,226817585
6bbc5c6d0962941f,F,750642236,951168028,1088351180,513199367
6bbc5c6d0962941f,F,1902228021,295697375,1954073372,587388598
6bbc5c6d0962941f,F,266941389,874825604,627255517,487834845
6bbc5c6d0962941f,F,1095916462,1129957256,193517240,1671053952
6bbc5c6d0962941f,F,38720567,1619573155,762983948,1852327586
6bbc5c6d0962941f,F,1746081567,941039824,477160766,1113987307
6bbc5c6d0962941f,F,592977892,375395883,939147974,284532500
6bbc5c6d0962941f,F,1924481918,2101781622,1924121382,1353843730
6bbc5c6d0962941f,F,1114932695,1772166690,911724402,1124684018
6bbc5c6d0962941f,F,1856229373,1370263821,1033711675,211793622
6bbc5c6d0962941f,F,929209193,1752137868,161023892,544052267
6bbc5c6d0962941f,F,955310579,1231162384,185902559,163038241
6bbc5c6d0962941f,F,1460431451,10310571,1400259675,619588716
6bbc5c6d0962941f,F,739889434,1638426186,2060548704,1415486020
6bbc5c6d0962941f,F,1088923697,1390198074,816596538,2145579636
6bbc5c6d0962941f,G,2095870050,105227395,699926734,988699990
6bbc5c6d0962941f,G,1112783504,578743557,617984956,1699438354
6bbc5c6d0962941f,G,1918639543,708754349,1672296204,1466902430
6bbc5c6d0962941f,G,213933075,207475615,440143635,1779085820
6bbc5c6d0962941f,G,1681490484,1604374077,924093622,186966307
6bbc5c6d0962941f,G,2087261569,1569158161,2166315,2038897844
6bbc5c6d0962941f,G,719924437,1577262786,959694261,1375206816
6bbc5c6d0962941f,G,1306167042,1399379224,619119120,1518893797
6bbc5c6d0962941f,G,418664452,1087838430,1982184503,1164927926
6bbc5c6d0962941f,G,649849316,823028597,1271729333,1297364632
6bbc5c6d0962941f,G,1934885173,244418181,138419417,1585266344
6bbc5c6d0962941f,G,536960094,1683136994,1473808319,694514318
6bbc5c6d0962941f,G,1713830406,1816323045,1823364165,1543816454
6bbc5c6d0962941f,G,1220683958,572088705,320491645,2113200844
6bbc5c6d0962941f,G,1824303644,1954999826,1373278384,997278743
6bbc5c6d0962941f,G,1449272309,1748499002,314785076,1059499068
6bbc5c6d0962941f,G,893021792,1483465183,720229544,2003427271
6bbc5c6d0962941f,G,2005037840,1354047824,631128976,1229038632
6bbc5c6d0962941f,G,575271415,449711766,421752111,922962898
6bbc5c6d0962941f,G,615758945,243024906,429473138,1359759967
6bbc5c6d0962941f,G,173647288,1563050737,1735734138,858243105
6bbc5c6d0962941f,G,419082629,1562355239,1484441200,1736984240
6bbc5c6d0962941f,G,1569320305,996176749,116541774,1596980781
6bbc5c6d0962941f,G,481105816,2107533701,645768189,657891039
6bbc5c6d0962941f,G,383982950,217154507,1150073478,1209521681
6bbc5c6d0962941f,G,169844205,702846827,1078223497,1492280048
6bbc5c6d0962941f,G,842223578,199387212,494957656,1776725170
6bbc5c6d0962941f,G,1796878899,370745102,636117573,1530958788
6bbc5c6d0962941f,G,1365954422,2033177064,1170281019,493599083
6bbc5c6d0962941f,G,1574313023,743798764,1759608866,364532937
6bbc5c6d0962941f,H,377915029,817452453,805363480,1519486932
6bbc5c6d0962941f,H,1575007539,596305232,1101440110,1032800163
6bbc5c6d0962941f,H,900999870,860433594,926663899,1954203363
6bbc5c6d0962941f,H,410944773,240592318,880832606,940502612
6bbc5c6d0962941f,H,1932984588,840467498,1995330547,1019527673
6bbc5c6d0962941f,H,1877965914,853315486,195079444,1979151646
6bbc5c6d0962941f,H,1027784320,1567033357,1066453956,66519803
6bbc5c6d0962941f,H,213153239,25255171,843109968,1639866223
6bbc5c6d0962941f,H,1584541269,1073511163,1650259307,645182650
6bbc5c6d0962941f,H,412923194,424347663,782939480,536448466
6bbc5c6d0962941f,H,865507712,1942400192,1290809724,2002260982
6bbc5c6d0962941f,H,2064298487,718831272,1695680779,1309420293
6bbc5c6d0962941f,H,923478176,955737209,1901443440,508681254
6bbc5c6d0962941f,H,1098715136,1032783448,951275899,1810343836
6bbc5c6d0962941f,H,340099228,2058567824,1158629229,357658742
6bbc5c6d0962941f,H,1584894136,2103881352,447617012,1867740971
6bbc5c6d0962941f,H,981364197,196179956,2106598478,1997249171
6bbc5c6d0962941f,H,1936406699,994346389,846005399,1002612646
6bbc5c6d0962941f,H,1781018361,150000654,2005883842,761100710
6bbc5c6d0962941f,H,1247462186,1482325333,1686519207,2010027222
6bbc5c6d0962941f,H,117058477,1642921179,1046469344,623468831
6bbc5c6d0962941f,H,1212316376,392047370,805685138,1867181684
6bbc5c6d0962941f,H,1599084653,1266838858,715350527,1688515620
6bbc5c6d0962941f,H,283709268,94605075,2104794600,1366793081
6bbc5c6d0962941f,H,1187509064,1468410433,1084558249,204590601
6bbc5c6d0962941f,H,108880405,130002357,1554054432,1551396437
6bbc5c6d0962941f,H,831208245,297695013,1256749883,895371660
6bbc5c6d0962941f,H,240885013,1324324478,1410047682,783630131
6bbc5c6d0962941f,H,909546016,1014428243,754447920,958297502
6bbc5c6d0962941f,H,1826877977,2080422160,1861991312,858441650
6bbc5c6d0962941f,I,1499680846,740528528,20419453,1151379575
6bbc5c6d0962941f,I,1522429408,984175604,207722086,1453814983
6bbc5c6d0962941f,I,1833016168,131343105,562188614,1627235507
6bbc5c6d0962941f,I,761928798,568102400,484355309,1488529753
6bbc5c6d0962941f,I,1258838384,143671592,1422932023,1988372093
6bbc5c6d0962941f,I,2095264910,555914662,158895349,1143749409
6bbc5c6d0962941f,I,96368392,1139553920,2011482681,1448152158
6bbc5c6d0962941f,I,430617318,1054610560,1147158711,907850761
6bbc5c6d0962941f,I,581839415,658575143,843144275,374853528
6bbc5c6d0962941f,I,1721405359,727260696,1040090354,231282561
6bbc5c6d0962941f,I,1757345676,1669509289,1354078274,1509223119
6bbc5c6d0962941f,I,1483330565,2007251979,155921099,85552896
6bbc5c6d0962941f,I,1147438751,40365684,1239601736,1701167665
6bbc5c6d0962941f,I,2136169439,679193703,727572147,1991841834
6bbc5c6d0962941f,I,2112043433,1618897386,149718008,1890666442
6bbc5c6d0962941f,I,2095492786,23630701,759967192,1733803072
6bbc5c6d0962941f,I,883386717,581680981,1880838868,1409490882
6bbc5c6d0962941f,I,205987372,1485650380,1414393657,107946144
6bbc5c6d0962941f,I,74240751,673338315,970425146,206293056
6bbc5c6d0962941f,I,619589920,1150314847,350875766,1452645899
6bbc5c6d0962941f,I,94642904,1073741071,1520533862,2057816607
6bbc5c6d0962941f,I,2096227829,1700092466,623744420,1796152340
6bbc5c6d0962941f,I,51571482,1547845142,2039604496,2242818
6bbc5c6d0962941f,I,1261192380,896284998,1311601383,1423783892
6bbc5c6d0962941f,I,1496672256,1054193875,621076026,1598296515
6bbc5c6d0962941f,I,1817039100,1020381967,348270706,1420734001
6bbc5c6d0962941f,I,382518585,204800368,1206837525,1359919898
6bbc5c6d0962941f,I,464972879,825303125,445586478,280993948
6bbc5c6d0962941f,I,165780210,521182530,536655762,1568934313
6bbc5c6d0962941f,I,1000086870,867708287,263732221,1923440300
6bbc5c6d0962941f,J,535470623,266577683,135194421,879853119
6bbc5c6d0962941f,J,825326749,1036470431,1814969681,2096874408
6bbc5c6d0962941f,J,344050209,1390751187,1126653630,1083385791
6bbc5c6d0962941f,J,651922538,561240992,1215604609,1650503389
6bbc5c6d0962941f,J,1803118459,1040513398,472544937,1734047979
6bbc5c6d0962941f,J,1376275214,1458637674,1846988539,1358781329
6bbc5c6d0962941f,J,1370151850,196600348,1024905608,212329708
6bbc5c6d0962941f,J,904034295,613799222,1209393319,603267902
6bbc5c6d0962941f,J,1788193739,1458851420,1918719456,827108116
6bbc5c6d0962941f,J,1422174808,96284982,85627472,2039540120
6bbc5c6d0962941f,J,1492988706,529116367,243308918,117937669
6bbc5c6d0962941f,J,399164891,434749571,302563509,1930187893
6bbc5c6d0962941f,J,425867163,1556360143,1904563237,2124595749
6bbc5c6d0962941f,J,705306102,1071084729,31479984,1145359452
6bbc5c6d0962941f,J,1080462786,1896041251,2018727690,838002298
6bbc5c6d0962941f,J,760715423,460157755,2046574425,1373023989
6bbc5c6d0962941f,J,242084262,1003063085,1142911741,860135188
6bbc5c6d0962941f,J,507518835,386795190,594646290,440016901
6bbc5c6d0962941f,J,1225887403,1014983390,2087901767,1258655259
6bbc5c6d0962941f,J,621929978,2092523932,1800079745,452732285
6bbc5c6d0962941f,J,2079108802,1364656867,660200730,907351862
6bbc5c6d0962941f,J,338619583,554928844,46249748,260201015
6bbc5c6d0962941f,J,1815148083,465394521,402797701,373270015
6bbc5c6d0962941f,J,1905287018,1773295000,2106586567,1906028737
6bbc5c6d0962941f,J,473993486,1012912052,15251449,1677532324
6bbc5c6d0962941f,J,1319395767,1634254477,701611629,2043384845
6bbc5c6d0962941f,J,1708297326,1409323755,927362723,1414217729
6bbc5c6d0962941f,J,423665200,320388420,1304134575,217076071
6bbc5c6d0962941f,J,2037247255,1807844836,2008341018,335953484
6bbc5c6d0962941f,J,1414049824,375244280,870910700,195533021
6bbc5c6d0962941f,K,901849018,1377861576,269034007,774998891
6bbc5c6d0962941f,K,1245454645,1663429425,802709670,1976249662
6bbc5c6d0962941f,K,396746571,1204893694,770242609,859876944
6bbc5c6d0962941f,K,154629696,1390558495,330663438,865280162
6bbc5c6d0962941f,K,537113084,584836646,1371840866,2011281916
6bbc5c6d0962941f,K,292758310,538646131,2117995595,2080061215
6bbc5c6d0962941f,K,1291502284,1600035358,436341278,1940263269
6bbc5c6d0962941f,K,1266742395,1252827309,971721599,1352673701
6bbc5c6d0962941f,K,314985204,185325273,1384783984,691936858
6bbc5c6d0962941f,K,1341961676,240637423,1854214607,323981085
6bbc5c6d0962941f,K,1373246972,1191257229,2087054490,1894124315
6bbc5c6d0962941f,K,1231336701,817125387,91874706,353708846
6bbc5c6d0962941f,K,420869015,1755853914,166251592,1977722693
6bbc5c6d0962941f,K,1346287654,1859344539,769153870,648562513
6bbc5c6d0962941f,K,967905049,1863825756,545249079,1759925582
6bbc5c6d0962941f,K,541741018,118149978,1432899758,1892157909
6bbc5c6d0962941f,K,1323273214,888140522,159456972,1337658759
6bbc5c6d0962941f,K,333340306,35938233,2035230769,1586924304
6bbc5c6d0962941f,K,412456273,763928625,1111063371,628947096
6bbc5c6d0962941f,K,218109841,1546268115,130328788,1531572248
6bbc5c6d0962941f,K,1477962157,137100047,399484441,490408310
6bbc5c6d0962941f,K,1550224017,582464431,853526003,380075010
6bbc5c6d0962941f,K,1534557983,986619785,259029565,86289995
6bbc5c6d0962941f,K,1429102508,296041228,1920565590,1142098719
6bbc5c6d0962941f,K,1776449878,2083577776,607828695,706338896
6bbc5c6d0962941f,K,1783838936,211270799,800904883,734229749
6bbc5c6d0962941f,K,1342462923,71651038,983221531,207256316
6bbc5c6d0962941f,K,832349167,5364613,288634053,693593367
6bbc5c6d0962941f,K,598046753,225612976,609177288,1336803691
6bbc5c6d0962941f,K,1313311778,1557507870,878219915,1303433156
6bbc5c6d0962941f,L,561993910,894506393,1296867900,825386027
6bbc5c6d0962941f,L,1934517875,1473851773,62043481,1441565142
6bbc5c6d0962941f,L,1943224447,1346411397,1738435830,1244670548
6bbc5c6d0962941f,L,1645973248,1534853860,251922307,937002555
6bbc5c6d0962941f,L,300488910,2144457775,1516671224,1318784682
6bbc5c6d0962941f,L,398960222,283502573,684532201,736681257
6bbc5c6d0962941f,L,1078850455,1489122155,1204162449,1543886495
6bbc5c6d0962941f,L,215403520,1093735694,752922510,163648067
6bbc5c6d0962941f,L,692100219,2111852223,1056484627,55247832
6bbc5c6d0962941f,L,105728735,531881990,824285140,1504061727
6bbc5c6d0962941f,L,1554693686,825041070,163293742,1699954860
6bbc5c6d0962941f,L,520461859,919749433,1414355316,535294349
6bbc5c6d0962941f,L,211350496,1972906474,467755607,1655144810
6bbc5c6d0962941f,L,854040116,1847632313,636587843,1642626021
6bbc5c6d0962941f,L,318359886,1876194220,352532304,1551718470
6bbc5c6d0962941f,L,819887424,1357631361,216387008,1770235685
6bbc5c6d0962941f,L,1463204339,2040733513,704172983,68401235
6bbc5c6d0962941f,L,1393681513,1596596403,2073695296,1500022641
6bbc5c6d0962941f,L,964239639,1124581374,321649956,1551589301
6bbc5c6d0962941f,L,1941609059,2029398552,1996461377,1828640638
6bbc5c6d0962941f,L,1361732259,1183980139,575613173,727101799
6bbc5c6d0962941f,L,1437621918,1032827765,1040083570,1184586450
6bbc5c6d0962941f,L,951153538,86918967,78986149,1705912968
6bbc5c6d0962941f,L,227115467,223110190,1165017128,1130761605
6bbc5c6d0962941f,L,60337594,963686024,1286538603,573295402
6bbc5c6d0962941f,L,242734132,2093528229,1551856995,1312582140
6bbc5c6d0962941f,L,1367262737,1114941129,535234143,18539594
6bbc5c6d0962941f,L,2102832846,554941183,1814995442,357573520
6bbc5c6d0962941f,L,2042864077,476033013,1763454271,1382084794
6bbc5c6d0962941f,L,1039330060,591740882,695111460,1107161415
ca7d66c1b4fdf120,A,448415094,1556674565,518002174,2124357960
ca7d66c1b4fdf120,A,1258696868,1068909367,655416053,774036139
ca7d66c1b4fdf120,A,84036296,1693015610,612189801,103871576
ca7d66c1b4fdf120,A,162013143,146381552,1558674906,2041039677
ca7d66c1b4fdf120,A,1727738552,33832319,525539971,1183174988
ca7d66c1b4fdf120,A,1010121304,443865954,1458826471,453534952
ca7d66c1b4fdf120,A,1718717104,563168592,583722407,198104836
ca7d66c1b4fdf120,A,1681057033,1917485000,1715202447,1954615600
ca7d66c1b4fdf120,A,1560355246,700366723,2049670812,614938976
ca7d66c1b4fdf120,A,486067868,154080900,303811215,443370345
ca7d66c1b4fdf120,A,1935441752,1486403893,363538566,519513768
ca7d66c1b4fdf120,A,1313682014,1435116085,713041395,767020346
ca7d66c1b4fdf120,A,1815305807,1954966406,736853372,700649478
ca7d66c1b4fdf120,A,736409154,2053900684,761130975,1943407712
ca7d66c1b4fdf120,A,697547804,1427570222,2112138217,1949019900
ca7d66c1b4fdf120,A,1245547682,46151028,1775732358,152454059
ca7d66c1b4fdf120,A,2050320941,980307957,1132663554,816268642
ca7d66c1b4fdf120,A,2100699675,1675786049,1110405488,526005639
ca7d66c1b4fdf120,A,376058195,1518089067,73124273,882415509
ca7d66c1b4fdf120,A,196712662,43505357,1093594397,372185527
ca7d66c1b4fdf120,A,1477688252,567616848,112107556,3354357
ca7d66c1b4fdf120,A,573183625,179448593,605509410,843139522
ca7d66c1b4fdf120,A,1264836673,1845418090,2079738818,1576386469
ca7d66c1b4fdf120,A,1586762718,214105961,2033864147,1521051566
ca7d66c1b4fdf120,A,316540240,1452226793,284899739,1516152033
ca7d66c1b4fdf120,A,1348637266,866690065,2017504660,1025512782
ca7d66c1b4fdf120,A,1252022071,1333054861,436955395,1650846802
ca7d66c1b4fdf120,A,813410362,1354361350,760129003,1171086020
ca7d66c1b4fdf120,A,908520651,357608510,324166489,41775556
ca7d66c1b4fdf120,A,280427709,1391626939,1158455395,79222558
ca7d66c1b4fdf120,B,237066385,1478071714,1725322900,1228806377
ca7d66c1b4fdf120,B,2106879820,1460495030,1144244033,507499555
ca7d66c1b4fdf120,B,1874518320,1495508361,391333306,499824064
ca7d66c1b4fdf120,B,123553477,216852247,888584061,2013831500
ca7d66c1b4fdf120,B,1075643780,61779251,2104774505,1399568779
ca7d66c1b4fdf120,B,273776605,1023005069,1285037716,1150542590
ca7d66c1b4fdf120,B,611811459,2067429958,1901563520,1272579736
ca7d66c1b4fdf120,B,541240522,1671794071,729209502,1479460475
ca7d66c1b4fdf120,B,1086620853,571566599,1605400319,304440974
ca7d66c1b4fdf120,B,1073413794,55279432,2107881290,1542133302
ca7d66c1b4fdf120,B,965685538,278087538,1124150371,1904057284
ca7d66c1b4fdf120,B,167191084,834103655,1165672401,1394035839
ca7d66c1b4fdf120,B,233134400,2063911687,1391567462,158113959
ca7d66c1b4fdf120,B,1526861136,1764472529,928788835,1241332850
ca7d66c1b4fdf120,B,319986609,2041687138,310364065,1055415576
ca7d66c1b4fdf120,B,1239848817,365701905,1455580109,1973889430
ca7d66c1b4fdf120,B,942759546,394526440,2003790993,326381976
ca7d66c1b4fdf120,B,1437576131,809354053,209995541,909109493
ca7d66c1b4fdf120,B,766524812,1098550305,791669294,1697495917
ca7d66c1b4fdf120,B,308352460,455028559,1851875351,276236606
ca7d66c1b4fdf120,B,1838554107,753941792,708870627,1607105574
ca7d66c1b4fdf120,B,719134242,1057154765,1325810284,384105465
ca7d66c1b4fdf120,B,1166047962,1308635091,1158434765,290283462
ca7d66c1b4fdf120,B,1272294889,990064269,977153944,1296381579
ca7d66c1b4fdf120,B,1205143020,1862998899,642705294,506209794
ca7d66c1b4fdf120,B,1917903022,1925919586,1570485517,848341897
ca7d66c1b4fdf120,B,340669319,1380325072,46113337,1306651387
ca7d66c1b4fdf120,B,2003276901,289816338,2056818456,928766249
ca7d66c1b4fdf120,B,1925317327,1703656299,151508940,1018952632
ca7d66c1b4fdf120,B,1778386418,1332643525,754884701,1102457516
ca7d66c1b4fdf120,C,1864911277,474238213,1944735418,1201830561
ca7d66c1b4fdf120,C,618076026,1544898839,729927147,1400909755
ca7d66c1b4fdf120,C,541217426,1648023959,42513208,427074753
ca7d66c1b4fdf120,C,1491733269,666248419,1522114000,1505447848
ca7d66c1b4fdf120,C,69215994,2041522927,235248260,374409428
ca7d66c1b4fdf120,C,1723463953,378917910,116556096,1790278977
ca7d66c1b4fdf120,C,259688269,332545080,1329490567,1911815618
ca7d66c1b4fdf120,C,124921671,630843893,2081353851,535801119
ca7d66c1b4fdf120,C,429625260,66099842,1931522941,927488548
ca7d66c1b4fdf120,C,208414001,1013624345,535231937,1058636771
ca7d66c1b4fdf120,C,316982658,437512886,297838103,1398270002
ca7d66c1b4fdf120,C,1187170807,442525970,48338335,1117153319
ca7d66c1b4fdf120,C,223923259,1728800205,1335701755,195844179
ca7d66c1b4fdf120,C,965538272,713591082,1904218651,1873457860
ca7d66c1b4fdf120,C,1862344259,1658918714,1406783721,1923028232
ca7d66c1b4fdf120,C,988421149,542230347,1275886172,1132684171
ca7d66c1b4fdf120,C,260130569,27922649,1086828863,2108723831
ca7d66c1b4fdf120,C,481410421,1667134889,1963837071,1001942430
ca7d66c1b4fdf120,C,1862025868,2034327957,1811501548,1205233508
ca7d66c1b4fdf120,C,1592564522,1781773627,199528550,803859788
ca7d66c1b4fdf120,C,458367117,651629480,139902742,980579996
ca7d66c1b4fdf120,C,899357934,1814903242,1015509524,346583974
ca7d66c1b4fdf120,C,422576981,452217154,1391989381,1301383785
ca7d66c1b4fdf120,C,2056148112,1175420553,2075832226,169998885
ca7d66c1b4fdf120,C,1506755580,151185323,68186493,1484409191
ca7d66c1b4fdf120,C,925273712,2078106343,1654602197,1857017851
ca7d66c1b4fdf120,C,192650283,1238459535,732680602,1524691887
ca7d66c1b4fdf120,C,2131739304,890967880,980338628,1242800579
ca7d66c1b4fdf120,C,889866948,1392442036,238736879,1502790949
ca7d66c1b4fdf120,C,448048912,1474388801,1266877236,1438947923
ca7d66c1b4fdf120,D,1727904397,1693087770,36356358,2013120023
ca7d66c1b4fdf120,D,459106077,1562676858,87329972,1519194353
ca7d66c1b4fdf120,D,448930763,1889663267,2044987190,1716310660
ca7d66c1b4fdf120,D,122283313,86066230,316750986,1517990330
ca7d66c1b4fdf120,D,32018046,2008561470,1661068275,528489477
ca7d66c1b4fdf120,D,915660903,2014782047,644547963,519529557
ca7d66c1b4fdf120,D,453060282,2137680753,165746673,1149764337
ca7d66c1b4fdf120,D,1524817613,940376026,1510098723,1918009786
ca7d66c1b4fdf120,D,453822657,1626382990,1770094887,511406227
ca7d66c1b4fdf120,D,703787034,1391606678,499691785,817717010
ca7d66c1b4fdf120,D,1765408750,1344082248,1073715941,233433415
ca7d66c1b4fdf120,D,1794193959,354184780,1688787150,615803631
ca7d66c1b4fdf120,D,6927292,661123579,1588762510,541369591
ca7d66c1b4fdf120,D,6946052,678304886,2055757488,947304191
ca7d66c1b4fdf120,D,2015386857,1391866622,969706469,984838923
ca7d66c1b4fdf120,D,1022553518,376933662,1300576541,744766959
ca7d66c1b4fdf120,D,1804198564,1977111098,1232741751,1241214506
ca7d66c1b4fdf120,D,841213696,846253450,1001036473,1147529517
ca7d66c1b4fdf120,D,65217316,750918989,730385060,1585728037
ca7d66c1b4fdf120,D,1010360489,392625871,1646585161,800952662
ca7d66c1b4fdf120,D,1827370307,929283889,1008308163,480350056
ca7d66c1b4fdf120,D,1961487456,324141475,1465300315,1421796220
ca7d66c1b4fdf120,D,1198054681,287700084,1442668607,783998218
ca7d66c1b4fdf120,D,1369034158,1021251736,1991979478,1939616787
ca7d66c1b4fdf120,D,1763682956,1395788475,1567085244,576803272
ca7d66c1b4fdf120,D,56358960,2064219585,1628081523,1442129111
ca7d66c1b4fdf120,D,1965115171,1458478739,1356538899,1368412150
ca7d66c1b4fdf120,D,34858376,613884716,924764381,1117317048
ca7d66c1b4fdf120,D,663039524,131193726,1962998709,270107955
ca7d66c1b4fdf120,D,1953102786,821542242,1044797916,1114010573
ca7d66c1b4fdf120,E,1226054792,1900409600,1767693444,955793952
ca7d66c1b4fdf120,E,1487087482,2080976552,359520957,9534577
ca7d66c1b4fdf120,E,978117090,757198846,1007884534,421341435
ca7d66c1b4fdf120,E,1742863888,1042290738,439899328,684314974
ca7d66c1b4fdf120,E,1860072625,516491959,1701714779,500192198
ca7d66c1b4fdf120,E,1109483490,42165506,209680999,1525500834
ca7d66c1b4fdf120,E,25534779,1283566338,507975354,237319321
ca7d66c1b4fdf120,E,1098324966,473709536,1200243406,882235899
ca7d66c1b4fdf120,E,1403801402,264234268,446935398,1252677395
ca7d66c1b4fdf120,E,115668257,152289129,1906537574,272886522
ca7d66c1b4fdf120,E,1775454631,2057988367,1130622380,1876507425
ca7d66c1b4fdf120,E,1262720060,1049625301,1385470800,259165984
ca7d66c1b4fdf120,E,128051203,1157851392,37244857,1005831203
ca7d66c1b4fdf120,E,1736029351,1930411159,664191994,398626441
ca7d66c1b4fdf120,E,1008458796,742734481,500123862,179205638
ca7d66c1b4fdf120,E,343614642,2084498980,880041438,464839708
ca7d66c1b4fdf120,E,667712032,1760979896,1970225406,2071768617
ca7d66c1b4fdf120,E,2012018574,241243544,182676192,1871201678
ca7d66c1b4fdf120,E,391280544,1752253108,399269264,1380900814
ca7d66c1b4fdf120,E,127865525,1940153928,574086519,1171227049
ca7d66c1b4fdf120,E,81183866,345394567,354470020,1358191665
ca7d66c1b4fdf120,E,2510317,1113516346,1879424839,823793447
ca7d66c1b4fdf120,E,1906508476,722658373,63570735,748702926
ca7d66c1b4fdf120,E,576859206,578606701,1102748520,1587011139
ca7d66c1b4fdf120,E,1357686502,1621703066,548627989,1696765912
ca7d66c1b4fdf120,E,1978105012,946396356,43266989,473532479
ca7d66c1b4fdf120,E,1806840542,768887676,252773121,724429747
ca7d66c1b4fdf120,E,533564721,651819840,2084087984,1634665391
ca7d66c1b4fdf120,E,1276830672,1231036821,1877267239,1956493660
ca7d66c1b4fdf120,E,1954694510,1464021489,1622659344,172450352
ca7d66c1b4fdf120,F,797071568,764522996,1269270468,1295630095
ca7d66c1b4fdf120,F,1723711660,1147603358,23374131,953427732
ca7d66c1b4fdf120,F,1182377289,1211391864,472088381,702998049
ca7d66c1b4fdf120,F,458761718,1586756026,12098540,1119618131
ca7d66c1b4fdf120,F,1196797259,234320090,1754608712,596545549
ca7d66c1b4fdf120,F,493505325,580876409,1734082294,1263269447
ca7d66c1b4fdf120,F,2077104869,888390250,364587421,1814334983
ca7d66c1b4fdf120,F,2010057746,327895943,897027680,540219311
ca7d66c1b4fdf120,F,926821932,1214690628,1322372683,746769470
ca7d66c1b4fdf120,F,66518540,2041707691,837870774,1210754610
ca7d66c1b4fdf120,F,842779910,1403579988,49685087,1438864702
ca7d66c1b4fdf120,F,1885417240,1883309208,1602815863,1784777729
ca7d66c1b4fdf120,F,1722864363,435496701,1640907824,1496758154
ca7d66c1b4fdf120,F,1521675995,43839708,2101535115,814915539
ca7d66c1b4fdf120,F,975473978,1949026215,553684396,1746261055
ca7d66c1b4fdf120,F,842831471,1355266116,1100703334,211811495
ca7d66c1b4fdf120,F,1668657680,347743540,1999150414,1139476599
ca7d66c1b4fdf120,F,594874215,698744069,1076427135,112637984
ca7d66c1b4fdf120,F,51967534,1933450159,52649123,468356373
ca7d66c1b4fdf120,F,2107553880,1373760158,819737182,1202926838
ca7d66c1b4fdf120,F,894205025,703585174,1170145696,348194690
ca7d66c1b4fdf120,F,1591063595,1704218492,1281421686,1371409833
ca7d66c1b4fdf120,F,540030621,1885807103,1836421248,804011605
ca7d66c1b4fdf120,F,598186493,152671379,95101353,436214216
ca7d66c1b4fdf120,F,227042973,1782895496,332296435,583898650
ca7d66c1b4fdf120,F,1589618575,1268926442,812708385,642041046
ca7d66c1b4fdf120,F,1884476261,832590887,1493163777,1846943256
ca7d66c1b4fdf120,F,891140711,2075101895,1716443147,328266436
ca7d66c1b4fdf120,F,1584039255,79865784,1980413963,1459792578
ca7d66c1b4fdf120,F,948532885,1545149508,1689333357,422957067
ca7d66c1b4fdf120,G,1545569171,367873024,1948368804,1544178743
ca7d66c1b4fdf120,G,2050181840,1539560331,869187346,1387928538
ca7d66c1b4fdf120,G,723652263,149430483,660901481,745666483
ca7d66c1b4fdf120,G,2096763371,1209181788,846309643,210078436
ca7d66c1b4fdf120,G,631570843,1875195096,1256771072,930579024
ca7d66c1b4fdf120,G,1497242901,203142920,889553339,241220432
ca7d66c1b4fdf120,G,1564039472,1010085092,923010477,2093686597
ca7d66c1b4fdf120,G,1690517792,483224946,116203350,1142787340
ca7d66c1b4fdf120,G,1402757403,1961554382,1193154374,1960438954
ca7d66c1b4fdf120,G,1515793209,1758682060,2063377632,1417288462
ca7d66c1b4fdf120,G,1446698484,1140699039,278741790,89367364
ca7d66c1b4fdf120,G,258310327,1811973087,238660951,2074938491
ca7d66c1b4fdf120,G,879175155,1414369726,702208375,1764131763
ca7d66c1b4fdf120,G,1947238017,1821412372,1008571525,1487758397
ca7d66c1b4fdf120,G,2016593683,1726712861,1533831054,1611675456
ca7d66c1b4fdf120,G,1758232849,398770166,1813768721,252127295
ca7d66c1b4fdf120,G,172507764,2086679191,2055149769,268493129
ca7d66c1b4fdf120,G,1194952976,507295431,2062060536,845740287
ca7d66c1b4fdf120,G,111282514,1469389715,1390673707,1512033477
ca7d66c1b4fdf120,G,1257241410,166038694,221243532,1844459690
ca7d66c1b4fdf120,G,932646787,190129607,2122266515,1052814511
ca7d66c1b4fdf120,G,1962659783,160708945,1767256039,927789002
ca7d66c1b4fdf120,G,936079786,419709501,190230099,506086453
ca7d66c1b4fdf120,G,524358112,107408016,835629433,1123196324
ca7d66c1b4fdf120,G,345870232,207461930,1088672342,209826995
ca7d66c1b4fdf120,G,35331300,554768895,676935244,2057795330
ca7d66c1b4fdf120,G,65627224,2096473091,475207164,473826396
ca7d66c1b4fdf120,G,196504147,2077318305,1607397811,247905214
ca7d66c1b4fdf120,G,2086047842,1508620126,1830569636,1844667313
ca7d66c1b4fdf120,G,747218779,1892576488,614475816,1992503820
ca7d66c1b4fdf120,H,970689233,1622394408,1737286286,1210063512
ca7d66c1b4fdf120,H,212900836,308829217,1002678588,1204852133
ca7d66c1b4fdf120,H,1679618156,1979232527,842100076,1292608942
ca7d66c1b4fdf120,H,1560382267,1104105016,730059587,1300502357
ca7d66c1b4fdf120,H,533450687,1284760673,1410260999,1966455399
ca7d66c1b4fdf120,H,461953100,843070827,1806645098,659378067
ca7d66c1b4fdf120,H,1496401327,257190378,2012131143,982373460
ca7d66c1b4fdf120,H,940032126,921384436,1811070367,910015693
ca7d66c1b4fdf120,H,240387810,386617133,1671155755,438580391
ca7d66c1b4fdf120,H,268570367,669038525,2058402308,781866849
ca7d66c1b4fdf120,H,1410584524,2144099186,293775838,2131516536
ca7d66c1b4fdf120,H,1205798005,815961588,1555213338,847498327
ca7d66c1b4fdf120,H,1183608171,1746700463,716981691,1119676194
ca7d66c1b4fdf120,H,651846585,408646115,392259712,697759425
ca7d66c1b4fdf120,H,444219483,831774730,1420001510,1763083241
ca7d66c1b4fdf120,H,1634169794,491340436,518086675,1882976093
ca7d66c1b4fdf120,H,532441798,2132661692,1021183183,643209139
ca7d66c1b4fdf120,H,692049941,1391166443,675209099,744724857
ca7d66c1b4fdf120,H,927324896,838765522,58165106,1373417805
ca7d66c1b4fdf120,H,585885778,625214403,1759932351,2003739996
ca7d66c1b4fdf120,H,313203601,332593493,179175571,1413560300
ca7d66c1b4fdf120,H,812728430,213447847,1027493903,613720041
ca7d66c1b4fdf120,H,575391538,607613235,246669434,262758962
ca7d66c1b4fdf120,H,1201097301,1777991028,868707140,315775919
ca7d66c1b4fdf120,H,737360525,1061057654,716905038,1192702560
ca7d66c1b4fdf120,H,1187376265,1127756253,1700381145,581677941
ca7d66c1b4fdf120,H,1432509070,182558703,344511482,1744774790
ca7d66c1b4fdf120,H,1236695810,633402689,329641112,42657100
ca7d66c1b4fdf120,H,1108172504,58521965,1043256731,1480838857
ca7d66c1b4fdf120,H,1470147462,1818903498,1130505798,1433080754
ca7d66c1b4fdf120,I,561920642,56049761,405449005,1742982032
ca7d66c1b4fdf120,I,1271021194,1613692102,98321440,158266766
ca7d66c1b4fdf120,I,443736903,1925234703,1196511348,454470146
ca7d66c1b4fdf120,I,1430878223,887096424,1711114035,1485229122
ca7d66c1b4fdf120,I,1189942255,1980645432,307441720,1655421622
ca7d66c1b4fdf120,I,1330345215,1981678971,321263732,1051416812
ca7d66c1b4fdf120,I,1855025892,685500372,480410020,1782285117
ca7d66c1b4fdf120,I,1561394077,1135433231,98069144,120023413
ca7d66c1b4fdf120,I,1501108466,727911187,968352078,188846150
ca7d66c1b4fdf120,I,907106912,919364309,1999905480,1406233471
ca7d66c1b4fdf120,I,1467639569,454805519,1693928928,1876069606
ca7d66c1b4fdf120,I,1073331492,411368587,281029695,2067777882
ca7d66c1b4fdf120,I,1171281986,1368113736,1163152128,1648502469
ca7d66c1b4fdf120,I,1611640427,812211586,646490356,1842741966
ca7d66c1b4fdf120,I,202663673,608988096,1746913654,136235379
ca7d66c1b4fdf120,I,932929041,1399632289,1014919719,1619146174
ca7d66c1b4fdf120,I,1968068521,1322649419,1281009600,109313552
ca7d66c1b4fdf120,I,999078679,1062988594,960627200,12934236
ca7d66c1b4fdf120,I,2145256621,1738894958,337188626,1707782411
ca7d66c1b4fdf120,I,1481461648,391779725,1319267823,691449201
ca7d66c1b4fdf120,I,1979123200,2014649188,337353652,1740865139
ca7d66c1b4fdf120,I,848856032,1233746971,1651030622,2055680601
ca7d66c1b4fdf120,I,127820408,1236647080,269970754,979427035
ca7d66c1b4fdf120,I,906906122,532495533,469196663,1927440285
ca7d66c1b4fdf120,I,1227464400,2140172734,128044511,470139361
ca7d66c1b4fdf120,I,234026364,1292866364,1860734627,156669994
ca7d66c1b4fdf120,I,275896306,1062492359,1563299545,1260926651
ca7d66c1b4fdf120,I,1899085105,2098368199,1448289974,67836840
ca7d66c1b4fdf120,I,1939614789,472354828,1569531776,264581716
ca7d66c1b4fdf120,I,210280230,963263556,1815747983,451176408
ca7d66c1b4fdf120,J,331272328,643252843,1861462984,1407500245
ca7d66c1b4fdf120,J,900265426,1788660585,1586510544,349032359
ca7d66c1b4fdf120,J,513518692,1670307699,1252468378,2073680041
ca7d66c1b4fdf120,J,2122219857,1222618127,1710755849,1123091933
ca7d66c1b4fdf120,J,1264952959,886984412,937889624,1674340534
ca7d66c1b4fdf120,J,203526755,738250874,1945860647,201985117
ca7d66c1b4fdf120,J,1809481799,1120160258,878248951,782305511
ca7d66c1b4fdf120,J,1008664788,1572898065,1322074747,619409725
ca7d66c1b4fdf120,J,313039494,365503091,1795368103,1555725374
ca7d66c1b4fdf120,J,2082447225,1915548387,578951307,451111499
ca7d66c1b4fdf120,J,1898610304,2025889369,235336138,488907425
ca7d66c1b4fdf120,J,1213148726,1707598475,505124288,1011316754
ca7d66c1b4fdf120,J,735197482,305774730,2084351820,1091058
ca7d66c1b4fdf120,J,504568616,839299271,253835504,1675631176
ca7d66c1b4fdf120,J,1410178787,429153794,780638112,1163056185
ca7d66c1b4fdf120,J,899148368,133372,75658526,754475282
ca7d66c1b4fdf120,J,1586815332,664306714,837785766,2095942167
ca7d66c1b4fdf120,J,1958074683,259346966,1135895917,266309940
ca7d66c1b4fdf120,J,1663873759,518575460,502478380,390559080
ca7d66c1b4fdf120,J,275595417,719354753,1891033515,1516007347
ca7d66c1b4fdf120,J,1635776678,576496458,1238626007,1909216767
ca7d66c1b4fdf120,J,1324109435,1306606684,169681256,783775126
ca7d66c1b4fdf120,J,2039815530,2007249594,1569885717,1935714451
ca7d66c1b4fdf120,J,822879804,917083257,950717601,2054738553
ca7d66c1b4fdf120,J,3529525,758911252,1920468857,1044732509
ca7d66c1b4fdf120,J,639306143,186056968,1312313265,1335130577
ca7d66c1b4fdf120,J,163519627,425173720,231896070,75761663
ca7d66c1b4fdf120,J,1026859162,1499806953,1750578863,1858463341
ca7d66c1b4fdf120,J,1224495926,219479657,384197302,857134109
ca7d66c1b4fdf120,J,2113293143,278354241,1919590064,1844551236
ca7d66c1b4fdf120,K,1330721507,1209849179,1729070938,2137442537
ca7d66c1b4fdf120,K,311730036,635458307,2098056873,2076860077
ca7d66c1b4fdf120,K,849351170,1747051034,1065277632,2082306031
ca7d66c1b4fdf120,K,1007799215,1283566424,2013945549,2000637634
ca7d66c1b4fdf120,K,1163593136,65121765,728783200,2031439314
ca7d66c1b4fdf120,K,143862447,336543735,164635174,1908135331
ca7d66c1b4fdf120,K,1655229148,300938450,828193199,953460147
ca7d66c1b4fdf120,K,1671017366,2080544257,1204730566,903473873
ca7d66c1b4fdf120,K,2052324764,1781392803,1258653894,444705909
ca7d66c1b4fdf120,K,1637399128,1093935693,1578256436,1453266760
ca7d66c1b4fdf120,K,1212746749,479736060,1801089271,1754173774
ca7d66c1b4fdf120,K,245772298,2106583752,1371000333,481195672
ca7d66c1b4fdf120,K,1342744749,2085090478,67914432,1721122581
ca7d66c1b4fdf120,K,213639902,1153306553,454859561,379910857
ca7d66c1b4fdf120,K,1784510162,708615415,1108096535,465261932
ca7d66c1b4fdf120,K,302482319,1574474775,1719201433,1303721669
ca7d66c1b4fdf120,K,1843226461,439384594,1955893558,2042014428
ca7d66c1b4fdf120,K,201518526,1175353998,903494703,874169894
ca7d66c1b4fdf120,K,1464135537,828920163,390438228,1374091103
ca7d66c1b4fdf120,K,1896419734,993477385,739490468,751512011
ca7d66c1b4fdf120,K,524943763,189883831,133313418,728553256
ca7d66c1b4fdf120,K,1697357242,212743425,1242786256,1057866452
ca7d66c1b4fdf120,K,729145323,1345485055,1910705272,1251623865
ca7d66c1b4fdf120,K,19398347,2021667728,370721022,618249607
ca7d66c1b4fdf120,K,814515423,532421953,858054684,743360584
ca7d66c1b4fdf120,K,1044316307,716267314,1054096673,161024134
ca7d66c1b4fdf120,K,695215534,407067186,764713189,612148605
ca7d66c1b4fdf120,K,735799908,1798755070,1185877531,1149180437
ca7d66c1b4fdf120,K,418549492,508382286,2005899272,1010715117
ca7d66c1b4fdf120,K,80509214,1653047109,871311331,1086626350
ca7d66c1b4fdf120,L,1038299645,727324650,1774576175,534974106
ca7d66c1b4fdf120,L,592162695,737361294,448602758,1627659004
ca7d66c1b4fdf120,L,1574957838,1606418920,2120481696,1566562238
ca7d66c1b4fdf120,L,1400433328,1519664064,409106426,339151872
ca7d66c1b4fdf120,L,665588358,927267383,1973619151,8160103
ca7d66c1b4fdf120,L,1499803657,1077589942,151753179,1391106282
ca7d66c1b4fdf120,L,1986660487,1042387920,1049096302,1183184923
ca7d66c1b4fdf120,L,479412987,1590273734,955930043,196759751
ca7d66c1b4fdf120,L,1555941949,685644756,1416820165,2103773797
ca7d66c1b4fdf120,L,1272465948,1092887505,1824107298,932445171
ca7d66c1b4fdf120,L,1002452772,1627555857,1978923265,556507133
ca7d66c1b4fdf120,L,1497002341,1860549511,1677935757,1932162979
ca7d66c1b4fdf120,L,235994090,207700518,1291028824,393526491
ca7d66c1b4fdf120,L,443205431,86551986,483341543,1787021779
ca7d66c1b4fdf120,L,1396384636,911925304,1800606651,989906214
ca7d66c1b4fdf120,L,1493060808,1944348643,1174411269,2037117734
ca7d66c1b4fdf120,L,401050462,161758892,1771837089,2102706275
ca7d66c1b4fdf120,L,1588613660,1281293269,1394010447,300175650
ca7d66c1b4fdf120,L,1310860436,1190189979,1524401008,72375632
ca7d66c1b4fdf120,L,479285383,429043596,1197992506,1381864320
ca7d66c1b4fdf120,L,1323892941,818056093,1096798204,165483645
ca7d66c1b4fdf120,L,580634463,1324615549,925999592,228730211
ca7d66c1b4fdf120,L,488687322,16430145,1821925259,616601139
ca7d66c1b4fdf120,L,1101592986,1186845478,558027225,124824416
ca7d66c1b4fdf120,L,1507559780,1699908071,1859647068,2127871214
ca7d66c1b4fdf120,L,586463739,1172480756,1305037370,1451506621
ca7d66c1b4fdf120,L,1814391304,1260688670,1830499840,1121519185
ca7d66c1b4fdf120,L,1762142449,1911727557,1743713216,157981780
ca7d66c1b4fdf120,L,885164365,2033809753,1726243443,1728401156
ca7d66c1b4fdf120,L,1259142968,1421051426,1919367899,1004410341
51352c7dbd103ee7,A,933096144,816590401,72988250,207209563
51352c7dbd103ee7,A,1762219120,535498577,1392856126,667482230
51352c7dbd103ee7,A,336248266,1247159728,844361302,1876158695
51352c7dbd103ee7,A,640028342,1576992329,1086219721,1421958721
51352c7dbd103ee7,A,1456992716,1184875011,836865493,1650901912
51352c7dbd103ee7,A,1899250214,1157246196,2020680895,623116211
51352c7dbd103ee7,A,70940624,1019637988,680298689,29581428
51352c7dbd103ee7,A,173734125,141407425,1417335793,887958841
51352c7dbd103ee7,A,848538296,545363922,1464519754,1342673122
51352c7dbd103ee7,A,1407053392,415291755,331060701,767914998
51352c7dbd103ee7,A,1701665840,1556580332,1614091336,1349179164
51352c7dbd103ee7,A,1073766714,1770515104,2035965053,1020814753
51352c7dbd103ee7,A,303569170,1056097450,830072456,1365648981
51352c7dbd103ee7,A,781239403,1492977593,527038130,2089893297
51352c7dbd103ee7,A,58847463,330496389,1661584568,1695294718
51352c7dbd103ee7,A,218752510,1046444,1279187744,27976550
51352c7dbd103ee7,A,1832571102,1329665698,1752625661,323421398
51352c7dbd103ee7,A,2137773926,1258863997,141746061,1966363251
51352c7dbd103ee7,A,993277326,1310036054,971632731,266894372
51352c7dbd103ee7,A,1864262885,1792707866,325749447,1046783823
51352c7dbd103ee7,A,309986394,1846587468,2085027961,1720927584
51352c7dbd103ee7,A,1572781345,340444970,1722885036,646459538
51352c7dbd103ee7,A,1975985261,1893595046,1651918601,594389064
51352c7dbd103ee7,A,757028551,920715716,61446086,725093709
51352c7dbd103ee7,A,1481498341,1588489354,1887328341,1052421794
51352c7dbd103ee7,A,794126874,1850132669,1729952846,2063230154
51352c7dbd103ee7,A,838145238,109687237,1803267739,1757208279
51352c7dbd103ee7,A,1654841849,1165875231,259355288,434918537
51352c7dbd103ee7,A,474109676,1079568932,1001118134,883489830
51352c7dbd103ee7,A,1991102303,883215778,65458093,2064091318
51352c7dbd103ee7,B,700770742,1872459498,2019265738,88899739
51352c7dbd103ee7,B,573673398,477827759,861652163,767090031
51352c7dbd103ee7,B,229569587,456760978,345892625,988414912
51352c7dbd103ee7,B,2107194050,644931463,259429850,1469083521
51352c7dbd103ee7,B,2037373312,779874515,1901420652,816486475
51352c7dbd103ee7,B,1880967575,1689756721,961524786,1125125601
51352c7dbd103ee7,B,1092178760,1665489274,410781083,1382446442
51352c7dbd103ee7,B,1049083276,535190383,1432712160,1774272222
51352c7dbd103ee7,B,1183209052,1586035551,832401275,590694483
51352c7dbd103ee7,B,1753218246,1573680650,505964443,1808589598
51352c7dbd103ee7,B,1046060012,1576142072,2084162558,713962861
51352c7dbd103ee7,B,1085206734,1552683424,499336320,2080682773
51352c7dbd103ee7,B,1728853969,1050653189,357683254,817182021
51352c7dbd103ee7,B,1429324900,934468760,481627944,798184533
51352c7dbd103ee7,B,1401167238,1316529273,755601776,241959026
51352c7dbd103ee7,B,1791392239,190467484,1834124155,62524102
51352c7dbd103ee7,B,2025396445,1386365770,342325505,1856876549
51352c7dbd103ee7,B,2064360074,375566930,1458326977,1488585683
51352c7dbd103ee7,B,984878309,1389567154,2112082325,143473565
51352c7dbd103ee7,B,1576984514,1559241894,48182808,1373246354
51352c7dbd103ee7,B,147167833,637906197,32943299,561471723
51352c7dbd103ee7,B,1851495615,186459416,1000650555,92883468
51352c7dbd103ee7,B,1331466522,1967707391,1827023502,1636040440
51352c7dbd103ee7,B,1625690905,1324379948,1728322297,1525343430
51352c7dbd103ee7,B,1141765376,1926132979,92266168,36746980
51352c7dbd103ee7,B,1896531161,1271416970,962109540,817814313
51352c7dbd103ee7,B,330059365,1481101671,725310242,545638908
51352c7dbd103ee7,B,1823126847,1215935592,1761998963,139067142
51352c7dbd103ee7,B,1792608811,1787906037,1144873228,1744847202
51352c7dbd103ee7,B,1677561624,425151003,1112190034,2036891920
51352c7dbd103ee7,C,1784513791,1601079439,2115449558,1852154279
51352c7dbd103ee7,C,1311016135,875823993,993690491,5792344
51352c7dbd103ee7,C,2047795340,237803799,1016785373,1020039436
51352c7dbd103ee7,C,1626948568,398330117,747107467,2072350742
51352c7dbd103ee7,C,737059599,443672837,281764235,945204503
51352c7dbd103ee7,C,1383258474,1106340269,1948825844,2146008276
51352c7dbd103ee7,C,464198937,478056936,535333103,1690985738
51352c7dbd103ee7,C,1433730201,722382703,1490900420,955151743
51352c7dbd103ee7,C,918540380,1586017086,1066133465,1210559481
51352c7dbd103ee7,C,1962524071,1721616054,301042548,1000141459
51352c7dbd103ee7,C,1679921746,1204789424,696571777,1487763737
51352c7dbd103ee7,C,1530723710,590186492,1328227036,393992747
51352c7dbd103ee7,C,839722231,766221461,1137537880,1667713890
51352c7dbd103ee7,C,1042843535,675085178,21390804,981375013
51352c7dbd103ee7,C,393612210,192827725,1990981120,1319966984
51352c7dbd103ee7,C,1662797951,839184982,600411554,220606182
51352c7dbd103ee7,C,1374265343,687813775,1306062344,1253642066
51352c7dbd103ee7,C,70755038,198834153,536304523,36287462
51352c7dbd103ee7,C,643396557,301066322,308281583,524476124
51352c7dbd103ee7,C,382563363,1097915688,794562575,1247534636
51352c7dbd103ee7,C,2031170485,335735485,195090001,1529102763
51352c7dbd103ee7,C,1059768831,214885119,1238054125,963788952
51352c7dbd103ee7,C,1137237565,900461385,297542767,265018556
51352c7dbd103ee7,C,340845854,1973332778,1299566344,1243683315
51352c7dbd103ee7,C,833863665,898695347,562620693,1492655786
51352c7dbd103ee7,C,75127069,2109526075,2115367053,1110525237
51352c7dbd103ee7,C,1675474366,148979763,1785587871,596726344
51352c7dbd103ee7,C,1935016805,1186475347,750147733,1171968799
51352c7dbd103ee7,C,692474328,1728275883,8152827,177116865
51352c7dbd103ee7,C,1940581093,874446078,1572202370,387877849
51352c7dbd103ee7,D,664826261,1174816480,1494877062,839580654
51352c7dbd103ee7,D,450073339,35007337,255139755,420689937
51352c7dbd103ee7,D,1323606321,2007334302,465423079,1958517358
51352c7dbd103ee7,D,389040678,1421701470,1362548198,1965816138
51352c7dbd103ee7,D,1337182015,1658605306,1692787280,1013623924
51352c7dbd103ee7,D,1277230838,564131431,2037759592,1343494375
51352c7dbd103ee7,D,909859290,1096056045,1910579946,448801365
51352c7dbd103ee7,D,377716970,1205533689,1050824139,1229588192
51352c7dbd103ee7,D,1881118078,1610074825,762033862,1979935617
51352c7dbd103ee7,D,1675932369,780523602,675019693,462280028
51352c7dbd103ee7,D,457974520,511036154,2030005652,2133514595
51352c7dbd103ee7,D,968510924,562808625,380578953,824687371
51352c7dbd103ee7,D,777597214,473692952,2065837698,658741271
51352c7dbd103ee7,D,113250494,1635886440,156804291,866055220
51352c7dbd103ee7,D,261983450,1918120689,1258335977,125522582
51352c7dbd103ee7,D,344705176,1260277830,1083690360,1466929682
51352c7dbd103ee7,D,1889227613,1130702019,47505132,1202234358
51352c7dbd103ee7,D,1939722379,592266916,116388485,1628992260
51352c7dbd103ee7,D,421921892,1162294681,1747513734,659173972
51352c7dbd103ee7,D,1212424495,162894101,525930245,1599923999
51352c7dbd103ee7,D,1751476034,796487682,764935950,1234886373
51352c7dbd103ee7,D,1260153044,103191863,1254996581,369726807
51352c7dbd103ee7,D,1517701481,646380556,234883403,1827437874
51352c7dbd103ee7,D,62228668,290133728,859102582,1971771034
51352c7dbd103ee7,D,699409360,236697378,1259580432,134647831
51352c7dbd103ee7,D,892702490,209542254,1509604059,489638031
51352c7dbd103ee7,D,591672302,1641895498,641262483,1125643676
51352c7dbd103ee7,D,21808901,2105912867,780480879,1195148712
51352c7dbd103ee7,D,885408150,820037266,787985625,285920095
51352c7dbd103ee7,D,1628141030,1331174541,169950394,1020318309
51352c7dbd103ee7,E,1041606461,398315047,1125483824,555225461
51352c7dbd103ee7,E,521672360,998533145,1763388901,192957953
51352c7dbd103ee7,E,266873218,1581549169,2013342746,717124947
51352c7dbd103ee7,E,797816492,601802090,1202184992,1209991717
51352c7dbd103ee7,E,2098099554,1875101597,397558544,1375441515
51352c7dbd103ee7,E,692302083,627238105,414252917,143585886
51352c7dbd103ee7,E,933676704,74760269,728414608,1416634798
51352c7dbd103ee7,E,1745206687,2141423846,2139451448,1650439062
51352c7dbd103ee7,E,1034084326,385799541,604941632,1364338163
51352c7dbd103ee7,E,1325154611,323031796,2040481653,1552037466
51352c7dbd103ee7,E,2072309705,463300276,1553706925,1086559097
51352c7dbd103ee7,E,247213303,436837754,1089909842,980664873
51352c7dbd103ee7,E,1346938758,748637081,540433579,2009858585
51352c7dbd103ee7,E,1150345120,342226417,1629180395,271336766
51352c7dbd103ee7,E,1179990456,2082898807,1293926721,124707073
51352c7dbd103ee7,E,633675677,694064671,673022760,901717310
51352c7dbd103ee7,E,162189923,2079756318,517512397,112148141
51352c7dbd103ee7,E,1327735015,2136981685,1838887800,752568386
51352c7dbd103ee7,E,1846705146,1195906152,1111783090,284052511
51352c7dbd103ee7,E,636261358,2082308820,871450211,1982111012
51352c7dbd103ee7,E,695559630,420038036,1426820664,467234977
51352c7dbd103ee7,E,341693493,2071028378,1311465865,1836027683
51352c7dbd103ee7,E,1158169072,1166371866,1514298342,1106374233
51352c7dbd103ee7,E,477553643,535072771,94432340,275200326
51352c7dbd103ee7,E,1371694255,1822573969,150987477,344582759
51352c7dbd103ee7,E,508660245,1872622862,2127668815,748517230
51352c7dbd103ee7,E,187005515,1695795119,1084166690,1654397821
51352c7dbd103ee7,E,736599131,718087201,843777451,1084977416
51352c7dbd103ee7,E,1206449290,1076844966,2015429109,1814640505
51352c7dbd103ee7,E,1693999747,2093653025,466076894,1278763120
51352c7dbd103ee7,F,212011879,1987110047,160070598,1548053441
51352c7dbd103ee7,F,383834717,161055885,8325590,30661678
51352c7dbd103ee7,F,1717205001,853151796,1770894195,260923252
51352c7dbd103ee7,F,759607169,1791546812,1510311326,1334163900
51352c7dbd103ee7,F,1908466142,960827054,1508476686,340470591
51352c7dbd103ee7,F,1064965895,866068497,1709823021,845407629
51352c7dbd103ee7,F,936142272,1106955150,1898205720,936153266
51352c7dbd103ee7,F,2059775207,519345115,1042135730,739179798
51352c7dbd103ee7,F,1946602091,1723458087,18529135,661198167
51352c7dbd103ee7,F,1463519303,1051428015,337238997,1053815155
51352c7dbd103ee7,F,978255738,1716827057,1335283623,1849651912
51352c7dbd103ee7,F,2055011820,274875659,1940256865,617990109
51352c7dbd103ee7,F,1138707838,974218332,1726772197,1821212023
51352c7dbd103ee7,F,1039644784,303724595,611283332,2004668038
51352c7dbd103ee7,F,9453431,1395081227,1325524933,409541264
51352c7dbd103ee7,F,645465839,1324578819,687950194,147156534
51352c7dbd103ee7,F,1726633223,1847916199,1243037413,1311869991
51352c7dbd103ee7,F,1253585127,661177709,55739343,634470603
51352c7dbd103ee7,F,1238451364,974677422,975592227,416298902
51352c7dbd103ee7,F,2125948659,485147038,873120452,2048236219
51352c7dbd103ee7,F,1900212694,1558375088,1759682703,1869623529
51352c7dbd103ee7,F,95599313,2114232734,970814654,687053066
51352c7dbd103ee7,F,818001216,271867225,903035805,497639544
51352c7dbd103ee7,F,1595312163,1679391310,1541162625,1916050313
51352c7dbd103ee7,F,27136288,1329840549,1629545959,1727334104
51352c7dbd103ee7,F,1155312809,90661298,1176434754,1171952649
51352c7dbd103ee7,F,1377673192,182954267,1630931159,13447061
51352c7dbd103ee7,F,1042850273,1282551061,1830332415,983515352
51352c7dbd103ee7,F,1916491368,1878502291,147998350,1907218549
51352c7dbd103ee7,F,1809779463,528293296,1820375894,1451455919
51352c7dbd103ee7,G,423898693,658714177,540081350,446428349
51352c7dbd103ee7,G,1923989832,1953976517,1439235327,1125076817
51352c7dbd103ee7,G,347331574,1219543843,170261951,148545389
51352c7dbd103ee7,G,390914772,1746725126,751706196,1085179722
51352c7dbd103ee7,G,1929835163,854421999,413746590,976612261
51352c7dbd103ee7,G,1284240448,378102313,1668019281,932783808
51352c7dbd103ee7,G,1615609042,882380806,1997557782,112277985
51352c7dbd103ee7,G,642657596,658430717,334615261,207502168
51352c7dbd103ee7,G,1602310278,135889913,1029473684,1955517751
51352c7dbd103ee7,G,167839833,2109147634,99716217,1241776566
51352c7dbd103ee7,G,1941135057,1803759840,1701545654,1053821345
51352c7dbd103ee7,G,358346675,275873554,1289654585,1139941825
51352c7dbd103ee7,G,897374820,1132226642,1089248874,1321662284
51352c7dbd103ee7,G,475217181,1798409380,171576572,523629464
51352c7dbd103ee7,G,2098037125,883968552,1900146200,1765014316
51352c7dbd103ee7,G,1589703417,676837147,967327907,1970305916
51352c7dbd103ee7,G,314885090,2069007949,1968655155,112206248
51352c7dbd103ee7,G,601508860,1313751747,337120558,726488542
51352c7dbd103ee7,G,1010930535,1326525502,1861429254,638475429
51352c7dbd103ee7,G,524311399,597280362,324797292,1633244940
51352c7dbd103ee7,G,916671664,590826178,850808589,512524588
51352c7dbd103ee7,G,1490385247,2116708043,1078516696,133838058
51352c7dbd103ee7,G,784719790,562718337,1692952718,76483413
51352c7dbd103ee7,G,370185729,1261123024,436713767,773935330
51352c7dbd103ee7,G,1774384879,140836643,218566809,720153302
51352c7dbd103ee7,G,629981299,136253886,1997396326,1373819290
51352c7dbd103ee7,G,445419330,1660865640,373222904,1779335803
51352c7dbd103ee7,G,841238110,1742263505,1569026428,206761987
51352c7dbd103ee7,G,745319814,503785953,557256959,791541344
51352c7dbd103ee7,G,1227275057,1853437812,1144221147,512281546
51352c7dbd103ee7,H,352204660,1915618878,1217713550,1178504810
51352c7dbd103ee7,H,158333706,869814415,1241992676,1921298836
51352c7dbd103ee7,H,1968202371,56324608,1497800316,1434457717
51352c7dbd103ee7,H,1635540191,838455340,1666819984,1414458485
51352c7dbd103ee7,H,1933861483,352142209,419876914,2108303294
51352c7dbd103ee7,H,390400306,2089718122,2089111512,1388370898
51352c7dbd103ee7,H,1530049759,879793700,1470594617,1017699996
51352c7dbd103ee7,H,350201927,1425526553,1714257668,629676286
51352c7dbd103ee7,H,1653608773,1009978359,868629426,254485075
51352c7dbd103ee7,H,353569549,1630789354,881006541,290463530
51352c7dbd103ee7,H,1280184212,1366534320,571668740,472208250
51352c7dbd103ee7,H,785912662,1061582159,950404678,1538518019
51352c7dbd103ee7,H,1314073513,847330346,1668473589,628330710
51352c7dbd103ee7,H,837567939,1589064340,775632512,1990957931
51352c7dbd103ee7,H,1245410827,528712860,542256570,625925679
51352c7dbd103ee7,H,1871719485,114601624,460896115,848854117
51352c7dbd103ee7,H,26807346,1898836678,261686055,10065509
51352c7dbd103ee7,H,194057042,1686112873,439907594,1967345299
51352c7dbd103ee7,H,1408481282,1143842151,1385123126,350764893
51352c7dbd103ee7,H,966156957,1790109905,1777972164,1254617796
51352c7dbd103ee7,H,1530338655,1860558630,625637981,768370954
51352c7dbd103ee7,H,439712815,797382926,2102272031,2045030359
51352c7dbd103ee7,H,123323950,737414921,621979041,1141880997
51352c7dbd103ee7,H,1847329359,2092937186,1938083435,1494577412
51352c7dbd103ee7,H,1337296631,2093340388,599696595,1542495708
51352c7dbd103ee7,H,1594050600,1850736878,1374625838,1227850650
51352c7dbd103ee7,H,1468459117,1626386474,440489317,1004995254
51352c7dbd103ee7,H,786237755,642151638,1435175854,1442569812
51352c7dbd103ee7,H,539992491,719072686,1411206356,1493260633
51352c7dbd103ee7,H,2079574426,1537859675,1268449620,1740881830
51352c7dbd103ee7,I,1803460287,631126768,305077399,2017184966
51352c7dbd103ee7,I,965356522,1088982229,1853321987,1715834547
51352c7dbd103ee7,I,2057216731,1418791413,1349215758,1547153807
51352c7dbd103ee7,I,23784385,926988498,492711509,1031708478
51352c7dbd103ee7,I,1516372015,1618517255,1974716870,1591135580
51352c7dbd103ee7,I,876487963,1113583239,661464368,1722360159
51352c7dbd103ee7,I,1115732740,1364052922,2106327985,772174657
51352c7dbd103ee7,I,369144198,757606397,434210016,32356698
51352c7dbd103ee7,I,1443706431,145797804,750210554,536287866
51352c7dbd103ee7,I,218784149,456151056,1619463371,1684191628
51352c7dbd103ee7,I,1593915447,471592585,816263319,442707521
51352c7dbd103ee7,I,463007383,52800030,496239421,764138082
51352c7dbd103ee7,I,991571355,1767656005,206163194,1243130698
51352c7dbd103ee7,I,1057724537,164314211,1026103063,206723963
51352c7dbd103ee7,I,594120882,264450830,1510294319,1904501006
51352c7dbd103ee7,I,1619204218,1496298632,1051999781,301361413
51352c7dbd103ee7,I,528515928,311216372,793224228,348386640
51352c7dbd103ee7,I,1977342998,2073149561,1806110441,431569655
51352c7dbd103ee7,I,2049034554,1640735050,284099216,864210264
51352c7dbd103ee7,I,1548794605,757574427,662290483,1454415590
51352c7dbd103ee7,I,2003931322,952496630,190526346,460319536
51352c7dbd103ee7,I,1498314050,1490841627,1541017556,229004958
51352c7dbd103ee7,I,1036331631,1066073454,1565369358,604784961
51352c7dbd103ee7,I,195552708,12192102,1207079970,1085013024
51352c7dbd103ee7,I,1255316648,1151951166,1536097069,763819541
51352c7dbd103ee7,I,1524152141,212836458,1486740036,1325714525
51352c7dbd103ee7,I,1255738411,1997314216,1112008647,748117506
51352c7dbd103ee7,I,1205049014,345107016,1788171221,1273729471
51352c7dbd103ee7,I,2000617664,412278035,1594586611,492357816
51352c7dbd103ee7,I,2086634738,2004490151,1976019708,2130093974
51352c7dbd103ee7,J,2090769413,1587103824,2014557185,55231528
51352c7dbd103ee7,J,12594582,395285768,1997426617,517112003
51352c7dbd103ee7,J,1973887803,1629793306,897535700,114889341
51352c7dbd103ee7,J,1828288475,1804267767,1275945795,74586332
51352c7dbd103ee7,J,1249768392,868584368,665351666,1973901614
51352c7dbd103ee7,J,2097896252,2105546479,2120257717,1097733059
51352c7dbd103ee7,J,876776357,589210493,1952021334,1435802297
51352c7dbd103ee7,J,1714087189,120947298,1762246838,1102796250
51352c7dbd103ee7,J,1641259467,277869095,880647778,1965241841
51352c7dbd103ee7,J,1994936345,700446113,1838098074,1969878937
51352c7dbd103ee7,J,337441560,1306428780,933149592,1014282378
51352c7dbd103ee7,J,1508965675,1194212664,1610598105,491784383
51352c7dbd103ee7,J,1601928975,863035277,1158422813,260257260
51352c7dbd103ee7,J,1713084963,169643520,1153412830,1899351472
51352c7dbd103ee7,J,1593030179,623642972,961252910,1178422379
51352c7dbd103ee7,J,1185395832,998007975,829956377,1297659799
51352c7dbd103ee7,J,1057598379,1476489516,713785030,1164516523
51352c7dbd103ee7,J,646853050,2011172260,1535022746,1600024069
51352c7dbd103ee7,J,343562457,1911445424,432122561,1518425031
51352c7dbd103ee7,J,1318022535,259372499,212301711,906944388
51352c7dbd103ee7,J,95878897,1103920764,1628351800,1588731694
51352c7dbd103ee7,J,1232865757,1460438879,621903143,343204309
51352c7dbd103ee7,J,1903125943,78798434,499318126,523238121
51352c7dbd103ee7,J,2079819157,714588176,2106829456,2044745033
51352c7dbd103ee7,J,1509774928,181653435,372915209,256241805
51352c7dbd103ee7,J,1818188892,187232653,885432681,11720297
51352c7dbd103ee7,J,1843660182,1473465601,574072920,524138462
51352c7dbd103ee7,J,2141325521,1477889296,1643548124,2092715578
51352c7dbd103ee7,J,1997882385,144497695,902611839,641176171
51352c7dbd103ee7,J,1262936932,531017683,1511504310,1939949961
51352c7dbd103ee7,K,2056785204,2055565457,1762866516,751415101
51352c7dbd103ee7,K,105214152,1305954173,1591716176,53839293
51352c7dbd103ee7,K,1036755130,2039739861,602353431,1875135246
51352c7dbd103ee7,K,1058069579,1128119042,1546911430,1955028410
51352c7dbd103ee7,K,550407356,710028670,172558855,1597577013
51352c7dbd103ee7,K,229431553,1691329428,1588222054,1965122991
51352c7dbd103ee7,K,951455622,361335764,81897692,914952434
51352c7dbd103ee7,K,1964166068,728333357,1212456878,823283878
51352c7dbd103ee7,K,204686515,47975957,1509325015,44071424
51352c7dbd103ee7,K,1440186107,712605310,795285907,2098176290
51352c7dbd103ee7,K,229534412,1984470089,1238353019,1254974711
51352c7dbd103ee7,K,1551234667,2071051114,1975600132,975421432
51352c7dbd103ee7,K,851345652,383578219,2052741719,428766139
51352c7dbd103ee7,K,377368724,1847450374,397417789,1024773362
51352c7dbd103ee7,K,76670168,1769051166,1041418148,636251165
51352c7dbd103ee7,K,869339816,321772033,1337245507,1640830608
51352c7dbd103ee7,K,1843138948,58882880,1747029081,477202119
51352c7dbd103ee7,K,1165914848,173115808,460844411,1066050041
51352c7dbd103ee7,K,1430570220,61234727,1835864008,909273516
51352c7dbd103ee7,K,1363385769,861083658,807124518,1405440123
51352c7dbd103ee7,K,985236980,906785724,2110742778,1596599633
51352c7dbd103ee7,K,665567148,715640835,1028275410,1128777830
51352c7dbd103ee7,K,952851342,860303219,1920790862,1875876247
51352c7dbd103ee7,K,1859781204,1497943209,994435432,1525513749
51352c7dbd103ee7,K,1127542138,592050885,285451570,1722571014
51352c7dbd103ee7,K,1442183201,1968974805,333539974,2098033447
51352c7dbd103ee7,K,1332152837,1084237123,64436920,1414622498
51352c7dbd103ee7,K,383330550,1495143386,434152096,1715547116
51352c7dbd103ee7,K,118248661,693020908,2122485132,1547742890
51352c7dbd103ee7,K,869516319,1397693943,1355379257,1139681978
51352c7dbd103ee7,L,39756052,1063661785,1798781550,1479406657
51352c7dbd103ee7,L,629393518,938257258,357453790,1315582293
51352c7dbd103ee7,L,1130722479,2099255445,693746200,237416029
51352c7dbd103ee7,L,1272999045,1053851723,2032472068,584244935
51352c7dbd103ee7,L,1894790982,1698674857,415835842,1037672058
51352c7dbd103ee7,L,756561049,1042723811,712107472,903885817
51352c7dbd103ee7,L,1470513288,1848565397,1565783675,298946185
51352c7dbd103ee7,L,1363667323,1482043978,1210284758,818279925
51352c7dbd103ee7,L,785986480,1838007458,1092499707,528650382
51352c7dbd103ee7,L,2068970153,479879341,1517021478,935011231
51352c7dbd103ee7,L,419870300,952701801,876338008,1075263545
51352c7dbd103ee7,L,233634831,554121327,1256808288,1892814584
51352c7dbd103ee7,L,974367845,414044697,1930858074,1083602243
51352c7dbd103ee7,L,1829987440,573975627,840935187,731621480
51352c7dbd103ee7,L,1660392204,1721602352,1774805257,902301951
51352c7dbd103ee7,L,367492147,1463994602,2119447886,1144750654
51352c7dbd103ee7,L,501990709,1852752138,882013297,1997699870
51352c7dbd103ee7,L,1413817556,1514869286,414303402,1931178
51352c7dbd103ee7,L,807011636,1724686750,407660138,1131351351
51352c7dbd103ee7,L,1106894357,315121381,2094747,688700772
51352c7dbd103ee7,L,1393720216,838234269,1420351014,1248115438
51352c7dbd103ee7,L,2146293751,504093236,1581580592,1267896036
51352c7dbd103ee7,L,2126275480,2017310876,1165683266,2135442556
51352c7dbd103ee7,L,23868312,951237849,624244681,1826938740
51352c7dbd103ee7,L,2020065139,2098484377,283231379,352444760
51352c7dbd103ee7,L,1292839620,433871499,1493755509,541827966
51352c7dbd103ee7,L,680315935,203159778,1398159283,952031515
51352c7dbd103ee7,L,1317414571,1930392995,1625320404,146648879
51352c7dbd103ee7,L,1610990407,1201998967,567576517,714194816
51352c7dbd103ee7,L,1413728849,566406746,722349928,905501035
331305de37e33c9c,A,452108579,1388933372,135732444,1327512730
331305de37e33c9c,A,1331394570,1297283443,1774701431,996808207
331305de37e33c9c,A,1143305471,329422578,1165041529,1375505730
331305de37e33c9c,A,817166308,313849127,1399788188,1245345155
331305de37e33c9c,A,961946542,229517675,1794447015,11669625
331305de37e33c9c,A,2046183146,1428198043,1447528182,190721464
331305de37e33c9c,A,1361820153,1599576507,1532438647,232454624
331305de37e33c9c,A,1324907146,1043293756,1372081003,75050449
331305de37e33c9c,A,1699041214,1296301799,1521509413,101976281
331305de37e33c9c,A,1372613084,1199141611,1259766866,676703552
331305de37e33c9c,A,70921867,230057611,1918819320,1188892977
331305de37e33c9c,A,760757440,79178534,798639616,1026947675
331305de37e33c9c,A,1741011517,1967051919,1118524328,1750934363
331305de37e33c9c,A,1371308602,1465173289,131731183,1579196655
331305de37e33c9c,A,650716786,1272927991,866749428,1933847998
331305de37e33c9c,A,1397724285,1352504049,464138923,1113056234
331305de37e33c9c,A,1106346471,381547889,1516048797,1142233121
331305de37e33c9c,A,697132609,534975730,1407216324,1279123769
331305de37e33c9c,A,1464305280,79914500,1862674112,1548261250
331305de37e33c9c,A,1471941407,1857900132,718490663,1779825238
331305de37e33c9c,A,1384845904,390161337,1451508300,929308719
331305de37e33c9c,A,1607928466,1743197289,847320331,352710454
331305de37e33c9c,A,380725122,889924958,1628320331,1436249010
331305de37e33c9c,A,1420403273,2145932142,77072672,1315522306
331305de37e33c9c,A,1167590858,921340793,1844299410,1334315672
331305de37e33c9c,A,561624648,1359265326,2144373978,1532342236
331305de37e33c9c,A,1563297831,1293090296,2104316968,294517601
331305de37e33c9c,A,616697394,2008843931,1155014249,1975018616
331305de37e33c9c,A,982469556,800002130,1525485488,371479409
331305de37e33c9c,A,177464844,2012771718,2097281440,1476299988
331305de37e33c9c,B,813961335,1597600480,2058096569,148534169
331305de37e33c9c,B,1290719285,330112845,1427210437,995605097
331305de37e33c9c,B,1787969489,61301013,534852361,679197214
331305de37e33c9c,B,1838289825,222015216,391843328,1653863835
331305de37e33c9c,B,892692645,41319325,695048039,1971251146
331305de37e33c9c,B,1211468456,592353739,1784766826,905190133
331305de37e33c9c,B,1092576205,370497342,626134973,1159381739
331305de37e33c9c,B,775220493,1815564580,144948749,47155934
331305de37e33c9c,B,382400926,1307921440,1116780182,409608513
331305de37e33c9c,B,1647554204,376528764,654678702,578413189
331305de37e33c9c,B,1466694985,1115012679,1491313428,230799922
331305de37e33c9c,B,2020362249,1017397523,1904392273,1810461711
331305de37e33c9c,B,809140589,398096636,1927240107,1037984446
331305de37e33c9c,B,484783093,2131087242,2053413042,1706300750
331305de37e33c9c,B,970774539,1898061075,1753637042,455926353
331305de37e33c9c,B,1292910842,137016657,1845715719,943093025
331305de37e33c9c,B,2077502124,540978880,966801065,1996789678
331305de37e33c9c,B,887908909,1654902902,7533988,1104488226
331305de37e33c9c,B,1538902287,1064412936,598821340,1881747874
331305de37e33c9c,B,602048979,994100291,1474104994,319111944
331305de37e33c9c,B,1302232854,889018478,131082357,1402950464
331305de37e33c9c,B,1179623990,1757430943,1197697698,1370464611
331305de37e33c9c,B,1140532251,20003431,1628579449,1888466079
331305de37e33c9c,B,1257388473,1630539786,1664650302,1820314278
331305de37e33c9c,B,1061004840,886577019,197033863,339209909
331305de37e33c9c,B,1906068329,288880107,1078550119,1011023060
331305de37e33c9c,B,1961009270,1528596796,1634540616,10239753
331305de37e33c9c,B,50028591,1417585209,1138724574,667914020
331305de37e33c9c,B,826851055,1208767641,1766582643,205555909
331305de37e33c9c,B,1480969855,1659730968,676613216,954978557
331305de37e33c9c,C,1091302254,763923965,606545558,1368503156
331305de37e33c9c,C,976340842,670802319,2027176511,1839439782
331305de37e33c9c,C,985871101,2084113400,1350744367,946364005
331305de37e33c9c,C,1271802420,1520923562,112922791,71544183
331305de37e33c9c,C,1781130031,2007969644,102777574,378947205
331305de37e33c9c,C,1791771365,1908759348,667462648,672210113
331305de37e33c9c,C,143059770,1595211435,1055416791,1294945373
331305de37e33c9c,C,2051625160,213830160,1761858171,1330621762
331305de37e33c9c,C,2008833789,32498083,1070715190,348049411
331305de37e33c9c,C,1726176992,2108246210,1031004331,1533831874
331305de37e33c9c,C,1456440444,1776505094,1497380320,552206107
331305de37e33c9c,C,1480188571,256882281,694401401,2069800906
331305de37e33c9c,C,1810296075,1230706211,375224515,609650305
331305de37e33c9c,C,903099453,2066536978,575392342,1936149424
331305de37e33c9c,C,1378297364,259219902,2082072991,736801328
331305de37e33c9c,C,1564610013,1257848398,261643160,794910680
331305de37e33c9c,C,493280122,787674460,1889893028,974591788
331305de37e33c9c,C,507595296,848005686,1231253788,1202841650
331305de37e33c9c,C,408659058,1127456082,1696510535,1335802679
331305de37e33c9c,C,1433010065,446689533,1090179447,325407986
331305de37e33c9c,C,655225260,897176170,695544892,1337659506
331305de37e33c9c,C,1689546058,1221848735,1452367921,1900534805
331305de37e33c9c,C,2108099233,1035923791,1534717674,221107718
331305de37e33c9c,C,387646407,535968826,893502874,2127408974
331305de37e33c9c,C,15813355,973908154,801195209,372032654
331305de37e33c9c,C,659330287,481244644,1852070964,578925342
331305de37e33c9c,C,113994085,203406960,304638861,1359675309
331305de37e33c9c,C,62458108,1785014486,1003048446,182832803
331305de37e33c9c,C,1776341834,64979943,1823210211,945121367
331305de37e33c9c,C,1204489705,841630948,1073330585,283659869
331305de37e33c9c,D,1252694615,2092607301,354627461,489210776
331305de37e33c9c,D,1056659827,691696076,899114083,578918467
331305de37e33c9c,D,1551225320,449532122,196535718,513654168
331305de37e33c9c,D,1745379363,262703063,154571820,2002728645
331305de37e33c9c,D,2114021531,923236577,9699755,887109264
331305de37e33c9c,D,1215676305,1378104727,1558632777,1609389531
331305de37e33c9c,D,627126015,1331023851,491178826,550671653
331305de37e33c9c,D,141880502,804627759,1076519261,924982460
331305de37e33c9c,D,58960910,808773160,791219321,1492289399
331305de37e33c9c,D,1374082700,282892888,960070127,252614920
331305de37e33c9c,D,1403183929,2006350036,767492694,979067410
331305de37e33c9c,D,291962200,1982217644,1041018668,425489701
331305de37e33c9c,D,270792394,1779179476,1597675272,278673682
331305de37e33c9c,D,1384035144,1731863627,714225797,1573228057
331305de37e33c9c,D,1460106799,597990100,1580492226,149590142
331305de37e33c9c,D,359427444,2000157774,721742408,902919879
331305de37e33c9c,D,166805404,405527403,1523964268,143983800
331305de37e33c9c,D,613737661,1101883663,1831743482,143083698
331305de37e33c9c,D,1614194410,1245632834,955557985,1609665578
331305de37e33c9c,D,1977266083,858502182,946376671,1679047569
331305de37e33c9c,D,751359196,1236371849,1581981916,1956787358
331305de37e33c9c,D,266485976,1950998059,1676099220,2130488995
331305de37e33c9c,D,1060186895,1814628619,712515576,801799242
331305de37e33c9c,D,1368692056,2038983029,1896264272,2127245052
331305de37e33c9c,D,1722139109,2142328817,575064523,1556008462
331305de37e33c9c,D,1880604878,2093930309,1082291432,238228271
331305de37e33c9c,D,560637131,1830613769,1354191781,2105874102
331305de37e33c9c,D,2009929626,952567067,1413454524,816598337
331305de37e33c9c,D,603697000,214645359,184938252,1397208743
331305de37e33c9c,D,987538279,718231633,1997951124,916681744
331305de37e33c9c,E,1132635146,214476370,586047993,829934656
331305de37e33c9c,E,816772233,1026897156,1577189139,1230525314
331305de37e33c9c,E,1396050676,236531868,1380347883,2110429872
331305de37e33c9c,E,1337127617,1873602741,1634695008,1742231347
331305de37e33c9c,E,1897004999,764377588,981755499,1605320278
331305de37e33c9c,E,493974868,327410156,1341299881,218973971
331305de37e33c9c,E,1164305775,325173608,799614678,1916404317
331305de37e33c9c,E,1083838422,1773434416,1632529464,1477574725
331305de37e33c9c,E,1128007351,1442817614,1164543363,408766949
331305de37e33c9c,E,1120689097,155799410,1655058009,1286425902
331305de37e33c9c,E,395719632,1778194059,1748642965,1769771651
331305de37e33c9c,E,1125370731,546905189,576566912,1889458546
331305de37e33c9c,E,891968118,800767654,801686862,528090366
331305de37e33c9c,E,976210251,829934317,1641573221,791461120
331305de37e33c9c,E,786033709,1285363903,282665488,1930078140
331305de37e33c9c,E,1565215462,638697276,1350419661,624118551
331305de37e33c9c,E,508985488,770642268,1816327442,1552824135
331305de37e33c9c,E,311311140,1609298385,541045638,328806439
331305de37e33c9c,E,271878530,65302197,654054067,541241014
331305de37e33c9c,E,1382170022,921925410,1549873937,789203210
331305de37e33c9c,E,1434813713,682454343,948900882,1032636690
331305de37e33c9c,E,1647054808,474640992,1687069735,1450198051
331305de37e33c9c,E,1972375433,1800942510,692729943,1711936663
331305de37e33c9c,E,331089560,953983854,200104700,530352203
331305de37e33c9c,E,649074277,1992795473,618666625,179600116
331305de37e33c9c,E,1510316659,220317480,369519168,650196600
331305de37e33c9c,E,337187321,472534843,1574441047,2100066070
331305de37e33c9c,E,629988054,887528963,1056570534,1929782799
331305de37e33c9c,E,141988066,1375923817,1144341290,1513181193
331305de37e33c9c,E,1849229054,1395439420,385005297,1404840482
331305de37e33c9c,F,699211122,1271646917,1932698543,178566468
331305de37e33c9c,F,372950913,1913496339,446715956,2108541384
331305de37e33c9c,F,998063571,625189385,26523240,1568559500
331305de37e33c9c,F,543411589,2033394035,1055447421,2027842801
331305de37e33c9c,F,500514596,717961737,1320846819,1481958723
331305de37e33c9c,F,845172538,1037198306,374972664,1180016616
331305de37e33c9c,F,132110981,558756017,525140061,1749559227
331305de37e33c9c,F,1953730595,157159530,644815564,1394048033
331305de37e33c9c,F,1493652594,1619561220,1641460413,393379755
331305de37e33c9c,F,1374303913,1551877650,1097440014,694322667
331305de37e33c9c,F,2103598229,852297546,144049341,1541201892
331305de37e33c9c,F,651007645,1948705545,1533775098,435332229
331305de37e33c9c,F,1103131391,1474435502,867911481,502477197
331305de37e33c9c,F,526798272,456222516,746891856,1423955414
331305de37e33c9c,F,1301804639,438198166,519770970,1388769083
331305de37e33c9c,F,1857280254,786114593,114000054,1304189326
331305de37e33c9c,F,1652241584,1820837285,2046488256,2014791857
331305de37e33c9c,F,232939578,1588681209,1129155404,1088503034
331305de37e33c9c,F,933422846,239677966,150520011,352495959
331305de37e33c9c,F,2122943030,502452800,857684509,1770316713
331305de37e33c9c,F,1213156989,633668105,1664279058,1835586447
331305de37e33c9c,F,344957209,246067296,832889316,1517110821
331305de37e33c9c,F,1231539350,268876152,810293962,1006482866
331305de37e33c9c,F,964389780,1240627689,1685351454,1885700489
331305de37e33c9c,F,1801151587,1649398185,999302089,1799718779
331305de37e33c9c,F,1590544700,1505639474,401583854,205231961
331305de37e33c9c,F,918058742,24844049,578639552,1974685851
331305de37e33c9c,F,1919945972,1273927291,1542197238,1926638243
331305de37e33c9c,F,1861333133,1766177129,555776246,213051332
331305de37e33c9c,F,1881493271,1084844535,1441870581,1035746300
331305de37e33c9c,G,1549832151,1575393482,914657777,1145263575
331305de37e33c9c,G,1085717864,970170585,272282867,24437887
331305de37e33c9c,G,768383316,951951345,1760843667,66221989
331305de37e33c9c,G,737820178,41759740,1461398763,31016896
331305de37e33c9c,G,481379578,1222669577,1861059527,1632155242
331305de37e33c9c,G,1891276235,1435052491,365607689,150229889
331305de37e33c9c,G,834348798,1106182781,16462523,1200241151
331305de37e33c9c,G,251809657,1813371441,452294643,1583099175
331305de37e33c9c,G,2124848376,2030122619,203219102,1136963012
331305de37e33c9c,G,1663786785,1427409868,1344591554,1760727135
331305de37e33c9c,G,446698634,1971063449,1912683637,1773125035
331305de37e33c9c,G,356479887,1503473878,2007161135,1171478741
331305de37e33c9c,G,1626071814,1776524344,609349635,1156071580
331305de37e33c9c,G,1990401256,511753193,1820599265,1697676677
331305de37e33c9c,G,1168624203,568483945,944373829,1871660633
331305de37e33c9c,G,2088371981,2014872678,1860511933,684343312
331305de37e33c9c,G,987547532,1417292691,97276822,650290059
331305de37e33c9c,G,1111195032,1102092929,705438390,352449094
331305de37e33c9c,G,747013064,1562418681,1677151084,1787054444
331305de37e33c9c,G,1255674939,1729008671,533657541,1080722663
331305de37e33c9c,G,2101375521,1410953347,1485256363,1818094138
331305de37e33c9c,G,1817367645,1196392846,2034779932,594375599
331305de37e33c9c,G,1217068505,2040493757,1114486395,1431891000
331305de37e33c9c,G,1202609021,1068553578,1913525,289581790
331305de37e33c9c,G,1287699269,2108690159,918088659,1784320006
331305de37e33c9c,G,832533261,1533332,883901453,115421022
331305de37e33c9c,G,1754286035,745330780,1746489919,1573132418
331305de37e33c9c,G,1042175340,1925456291,611064166,938530253
331305de37e33c9c,G,188050603,1981013407,1527802655,339729938
331305de37e33c9c,G,1651235858,921273132,1867442021,790370326
331305de37e33c9c,H,1549452437,1389088888,1492962673,1970119600
331305de37e33c9c,H,1594354288,2054288676,2018647304,936292538
331305de37e33c9c,H,607742332,734199652,184133673,128344246
331305de37e33c9c,H,533355038,657244702,2093592136,1852278964
331305de37e33c9c,H,187557,260284470,82364388,909308959
331305de37e33c9c,H,1775719917,1697692458,1357555286,895383686
331305de37e33c9c,H,1660414530,269483984,1239745331,713770405
331305de37e33c9c,H,1695464516,2080135107,765162888,1292316197
331305de37e33c9c,H,12515772,1051025154,145555389,81153573
331305de37e33c9c,H,973675725,1929807067,1798979299,689656004
331305de37e33c9c,H,257192809,1256161453,925648195,647509981
331305de37e33c9c,H,54803246,1457105662,1113755907,1376773165
331305de37e33c9c,H,328560200,595779923,1134481986,977591795
331305de37e33c9c,H,1789747838,1271666321,798543837,1338888854
331305de37e33c9c,H,352312505,1232958085,639873397,1439440032
331305de37e33c9c,H,500567104,549381515,515945778,1035789553
331305de37e33c9c,H,756919065,14418704,268076600,1387864881
331305de37e33c9c,H,669531524,627701531,815935761,2099613439
331305de37e33c9c,H,424104955,430299985,1770806558,835584945
331305de37e33c9c,H,1546518091,978895115,1614154168,1444660525
331305de37e33c9c,H,760427097,1196344744,276169001,615690077
331305de37e33c9c,H,1888312615,866266110,67445630,2090087712
331305de37e33c9c,H,1952119545,1319807553,938462719,1079107161
331305de37e33c9c,H,1740048445,103671785,1655001535,406472245
331305de37e33c9c,H,1430677598,505258129,1412980004,158885754
331305de37e33c9c,H,214405733,1259119033,703299395,1614551345
331305de37e33c9c,H,1911722792,907879330,99682167,402351834
331305de37e33c9c,H,1742356892,1953817319,1251675466,697636880
331305de37e33c9c,H,1144070025,1768854713,76074692,150374915
331305de37e33c9c,H,1958838034,922772712,1359060423,683497653
331305de37e33c9c,I,734396519,651026115,1768488179,121384645
331305de37e33c9c,I,830443422,422537227,2054701663,2023415825
331305de37e33c9c,I,955459942,19304407,880625398,1183932835
331305de37e33c9c,I,1882114353,500732802,162601827,1911409746
331305de37e33c9c,I,406710336,1229002315,796088002,1302958313
331305de37e33c9c,I,1355591500,539212857,1930922220,914493570
331305de37e33c9c,I,1105150388,65409694,1289923563,172815886
331305de37e33c9c,I,441107227,744598575,150980395,229193149
331305de37e33c9c,I,1638540069,735126804,284095707,1969337191
331305de37e33c9c,I,1906929505,1730921369,948452426,853159409
331305de37e33c9c,I,1497693930,130094223,1439653476,1144001895
331305de37e33c9c,I,1041910657,1883219684,899102221,1355406349
331305de37e33c9c,I,2102465679,308971044,922693725,469444025
331305de37e33c9c,I,920993593,288367838,881126068,1101439549
331305de37e33c9c,I,88086781,854857645,652850442,1682543804
331305de37e33c9c,I,95332784,561530056,69921576,1620295605
331305de37e33c9c,I,1111290627,1727304268,1479902523,383207971
331305de37e33c9c,I,1910729505,666843466,439279077,319847530
331305de37e33c9c,I,993574350,100635196,786674084,1485203248
331305de37e33c9c,I,1953513744,438655435,750640072,644563319
331305de37e33c9c,I,2139133083,952748704,1314433170,1175006868
331305de37e33c9c,I,1412634312,1542170238,395341195,729946404
331305de37e33c9c,I,1057925898,366685441,1178533926,290909105
331305de37e33c9c,I,1314636317,829496545,1793181333,1452672045
331305de37e33c9c,I,1659245101,816884905,1303470556,1000927292
331305de37e33c9c,I,1526599779,813947927,78551958,961215921
331305de37e33c9c,I,391181433,389593971,523403817,316114921
331305de37e33c9c,I,702700990,1975867629,344417081,1438448366
331305de37e33c9c,I,188748978,2094929043,1823782579,181894512
331305de37e33c9c,I,937215457,2050122174,915219378,673202174
331305de37e33c9c,J,1237712188,278095999,599632722,1781374189
331305de37e33c9c,J,1960738007,277274504,1882432890,137439985
331305de37e33c9c,J,2146903426,643756631,665434115,1541340853
331305de37e33c9c,J,1448725267,943867661,1818426726,1196826267
331305de37e33c9c,J,1480083373,1614303284,660381884,1266761783
331305de37e33c9c,J,1320452659,519221944,2017676509,176910929
331305de37e33c9c,J,1990761933,1353002883,976423452,1415198194
331305de37e33c9c,J,1545372619,1755255170,866911475,950713071
331305de37e33c9c,J,361569285,1123467286,369705049,1219125339
331305de37e33c9c,J,234312218,171859349,1317996055,523512079
331305de37e33c9c,J,2051035308,1558148245,70683534,60038556
331305de37e33c9c,J,1149717800,1499015303,858772378,1783262892
331305de37e33c9c,J,35999023,379123355,267724796,1012840987
331305de37e33c9c,J,1956195342,1346217909,226387593,1878429162
331305de37e33c9c,J,1314712590,935826100,1616353492,1574754317
331305de37e33c9c,J,379305302,1646361885,1336583244,1395537418
331305de37e33c9c,J,1968679747,72917564,46234049,47793486
331305de37e33c9c,J,69262865,1295663638,980039765,1689205468
331305de37e33c9c,J,1767461668,194509577,39790520,484312905
331305de37e33c9c,J,2139610436,1852639952,721201182,380108608
331305de37e33c9c,J,838807303,1606826257,643289205,1085748161
331305de37e33c9c,J,1961612485,76137579,1521361693,709988301
331305de37e33c9c,J,1637529150,531189543,620716090,1955862988
331305de37e33c9c,J,88071384,1971038410,331096456,1792898342
331305de37e33c9c,J,56373700,1401144866,1889268896,1830215065
331305de37e33c9c,J,1155643863,968371052,414766317,1894477519
331305de37e33c9c,J,1502716517,1028586047,1441713706,217524841
331305de37e33c9c,J,1020555885,1049072775,777479150,879611474
331305de37e33c9c,J,843431413,2029215779,1156216600,428963136
331305de37e33c9c,J,950638858,1044476187,1585251784,141211577
331305de37e33c9c,K,761184105,275091186,815427107,1628304213
331305de37e33c9c,K,1481701419,1815780998,2007428093,25480793
331305de37e33c9c,K,501520134,1322950880,333819680,1242115675
331305de37e33c9c,K,833807350,1561392396,772187247,959718654
331305de37e33c9c,K,1098122935,543165785,765853787,1221167697
331305de37e33c9c,K,512698263,2055848070,1122559581,1839919767
331305de37e33c9c,K,1812033469,1951306012,219317461,828344364
331305de37e33c9c,K,1226247082,1645005224,199644265,729369702
331305de37e33c9c,K,741841382,1159112859,812536023,1253877701
331305de37e33c9c,K,1183865794,1736545889,965217868,1127388169
331305de37e33c9c,K,2003338286,1126652096,1691763599,2073566783
331305de37e33c9c,K,41461467,597147234,1927609339,179202334
331305de37e33c9c,K,1877194602,935905577,1421169613,2045070340
331305de37e33c9c,K,36778737,1124525775,724065627,576322479
331305de37e33c9c,K,1601037011,404535850,1765573236,1213838011
331305de37e33c9c,K,1842385846,594780717,329630565,724136942
331305de37e33c9c,K,205628054,925905781,1347407179,933570163
331305de37e33c9c,K,1918686038,1794263946,1842323982,1680171757
331305de37e33c9c,K,158013800,12763019,2007664397,1099075590
331305de37e33c9c,K,303353140,770138141,1432884904,1284722048
331305de37e33c9c,K,806417663,177637816,702679529,1417641757
331305de37e33c9c,K,1879612040,1428016851,1638891444,1068350751
331305de37e33c9c,K,1387007310,894316161,809737918,1956464927
331305de37e33c9c,K,392384265,1920373842,859262408,1321096914
331305de37e33c9c,K,163548186,460624296,333914968,2128308356
331305de37e33c9c,K,600968031,942762750,968261425,1316618853
331305de37e33c9c,K,2107447844,943775284,1730693880,629358520
331305de37e33c9c,K,1247479755,158858654,1851176574,984729242
331305de37e33c9c,K,1028213435,1531521723,1717865460,1546600891
331305de37e33c9c,K,67130762,940719010,1017029566,1030396613
331305de37e33c9c,L,1373419961,1662739209,971745749,702100395
331305de37e33c9c,L,1544296565,2117930033,1258874696,317838863
331305de37e33c9c,L,854568871,523323542,1801036655,1481793541
331305de37e33c9c,L,698837119,1925053053,445544194,769322490
331305de37e33c9c,L,1891016931,1916129654,1596324431,1520069913
331305de37e33c9c,L,1739427518,180703583,793197569,1970164309
331305de37e33c9c,L,1294503200,1228305735,1902968555,216962419
331305de37e33c9c,L,44647760,1859062365,298514127,1398582292
331305de37e33c9c,L,277076439,886370728,402508651,1062135683
331305de37e33c9c,L,1673637511,858847805,907529473,1487809002
331305de37e33c9c,L,68201332,1006229220,1288633163,2066128129
331305de37e33c9c,L,1883848790,922191434,609099816,534674790
331305de37e33c9c,L,944372571,1260935424,654036531,338163150
331305de37e33c9c,L,1984192717,853709198,2114907383,915511153
331305de37e33c9c,L,1456372809,1178203314,2085602434,28165170
331305de37e33c9c,L,59252255,1252392954,93973559,594779832
331305de37e33c9c,L,2086306491,525561771,1573069633,1497338040
331305de37e33c9c,L,341286566,1448549921,2011009806,173599169
331305de37e33c9c,L,664589631,1083600670,2098178362,1778748721
331305de37e33c9c,L,1860473066,589384894,1159400060,514900854
331305de37e33c9c,L,292168434,1162471369,1822879483,1985402533
331305de37e33c9c,L,99455995,298297340,1133678445,1553108260
331305de37e33c9c,L,897146774,1717234199,1443745322,1588585019
331305de37e33c9c,L,1471417309,93867433,306281464,605982133
331305de37e33c9c,L,2130662783,626237695,1193219265,834891243
331305de37e33c9c,L,1485754967,1528978742,516699166,919604106
331305de37e33c9c,L,994571846,1388223455,734701883,84200026
331305de37e33c9c,L,835807010,2075580018,19625717,48639306
331305de37e33c9c,L,1354436321,1620161894,307199086,534396136
331305de37e33c9c,L,2043195370,1145422501,1236671700,252788219
4f27950a03a4e1e5,A,897741137,578692587,2071004118,1078453029
4f27950a03a4e1e5,A,1755351627,899020500,1778249089,133546493
4f27950a03a4e1e5,A,2027074077,272202986,1820751605,245543856
4f27950a03a4e1e5,A,74842504,1764747607,1870596467,1825599584
4f27950a03a4e1e5,A,969040474,1782585000,2077685427,698461572
4f27950a03a4e1e5,A,624389440,696112809,1046533232,636866246
4f27950a03a4e1e5,A,1510331009,430468947,744458677,416573479
4f27950a03a4e1e5,A,2040105380,1765614207,52375585,172768324
4f27950a03a4e1e5,A,1278191250,483334247,26761364,1029685986
4f27950a03a4e1e5,A,1842611775,2076239581,1472957088,631164565
4f27950a03a4e1e5,A,899182307,1597298693,1738262498,698029378
4f27950a03a4e1e5,A,73113876,1272949429,872995768,408092185
4f27950a03a4e1e5,A,2106497657,2127539587,1336722115,656778934
4f27950a03a4e1e5,A,1016183809,2085406755,588361009,1137177325
4f27950a03a4e1e5,A,229455093,717220111,1657993097,1759424185
4f27950a03a4e1e5,A,1893107907,767472677,873940281,788673833
4f27950a03a4e1e5,A,575784256,609977394,1645092651,1994095208
4f27950a03a4e1e5,A,1071801199,1891314913,1510952829,576354008
4f27950a03a4e1e5,A,1929843495,103804199,259119815,872455791
4f27950a03a4e1e5,A,1497056199,38962409,1153570515,1125863760
4f27950a03a4e1e5,A,966050246,390437442,896204043,1158811929
4f27950a03a4e1e5,A,1810954015,346481049,508713982,1683963274
4f27950a03a4e1e5,A,396419374,918436503,342621036,304182000
4f27950a03a4e1e5,A,1135843942,1289944060,1524625395,894467001
4f27950a03a4e1e5,A,483323160,450253697,507607467,1101744446
4f27950a03a4e1e5,A,1435882649,2141517456,1300402995,1702109234
4f27950a03a4e1e5,A,370863907,1384774511,274645,243307698
4f27950a03a4e1e5,A,1689183344,536771074,65006016,427932573
4f27950a03a4e1e5,A,1206579418,1988511793,1244731930,1463607797
4f27950a03a4e1e5,A,1808534047,655332759,1674739098,1052245948
4f27950a03a4e1e5,B,713068178,340101208,623985567,679592379
4f27950a03a4e1e5,B,370724873,963067790,1833955611,1423080345
4f27950a03a4e1e5,B,2115699416,1787199671,1694829564,1793864540
4f27950a03a4e1e5,B,466094575,484189074,1972580677,1003911074
4f27950a03a4e1e5,B,526942804,259534001,566439246,1403521369
4f27950a03a4e1e5,B,824681218,588415320,158739928,750688582
4f27950a03a4e1e5,B,436294815,2125027356,2051939393,1819538749
4f27950a03a4e1e5,B,505954317,2104971329,1336227584,1809907924
4f27950a03a4e1e5,B,1514752279,1716111556,1059567309,881273857
4f27950a03a4e1e5,B,1309491523,2084925121,1031978766,1027960188
4f27950a03a4e1e5,B,2139550870,940419015,1780508620,503140022
4f27950a03a4e1e5,B,1931392288,1704657791,1144918266,2117532354
4f27950a03a4e1e5,B,683332964,1817135217,14287322,602141103
4f27950a03a4e1e5,B,927867309,709785645,695149690,1785469846
4f27950a03a4e1e5,B,1123527350,1998643078,2050190664,660634549
4f27950a03a4e1e5,B,123699130,952823693,208103982,1681367224
4f27950a03a4e1e5,B,410166666,565890779,932093569,1992478270
4f27950a03a4e1e5,B,453566740,1736084454,1050359084,553542135
4f27950a03a4e1e5,B,1675821490,1371929311,1278489228,1841031958
4f27950a03a4e1e5,B,736211386,928586088,2002198932,238729035
4f27950a03a4e1e5,B,1221568394,853664235,1775122815,1441782687
4f27950a03a4e1e5,B,59095451,704410834,1590241148,407432509
4f27950a03a4e1e5,B,898020020,731627049,323273461,2094901114
4f27950a03a4e1e5,B,1848230819,1758832149,2140319060,1316648733
4f27950a03a4e1e5,B,932300211,1168733260,1042454419,2030846324
4f27950a03a4e1e5,B,2030057087,809702436,872657641,409204535
4f27950a03a4e1e5,B,1584412911,287203107,1882573535,683665054
4f27950a03a4e1e5,B,840788639,490384103,1865774657,281402256
4f27950a03a4e1e5,B,1520591259,605118749,169130117,1776406229
4f27950a03a4e1e5,B,1420003682,985792068,225130081,1719365771
4f27950a03a4e1e5,C,1748799838,1323730821,233700824,489702731
4f27950a03a4e1e5,C,825451801,808162202,1996705484,2043839483
4f27950a03a4e1e5,C,2079209706,217013772,76803660,2001779554
4f27950a03a4e1e5,C,419407662,1208841618,1467226729,986749485
4f27950a03a4e1e5,C,441132943,1532407996,571029538,867108805
4f27950a03a4e1e5,C,199778201,2020413788,605143348,518210895
4f27950a03a4e1e5,C,1890591121,83703446,1963543006,665198304
4f27950a03a4e1e5,C,476892687,1973486370,950718871,439735028
4f27950a03a4e1e5,C,422326088,74900158,446886160,504065903
4f27950a03a4e1e5,C,168166125,774918851,882307509,232016695
4f27950a03a4e1e5,C,637773911,1722490765,103780199,1120694223
4f27950a03a4e1e5,C,1335790331,1604604306,1862767431,475310177
4f27950a03a4e1e5,C,1963694054,1466431371,115554568,1669470498
4f27950a03a4e1e5,C,1949599028,1030140900,412129838,1773118743
4f27950a03a4e1e5,C,1312799301,1315430184,701266496,837792313
4f27950a03a4e1e5,C,835485212,1285870067,1261416359,1491773394
4f27950a03a4e1e5,C,755293629,2145142885,2132932827,785120632
4f27950a03a4e1e5,C,649986808,283904759,1416227202,430617748
4f27950a03a4e1e5,C,734677449,62803022,1761806192,2027580084
4f27950a03a4e1e5,C,1555923655,2130051253,1692295446,1402406695
4f27950a03a4e1e5,C,1098757914,569373499,223465103,828299539
4f27950a03a4e1e5,C,449809582,705024714,964420740,285423830
4f27950a03a4e1e5,C,1531506301,1488461774,2027327304,160362082
4f27950a03a4e1e5,C,113302402,408281456,511714418,1782859441
4f27950a03a4e1e5,C,1824894136,1759783539,1007993303,764735763
4f27950a03a4e1e5,C,1217459405,1706562095,886501238,211294708
4f27950a03a4e1e5,C,376651137,1534671232,970952438,2026682559
4f27950a03a4e1e5,C,1290304058,551770067,1920019413,1587428946
4f27950a03a4e1e5,C,60360291,1187634465,495009051,1918602109
4f27950a03a4e1e5,C,1515358411,1991641395,1497725685,1484650867
4f27950a03a4e1e5,D,2125279608,2132485332,1179345450,1920427680
4f27950a03a4e1e5,D,1727312014,271473189,1407414478,2037669147
4f27950a03a4e1e5,D,344651755,1163389021,1632878646,1751715371
4f27950a03a4e1e5,D,2060713272,1838012862,1428328318,92958337
4f27950a03a4e1e5,D,998960054,911989794,1725779110,1127171427
4f27950a03a4e1e5,D,1789890218,845684786,226072460,323989104
4f27950a03a4e1e5,D,18441465,1410569017,1696789881,196547386
4f27950a03a4e1e5,D,2064965051,220919850,1967788029,615135276
4f27950a03a4e1e5,D,1644709722,1932485557,302354171,1741249093
4f27950a03a4e1e5,D,573604114,157707116,767158371,1996651449
4f27950a03a4e1e5,D,798516452,1389686319,1572144547,1568220618
4f27950a03a4e1e5,D,1166700749,37099662,970314613,804096975
4f27950a03a4e1e5,D,1889528015,1429712070,553569792,146883929
4f27950a03a4e1e5,D,1302955342,1417063262,1321751024,439023857
4f27950a03a4e1e5,D,519601743,2041256921,1407278243,1914881955
4f27950a03a4e1e5,D,1775473497,1693855792,1676966988,2088616102
4f27950a03a4e1e5,D,587320008,1030686732,917701090,1102339220
4f27950a03a4e1e5,D,1736011271,894877662,348387877,1044872602
4f27950a03a4e1e5,D,390987364,1851959577,674315935,1679857425
4f27950a03a4e1e5,D,1805585060,166576630,939045300,1862346627
4f27950a03a4e1e5,D,1104413893,1407381810,388293806,528090914
4f27950a03a4e1e5,D,1166353373,199914904,648067001,1799455862
4f27950a03a4e1e5,D,2295731,432307707,261361898,694490133
4f27950a03a4e1e5,D,1382894437,1410577378,113627133,652358922
4f27950a03a4e1e5,D,264111584,1040616635,531341230,156907009
4f27950a03a4e1e5,D,574706271,188446150,410546027,2042530547
4f27950a03a4e1e5,D,892667124,875471668,1562863694,34477516
4f27950a03a4e1e5,D,1102899115,181817607,792742150,413508109
4f27950a03a4e1e5,D,1143573171,1054402206,1381672383,1712019498
4f27950a03a4e1e5,D,1124118419,2012863992,39762074,1629319930
4f27950a03a4e1e5,E,745989037,1123081484,772598355,1761433886
4f27950a03a4e1e5,E,1786155304,327027034,551815884,204821790
4f27950a03a4e1e5,E,472236671,1088581972,1462116923,826513958
4f27950a03a4e1e5,E,881799873,1964919870,1662553280,862541650
4f27950a03a4e1e5,E,626983133,1393084074,1898947082,1004719971
4f27950a03a4e1e5,E,1710160116,1559426891,2132990391,292303559
4f27950a03a4e1e5,E,1202604750,962191043,394794453,328318054
4f27950a03a4e1e5,E,1885818693,35139389,1862890381,2061970107
4f27950a03a4e1e5,E,660431129,1846668260,905559565,286863197
4f27950a03a4e1e5,E,1826170743,188308027,483103427,1372420206
4f27950a03a4e1e5,E,1322285135,881431540,1895579564,1033081617
4f27950a03a4e1e5,E,105455516,665940789,1059141118,1726394688
4f27950a03a4e1e5,E,543000255,977202642,1375075556,631246905
4f27950a03a4e1e5,E,1859352234,910206093,450975506,2103281062
4f27950a03a4e1e5,E,2147199189,633904465,1990595910,1265358077
4f27950a03a4e1e5,E,1051038183,699502229,2041248102,1202213354
4f27950a03a4e1e5,E,286050750,1262002866,1870121358,920252822
4f27950a03a4e1e5,E,1941165155,713371945,1056138665,1608594794
4f27950a03a4e1e5,E,1769723907,80820691,1678416104,1209154899
4f27950a03a4e1e5,E,1840176487,1279425412,1479915794,687682757
4f27950a03a4e1e5,E,857382834,1245470451,173405212,1135388019
4f27950a03a4e1e5,E,952590979,1027283417,1896422496,1523211132
4f27950a03a4e1e5,E,1666752281,2125567463,1621500064,148017691
4f27950a03a4e1e5,E,2145515782,1292686666,834220151,158396923
4f27950a03a4e1e5,E,649823070,672182176,71453915,59968827
4f27950a03a4e1e5,E,1528153847,1384091164,1474755417,589548703
4f27950a03a4e1e5,E,1829808779,1239538136,1522087585,1234217381
4f27950a03a4e1e5,E,73289912,1726183188,1904530938,2033999139
4f27950a03a4e1e5,E,229480869,1212702715,921741248,1461871189
4f27950a03a4e1e5,E,1458691374,286050450,839623228,1612633915
4f27950a03a4e1e5,F,703695265,2134805665,1078941808,440794986
4f27950a03a4e1e5,F,770217715,1345991159,1122271108,53526085
4f27950a03a4e1e5,F,1591587544,1898191060,1480747746,820367875
4f27950a03a4e1e5,F,427323641,144929085,913062263,71818740
4f27950a03a4e1e5,F,309951887,253452104,392382237,2039875110
4f27950a03a4e1e5,F,1334513344,646833996,1690451524,314440309
4f27950a03a4e1e5,F,1047894977,191921078,270302670,1668523776
4f27950a03a4e1e5,F,962217947,1004322573,451126050,1127132656
4f27950a03a4e1e5,F,1254222251,752718769,1967961322,1723955140
4f27950a03a4e1e5,F,1290841883,325721592,648127668,773610399
4f27950a03a4e1e5,F,401028396,145839621,253600607,856252467
4f27950a03a4e1e5,F,488076451,683853438,1051121431,1667068800
4f27950a03a4e1e5,F,228659857,299269113,1935238250,80205853
4f27950a03a4e1e5,F,502465406,1968096399,240091723,904852266
4f27950a03a4e1e5,F,1339839668,788584282,1143383963,414428022
4f27950a03a4e1e5,F,238981025,1490163757,351403218,1634778213
4f27950a03a4e1e5,F,82246746,1429247410,658989910,1353675526
4f27950a03a4e1e5,F,805295843,744389399,1680848041,1565752527
4f27950a03a4e1e5,F,383010557,2140997615,1614457928,2022530731
4f27950a03a4e1e5,F,249592050,1277328674,621394579,1509197141
4f27950a03a4e1e5,F,1436336469,805218602,1419851651,365553265
4f27950a03a4e1e5,F,1561221407,1056463145,139594987,1924152015
4f27950a03a4e1e5,F,1426167058,2074103629,138168672,36369667
4f27950a03a4e1e5,F,1715934466,1509416169,991661264,834516059
4f27950a03a4e1e5,F,630789801,1045970970,2100803197,308480493
4f27950a03a4e1e5,F,763482993,1120357327,696973450,1872799904
4f27950a03a4e1e5,F,2030275050,2142638484,538594377,1086440524
4f27950a03a4e1e5,F,2056812671,1099926072,924225695,1624864037
4f27950a03a4e1e5,F,2110057083,1244157929,787031252,888394416
4f27950a03a4e1e5,F,1027780373,1716193577,603457228,1667669108
4f27950a03a4e1e5,G,558855520,1036862050,1013296387,1498143239
4f27950a03a4e1e5,G,898668189,400826019,257507655,1777465265
4f27950a03a4e1e5,G,194062695,854877802,1405137559,2001353802
4f27950a03a4e1e5,G,1173252069,1769463157,1749605390,690482363
4f27950a03a4e1e5,G,862089288,1116860227,369399211,1832351957
4f27950a03a4e1e5,G,1275299866,1588639,2043833888,986192692
4f27950a03a4e1e5,G,503309374,1890452645,1457985648,1774086793
4f27950a03a4e1e5,G,1019212616,1189586236,1942636167,1732219671
4f27950a03a4e1e5,G,1742483073,894806845,64806735,192171519
4f27950a03a4e1e5,G,381113596,1846002719,429833921,1429311318
4f27950a03a4e1e5,G,612073366,1365547098,286247305,751555258
4f27950a03a4e1e5,G,1177519788,727892486,1039282293,295123352
4f27950a03a4e1e5,G,558294529,572179923,1433028176,269124653
4f27950a03a4e1e5,G,864673052,589861155,674435070,815572195
4f27950a03a4e1e5,G,1521785949,1993472372,1241612081,721913660
4f27950a03a4e1e5,G,250174223,1873430461,2010344788,2021487731
4f27950a03a4e1e5,G,1459440507,25185807,88570556,1637528046
4f27950a03a4e1e5,G,1333154285,1832846431,1148521096,48528190
4f27950a03a4e1e5,G,539666119,719392785,1344428266,434035910
4f27950a03a4e1e5,G,977922872,2054959634,1302573721,683711423
4f27950a03a4e1e5,G,408581577,1889157397,1157254538,1473317038
4f27950a03a4e1e5,G,1882044775,1839184945,1316072399,1935722064
4f27950a03a4e1e5,G,755169214,1686310445,308237861,1980424885
4f27950a03a4e1e5,G,1504280707,595744328,287478437,1736271934
4f27950a03a4e1e5,G,1855734445,1200048516,1826073949,877569529
4f27950a03a4e1e5,G,1018769097,1251549931,914107130,184910753
4f27950a03a4e1e5,G,1317821008,82863504,1197382441,1039947495
4f27950a03a4e1e5,G,1261322143,2131666304,1535210024,1168839818
4f27950a03a4e1e5,G,2039234248,704009993,692036837,1344915342
4f27950a03a4e1e5,G,413035076,1458507471,1495551189,202614098
4f27950a03a4e1e5,H,523460269,843745015,418985330,2038691687
4f27950a03a4e1e5,H,306406216,793653086,226175919,1090844401
4f27950a03a4e1e5,H,426234374,791385907,1862895085,238085705
4f27950a03a4e1e5,H,985087651,108970794,1159699845,921996870
4f27950a03a4e1e5,H,264122744,185688117,765053315,1594127126
4f27950a03a4e1e5,H,1746733530,1001268669,547820132,1587370756
4f27950a03a4e1e5,H,300630527,448379637,401688804,1255796607
4f27950a03a4e1e5,H,1899704040,280082651,2142438558,1091546744
4f27950a03a4e1e5,H,367078001,1465546803,1659387043,2139613692
4f27950a03a4e1e5,H,56650411,1665358240,912933159,1030687123
4f27950a03a4e1e5,H,1482504163,1813848729,1224604688,1916185952
4f27950a03a4e1e5,H,850116072,147138501,1175774005,1244368614
4f27950a03a4e1e5,H,1505990042,38938212,2087184098,384952068
4f27950a03a4e1e5,H,1018163304,1575567661,244567340,24008261
4f27950a03a4e1e5,H,474495469,1843089086,1571709449,218628327
4f27950a03a4e1e5,H,330261280,277224868,1081820021,1795653591
4f27950a03a4e1e5,H,437448297,1431807312,756005173,1152627728
4f27950a03a4e1e5,H,1105683691,918811232,1701971844,1694505822
4f27950a03a4e1e5,H,312477038,1211696291,595977749,1926351178
4f27950a03a4e1e5,H,2094068964,1856361645,1018499722,39989903
4f27950a03a4e1e5,H,657263068,2108362544,1857788378,576148700
4f27950a03a4e1e5,H,1031882969,1119669525,1495660179,718308620
4f27950a03a4e1e5,H,353634692,465112513,1287889980,1145724263
4f27950a03a4e1e5,H,591894435,312671512,1368859146,75775226
4f27950a03a4e1e5,H,1325691847,581067304,2061253132,1559686005
4f27950a03a4e1e5,H,205210992,1221446556,1632523677,1225999752
4f27950a03a4e1e5,H,345383625,1702564709,1473886268,344098403
4f27950a03a4e1e5,H,985710354,531353934,235722458,548111084
4f27950a03a4e1e5,H,1728168280,1295812815,1227851727,881514131
4f27950a03a4e1e5,H,645649153,1847114071,838512795,958328441
4f27950a03a4e1e5,I,1622085899,1698741223,2131333350,287341535
4f27950a03a4e1e5,I,1008636017,1222206001,1220483567,819628962
4f27950a03a4e1e5,I,1740839966,1298605018,760023767,2112453567
4f27950a03a4e1e5,I,1763600074,783608799,606119594,1789689284
4f27950a03a4e1e5,I,199921644,1112038222,640019395,1551376611
4f27950a03a4e1e5,I,819893159,434787098,179916177,6906246
4f27950a03a4e1e5,I,1913317083,696600074,308807266,1991546174
4f27950a03a4e1e5,I,346089846,1631617850,186025923,255527777
4f27950a03a4e1e5,I,1407741226,451635199,627828106,1086586093
4f27950a03a4e1e5,I,186212426,1320704365,1681179219,1039512098
4f27950a03a4e1e5,I,1950289154,152582089,1103446457,468469653
4f27950a03a4e1e5,I,1153472379,729695995,1687127820,211348480
4f27950a03a4e1e5,I,1380714996,764313816,1838034777,2116215410
4f27950a03a4e1e5,I,1857766157,461469281,1477021594,399937170
4f27950a03a4e1e5,I,1852915613,600138557,1177206689,67476051
4f27950a03a4e1e5,I,2147126432,1117042222,1481026779,820246029
4f27950a03a4e1e5,I,1823894334,2039922733,1984488010,1757838612
4f27950a03a4e1e5,I,1103002741,1049026578,1860305154,1072525346
4f27950a03a4e1e5,I,1398003788,1188568687,822100425,1503324244
4f27950a03a4e1e5,I,146675172,1939684619,1196593986,1111057478
4f27950a03a4e1e5,I,367616163,1238851951,69450958,185305636
4f27950a03a4e1e5,I,1789896811,963063269,1977533098,1939096107
4f27950a03a4e1e5,I,1957186054,1840287221,2044289049,1496773031
4f27950a03a4e1e5,I,157175606,830219362,612150060,1165329493
4f27950a03a4e1e5,I,27014861,2016466425,955509491,329083627
4f27950a03a4e1e5,I,459750676,1189972517,2070380928,961064879
4f27950a03a4e1e5,I,987391286,1256034235,1165600745,194640699
4f27950a03a4e1e5,I,1221748077,471910270,365869406,789321921
4f27950a03a4e1e5,I,346801071,1027526757,1617263553,522399541
4f27950a03a4e1e5,I,1200965574,1554564962,767209091,797217231
4f27950a03a4e1e5,J,1859832629,360503243,968892361,1072505370
4f27950a03a4e1e5,J,2000182665,564115449,475073544,1271310973
4f27950a03a4e1e5,J,481736974,314563669,1881586862,1279406160
4f27950a03a4e1e5,J,387589258,1808584106,398531639,114413529
4f27950a03a4e1e5,J,241519341,1787822152,1105554579,1390981596
4f27950a03a4e1e5,J,544977714,99451545,1265636394,1621036229
4f27950a03a4e1e5,J,6233675,1545348442,831221079,1726032872
4f27950a03a4e1e5,J,1661616591,190966669,194732462,670758968
4f27950a03a4e1e5,J,1882135547,909449917,1209606720,1513764568
4f27950a03a4e1e5,J,304749704,595650192,180724080,2039399833
4f27950a03a4e1e5,J,1635849329,1446909439,829359821,11261719
4f27950a03a4e1e5,J,89579337,327610616,1282980485,1231610025
4f27950a03a4e1e5,J,1783088104,1154576967,1573585130,238773353
4f27950a03a4e1e5,J,504542113,1047910746,125267860,742443410
4f27950a03a4e1e5,J,1739892628,1087596220,364817955,1102890123
4f27950a03a4e1e5,J,2077974285,2080839803,1761929829,438069380
4f27950a03a4e1e5,J,760586809,2112542436,94151890,1162316731
4f27950a03a4e1e5,J,1665057061,2124230532,587208497,704841768
4f27950a03a4e1e5,J,1388288749,54615717,1793723833,1057977623
4f27950a03a4e1e5,J,15120854,912212553,1798512918,1108549864
4f27950a03a4e1e5,J,91872956,418845874,1837799994,1912168010
4f27950a03a4e1e5,J,1554250337,1580706770,1134099463,23199021
4f27950a03a4e1e5,J,1821420248,472683168,1236298514,1057475295
4f27950a03a4e1e5,J,2086383077,1179876422,1402519487,1974198558
4f27950a03a4e1e5,J,1816917642,2071324728,630206873,911578203
4f27950a03a4e1e5,J,462057006,1860630942,344977505,522004048
4f27950a03a4e1e5,J,515513812,779060884,54645927,1622073643
4f27950a03a4e1e5,J,407306352,88134206,1286695979,805901400
4f27950a03a4e1e5,J,250894561,1846119876,2073723045,1200684694
4f27950a03a4e1e5,J,1679386303,478975005,2097584431,1721595654
4f27950a03a4e1e5,K,775164953,564023466,2110798149,1862880150
4f27950a03a4e1e5,K,2020827277,1536254309,326892875,1142364704
4f27950a03a4e1e5,K,682945894,1260116266,944159986,2108049276
4f27950a03a4e1e5,K,722528641,2007724101,823747524,238562409
4f27950a03a4e1e5,K,386630231,147701905,1093628237,2143021151
4f27950a03a4e1e5,K,143513726,1692405392,453653633,516396912
4f27950a03a4e1e5,K,1340365774,1760130449,1461811621,1674238
4f27950a03a4e1e5,K,1003777335,887818744,1935285909,1686273421
4f27950a03a4e1e5,K,1609050100,979083201,422216487,906109575
4f27950a03a4e1e5,K,1021106377,2069356339,626932039,555274862
4f27950a03a4e1e5,K,455366849,841658516,535039993,1796004425
4f27950a03a4e1e5,K,1840475342,822534604,684493498,1479193294
4f27950a03a4e1e5,K,1532187622,48125346,1688846490,1793568353
4f27950a03a4e1e5,K,2141786131,1106037276,1994768898,1377715722
4f27950a03a4e1e5,K,1601944893,451484213,1281358340,1037059479
4f27950a03a4e1e5,K,1411118454,696192948,1637156197,1134979746
4f27950a03a4e1e5,K,1725725102,451200570,157387497,1036937541
4f27950a03a4e1e5,K,887886898,2049523184,441631661,1024987375
4f27950a03a4e1e5,K,921548793,1207696585,344547544,958751466
4f27950a03a4e1e5,K,1007446167,1452341817,233727732,89331682
4f27950a03a4e1e5,K,1054391660,632383841,2076963241,1656203698
4f27950a03a4e1e5,K,430367792,535198110,255708791,1214745822
4f27950a03a4e1e5,K,1706014075,1652908578,1277496891,1757021618
4f27950a03a4e1e5,K,1322198466,879345720,842700046,1596186301
4f27950a03a4e1e5,K,1657331858,1238413196,1116633368,198891793
4f27950a03a4e1e5,K,2041913908,249851373,1149337672,1475555778
4f27950a03a4e1e5,K,384991444,1181036880,258676814,1357926543
4f27950a03a4e1e5,K,2095682669,1176649860,560585309,248887074
4f27950a03a4e1e5,K,1148744492,1563971957,751651178,150040645
4f27950a03a4e1e5,K,1397497109,1256565563,1675572376,2131780339
4f27950a03a4e1e5,L,1033678453,1799656313,337469580,1198015649
4f27950a03a4e1e5,L,57374315,1220809909,1682494909,1658113531
4f27950a03a4e1e5,L,814186893,743061346,921631481,53412514
4f27950a03a4e1e5,L,24763052,1346444693,1624267549,490612440
4f27950a03a4e1e5,L,1351404292,1907080538,668714526,1249490933
4f27950a03a4e1e5,L,33078666,1023638804,255581686,2009247486
4f27950a03a4e1e5,L,542957555,894627855,2102076134,207577048
4f27950a03a4e1e5,L,592458938,859328276,1536068874,198209952
4f27950a03a4e1e5,L,432432877,1943355969,1192978944,2066224673
4f27950a03a4e1e5,L,1020008555,1279282442,1257171230,761960102
4f27950a03a4e1e5,L,325492180,878739635,1187494837,124797812
4f27950a03a4e1e5,L,519012791,423949228,350116213,989710571
4f27950a03a4e1e5,L,1097721802,676266799,671488854,491373847
4f27950a03a4e1e5,L,949172149,312031059,569333786,988759464
4f27950a03a4e1e5,L,703816028,189242117,1826355525,1181828356
4f27950a03a4e1e5,L,1249953386,1099698269,907006736,731558123
4f27950a03a4e1e5,L,1761521075,717109116,1219233877,1975569862
4f27950a03a4e1e5,L,1662606950,1178428099,684481524,53614564
4f27950a03a4e1e5,L,361338276,1801438691,376579271,1030851509
4f27950a03a4e1e5,L,1919512180,1237369918,21635090,1991974398
4f27950a03a4e1e5,L,2012858685,1604921604,1329846644,1983146311
4f27950a03a4e1e5,L,1112891768,299379402,1346033186,529752430
4f27950a03a4e1e5,L,1185171086,1784105522,1390191980,207215218
4f27950a03a4e1e5,L,1512401353,156662054,672406175,894398855
4f27950a03a4e1e5,L,1916559513,1323347991,2090605894,2021189572
4f27950a03a4e1e5,L,414006307,423189148,1279072022,466309260
4f27950a03a4e1e5,L,2035034506,2106372073,432109565,1287324377
4f27950a03a4e1e5,L,1046481614,519850310,764954763,726121109
4f27950a03a4e1e5,L,1147639792,400818390,487518011,1307216425
4f27950a03a4e1e5,L,677343718,1040335596,1408872311,870827228
8da1bbfc03ea5905,A,1010935880,1406109703,943236813,320506174
8da1bbfc03ea5905,A,639642114,62599351,1528590418,1470020554
8da1bbfc03ea5905,A,1221431708,2028993873,105218156,1514104470
8da1bbfc03ea5905,A,2007738629,1434366057,1006836251,2014588789
8da1bbfc03ea5905,A,462219345,1872474060,1634741822,1793751896
8da1bbfc03ea5905,A,1657538999,1863426961,191822540,304132750
8da1bbfc03ea5905,A,1976180236,394263564,1071029606,465968154
8da1bbfc03ea5905,A,1104558131,1256043065,372554592,1877162970
8da1bbfc03ea5905,A,882521595,885895277,955891636,1624123803
8da1bbfc03ea5905,A,542956228,2078438760,866990113,289035411
8da1bbfc03ea5905,A,1475011795,1471128596,757029880,663645181
8da1bbfc03ea5905,A,498395085,614471851,1528548218,1910152625
8da1bbfc03ea5905,A,1468061578,362646692,900679896,1000809409
8da1bbfc03ea5905,A,592533353,203789764,232307614,1961119140
8da1bbfc03ea5905,A,86783336,1430064563,626955370,1187805610
8da1bbfc03ea5905,A,200971772,527040752,543222790,271247669
8da1bbfc03ea5905,A,1179363358,454421728,857054695,454736547
8da1bbfc03ea5905,A,724473742,1824518134,1434240412,1947611174
8da1bbfc03ea5905,A,535412504,1383897847,1933152090,2077537726
8da1bbfc03ea5905,A,1158373030,186791547,1198249986,691552178
8da1bbfc03ea5905,A,1862714862,1823097121,1545696941,868069160
8da1bbfc03ea5905,A,1762486811,1624190981,2056808295,1470887430
8da1bbfc03ea5905,A,1632257579,719920349,2034010002,1736967475
8da1bbfc03ea5905,A,1334234405,1973953284,1732989100,1496430281
8da1bbfc03ea5905,A,974880994,435248844,903268933,1554768375
8da1bbfc03ea5905,A,635255983,561746781,1664970802,415802598
8da1bbfc03ea5905,A,1250418156,1849713692,1147600464,673709832
8da1bbfc03ea5905,A,512172251,1813596270,1208495591,2081453062
8da1bbfc03ea5905,A,54510809,1966836231,177445916,1815937608
8da1bbfc03ea5905,A,632770264,2098182769,2111573077,754084117
8da1bbfc03ea5905,B,1120305623,608480850,1881917579,157075764
8da1bbfc03ea5905,B,70790917,303053718,700768309,844243021
8da1bbfc03ea5905,B,1343247811,523558203,1360057123,629731128
8da1bbfc03ea5905,B,1600633555,1785257600,636855042,1084123779
8da1bbfc03ea5905,B,1696611730,2020573269,200624993,2078771730
8da1bbfc03ea5905,B,1981853036,341899643,60409355,98688394
8da1bbfc03ea5905,B,1847173222,738232854,644373918,1110580677
8da1bbfc03ea5905,B,563707173,1738115472,1760251433,1057756753
8da1bbfc03ea5905,B,847665290,1146483254,1606546277,1974451707
8da1bbfc03ea5905,B,2016396097,98863251,1448747930,2137111905
8da1bbfc03ea5905,B,96267410,1201697384,532386328,1326290595
8da1bbfc03ea5905,B,102768183,225441463,922714345,913916436
8da1bbfc03ea5905,B,1346604278,1510780397,870692839,679344546
8da1bbfc03ea5905,B,37844888,1111371212,1150557982,1691778297
8da1bbfc03ea5905,B,1098915996,242081752,656600695,353113099
8da1bbfc03ea5905,B,1054390348,381652939,468368729,918519384
8da1bbfc03ea5905,B,881871715,1917245746,242079226,1952056276
8da1bbfc03ea5905,B,897681966,2081014674,1497253598,2145818836
8da1bbfc03ea5905,B,656813868,1510314255,919824322,404307032
8da1bbfc03ea5905,B,1579078429,571685157,165165141,75734366
8da1bbfc03ea5905,B,1859867727,357125693,74862327,1646880528
8da1bbfc03ea5905,B,817452010,1578723892,1166868348,265643230
8da1bbfc03ea5905,B,1784049823,499943708,980537280,878689108
8da1bbfc03ea5905,B,1294430081,754855503,899897163,2045307094
8da1bbfc03ea5905,B,117278213,815283813,536316540,825940236
8da1bbfc03ea5905,B,807359688,1926217125,1602187961,1935312774
8da1bbfc03ea5905,B,1192421582,429411401,1409226900,1401761008
8da1bbfc03ea5905,B,280347032,1156697696,773457295,1867648100
8da1bbfc03ea5905,B,1409164598,1927244520,1451432089,1090933689
8da1bbfc03ea5905,B,1001763913,1911439140,2015358386,1787836822
8da1bbfc03ea5905,C,323894485,1835849078,1160983209,1049114252
8da1bbfc03ea5905,C,670361037,1465956097,1935540868,998919782
8da1bbfc03ea5905,C,1259447917,751150162,1677114683,2140086300
8da1bbfc03ea5905,C,1475264817,506721408,336878826,216435434
8da1bbfc03ea5905,C,1383327924,402457213,930156606,467661117
8da1bbfc03ea5905,C,2030792905,765878992,1426487438,1282225963
8da1bbfc03ea5905,C,1633078634,1708134870,35989486,630029409
8da1bbfc03ea5905,C,1549132624,293091417,1534178356,922692984
8da1bbfc03ea5905,C,122995951,2020768078,1978891923,169520743
8da1bbfc03ea5905,C,910491279,1330019447,410408983,213188313
8da1bbfc03ea5905,C,702380692,1744512940,1072998312,732946134
8da1bbfc03ea5905,C,615556340,875958409,1102641445,416975391
8da1bbfc03ea5905,C,1035885583,1674674700,1143020572,1837571908
8da1bbfc03ea5905,C,1870455025,408072329,473351546,805023082
8da1bbfc03ea5905,C,1852455327,1322926820,505002855,152051511
8da1bbfc03ea5905,C,9362383,1513872299,1191947454,1968575092
8da1bbfc03ea5905,C,1985717564,1372008350,1736977541,747154130
8da1bbfc03ea5905,C,844279704,672852153,1798477632,1080771931
8da1bbfc03ea5905,C,1499973901,107705000,1092863977,240414892
8da1bbfc03ea5905,C,963711523,1785384921,371805222,1799451186
8da1bbfc03ea5905,C,1057808121,107231895,1393399703,1984046601
8da1bbfc03ea5905,C,1019899295,185416886,63587892,1433590809
8da1bbfc03ea5905,C,2145339929,902643187,1326034598,764253493
8da1bbfc03ea5905,C,644862731,1373902503,1736381325,637250916
8da1bbfc03ea5905,C,829738513,1674448723,2088597012,120297177
8da1bbfc03ea5905,C,1948389197,648967513,97692255,539504715
8da1bbfc03ea5905,C,490361746,820364851,831827463,2020091958
8da1bbfc03ea5905,C,1210512155,738163412,166225984,1552839883
8da1bbfc03ea5905,C,45065195,2050092012,534092748,737246804
8da1bbfc03ea5905,C,240426428,592984473,2095043402,978488043
8da1bbfc03ea5905,D,2144085884,1710541436,540200182,1024482968
8da1bbfc03ea5905,D,1121542709,762317731,529622101,2000138615
8da1bbfc03ea5905,D,314432925,1294363534,1931146984,1682682808
8da1bbfc03ea5905,D,1873508125,1885860458,15655152,1622905203
8da1bbfc03ea5905,D,196697464,1058188490,1819630553,1064288825
8da1bbfc03ea5905,D,14130941,938816061,628835241,1688418109
8da1bbfc03ea5905,D,2053347528,1799601327,1714546599,1422096257
8da1bbfc03ea5905,D,1902866540,758345484,1090655054,206861622
8da1bbfc03ea5905,D,1068520063,377746069,931085529,1439640196
8da1bbfc03ea5905,D,2000155534,1927719381,834412375,2072222107
8da1bbfc03ea5905,D,1773436169,1985843405,1209641641,804903390
8da1bbfc03ea5905,D,2081787284,768263794,98562555,2044311094
8da1bbfc03ea5905,D,1650786216,2072893517,2030464334,1302481683
8da1bbfc03ea5905,D,612614767,1494182856,1338067623,747929704
8da1bbfc03ea5905,D,2027414257,1923662576,1398639228,1247296026
8da1bbfc03ea5905,D,416755826,237496262,1695972585,1637666510
8da1bbfc03ea5905,D,1925289492,1962671469,736295324,1687290234
8da1bbfc03ea5905,D,1414819714,1320395833,357518339,145378291
8da1bbfc03ea5905,D,1885289241,1412973799,1194157075,495265762
8da1bbfc03ea5905,D,610754701,1607460145,408189987,1185810897
8da1bbfc03ea5905,D,1188156424,334631731,787736552,995357557
8da1bbfc03ea5905,D,2142650928,751499674,315313665,915936900
8da1bbfc03ea5905,D,1004470331,2015586306,255228528,285082803
8da1bbfc03ea5905,D,1601528687,580662194,1081915769,1415663286
8da1bbfc03ea5905,D,99503638,1733372124,1074417353,1537865208
8da1bbfc03ea5905,D,1491812422,1603149551,44417691,453750132
8da1bbfc03ea5905,D,1194849330,1882197504,1196811376,947973785
8da1bbfc03ea5905,D,1217929689,2088604464,1160005614,1391273368
8da1bbfc03ea5905,D,1319728671,30237242,533202193,707446965
8da1bbfc03ea5905,D,1586415341,1743313045,1665989509,497999330
8da1bbfc03ea5905,E,577330846,779612338,36289262,784833903
8da1bbfc03ea5905,E,650834830,527817551,848755521,784715541
8da1bbfc03ea5905,E,1731809135,222610145,1723675425,1229385256
8da1bbfc03ea5905,E,305154957,2111367890,1923415365,163759966
8da1bbfc03ea5905,E,416791521,779065244,1107713135,2064912513
8da1bbfc03ea5905,E,429658297,688171312,1398337088,77231180
8da1bbfc03ea5905,E,724985894,1851436027,1794469781,1583939099
8da1bbfc03ea5905,E,866746035,1318237794,2090554383,482286007
8da1bbfc03ea5905,E,1537619110,1729375530,1417522686,489251960
8da1bbfc03ea5905,E,2043599562,1115663589,2013640007,1761285660
8da1bbfc03ea5905,E,558500716,1715558654,525809681,1544049391
8da1bbfc03ea5905,E,456209771,59365323,508340924,11663785
8da1bbfc03ea5905,E,1360652916,231288668,1499234966,1144407819
8da1bbfc03ea5905,E,1889550360,436802476,1371768038,801185140
8da1bbfc03ea5905,E,469928596,1346290975,543880706,170744952
8da1bbfc03ea5905,E,1528660645,634460639,542210272,1152060323
8da1bbfc03ea5905,E,1439088046,109600115,434389200,646073279
8da1bbfc03ea5905,E,442007933,787515979,1400861242,1436958937
8da1bbfc03ea5905,E,771331074,1561491048,1705282478,1290861072
8da1bbfc03ea5905,E,698594931,1702367948,876984158,645096822
8da1bbfc03ea5905,E,161994435,1735537407,644644321,1084939010
8da1bbfc03ea5905,E,498950503,814997358,1750189343,464695504
8da1bbfc03ea5905,E,583032765,140741189,1657034433,1365693041
8da1bbfc03ea5905,E,1651301279,1936471520,1433099471,2128104522
8da1bbfc03ea5905,E,1512346377,1148871954,1296185519,549144118
8da1bbfc03ea5905,E,1837331254,2089739312,1163221033,196779755
8da1bbfc03ea5905,E,683168778,931681670,1525954475,163825037
8da1bbfc03ea5905,E,1773906442,1934891323,1615271422,334682044
8da1bbfc03ea5905,E,282885271,636238763,2003790827,727573489
8da1bbfc03ea5905,E,363163300,963873265,523441161,536912293
8da1bbfc03ea5905,F,527181821,2083386349,2068428983,1707934958
8da1bbfc03ea5905,F,1618577828,1809770065,1675445805,297761475
8da1bbfc03ea5905,F,836221169,2095256000,365578423,367693463
8da1bbfc03ea5905,F,980745209,451129546,962324673,1515893498
8da1bbfc03ea5905,F,1384225967,1692943200,1723112802,404952283
8da1bbfc03ea5905,F,40227297,1237205760,831458437,147536631
8da1bbfc03ea5905,F,720248113,2087288847,212550799,545560713
8da1bbfc03ea5905,F,1170674166,603633862,1822095230,1270303897
8da1bbfc03ea5905,F,974418141,1488591922,1143314942,35627589
8da1bbfc03ea5905,F,1381712209,594584338,1447440795,1022830702
8da1bbfc03ea5905,F,1384921062,1695257930,2073296141,1732872314
8da1bbfc03ea5905,F,1995395089,1238347898,2137377308,7065059
8da1bbfc03ea5905,F,1229868075,1340067860,481334056,285626064
8da1bbfc03ea5905,F,791591762,1411555858,925718154,2069002731
8da1bbfc03ea5905,F,688601453,358144031,826191666,517611554
8da1bbfc03ea5905,F,301614023,868690108,2071663814,1878386001
8da1bbfc03ea5905,F,1238517514,916329156,1216797016,1448565143
8da1bbfc03ea5905,F,1382504838,3963053,2068646816,850604674
8da1bbfc03ea5905,F,899931960,2058625322,214279693,1452087966
8da1bbfc03ea5905,F,815478281,1479805487,230108312,1114299175
8da1bbfc03ea5905,F,884890570,633672876,1135801044,691808742
8da1bbfc03ea5905,F,359829083,82860910,953216168,1026144765
8da1bbfc03ea5905,F,601368333,1188884588,275187579,273911913
8da1bbfc03ea5905,F,1845372420,1824933763,332964969,1732555743
8da1bbfc03ea5905,F,503989343,2120129030,1384424698,667004617
8da1bbfc03ea5905,F,525909412,1774665063,1702372432,1116622696
8da1bbfc03ea5905,F,129520618,758265732,2112084451,1971348604
8da1bbfc03ea5905,F,839980258,1364104479,612477690,1804179093
8da1bbfc03ea5905,F,1442063233,1567009672,1600787375,713728223
8da1bbfc03ea5905,F,748853058,412022183,670760848,146067916
8da1bbfc03ea5905,G,1128285428,1554006831,1540723211,600884228
8da1bbfc03ea5905,G,2029028393,1175303179,895281900,398123537
8da1bbfc03ea5905,G,986984689,1571168689,1373363306,1923949462
8da1bbfc03ea5905,G,605039654,959255365,2103452462,836750975
8da1bbfc03ea5905,G,2095533411,1014599375,189271260,1186722227
8da1bbfc03ea5905,G,996521751,607989751,655428663,194871340
8da1bbfc03ea5905,G,1855377930,1560773900,1208982205,1458006263
8da1bbfc03ea5905,G,1048588651,1318669803,909793373,1797557592
8da1bbfc03ea5905,G,1140594451,1683971613,1790366338,1510136539
8da1bbfc03ea5905,G,119865473,646660539,2118498436,1568016259
8da1bbfc03ea5905,G,1326824451,212996425,1673111223,1171042864
8da1bbfc03ea5905,G,1048600303,1300423201,1250580008,2054398068
8da1bbfc03ea5905,G,1858497765,1342379807,1812828846,702847556
8da1bbfc03ea5905,G,977950283,1397836881,1583565699,805102222
8da1bbfc03ea5905,G,535856349,1089514265,13651929,2038493402
8da1bbfc03ea5905,G,1937344881,1951344803,84689456,628595913
8da1bbfc03ea5905,G,337189948,1405832753,1074059119,2030946301
8da1bbfc03ea5905,G,874081732,2087474033,697364405,1571476257
8da1bbfc03ea5905,G,1291635198,105004335,1693170272,360675101
8da1bbfc03ea5905,G,421863041,1789007759,1399400452,298668584
8da1bbfc03ea5905,G,696288909,1630655423,423231376,1050785661
8da1bbfc03ea5905,G,1073745709,990382028,2067715126,1537219454
8da1bbfc03ea5905,G,1674404873,2020875874,1768536251,938958430
8da1bbfc03ea5905,G,1378355045,1040031780,2089790940,690947979
8da1bbfc03ea5905,G,518464472,540769659,898367171,1413932229
8da1bbfc03ea5905,G,389609175,1774750402,2139604334,1587921359
8da1bbfc03ea5905,G,809721405,1813178425,1209266491,425150116
8da1bbfc03ea5905,G,949953852,1086709629,2006322929,1865256870
8da1bbfc03ea5905,G,1795768446,1075896249,1634806541,1602445223
8da1bbfc03ea5905,G,1430358133,2046020479,1723020017,1096008565
8da1bbfc03ea5905,H,175013770,1257055016,1436795867,1248561844
8da1bbfc03ea5905,H,984518967,1255343428,1341073855,263942354
8da1bbfc03ea5905,H,1114401841,1366963349,1882022688,1242671094
8da1bbfc03ea5905,H,1994807946,1923298085,1994455,426864321
8da1bbfc03ea5905,H,1180049012,161144845,728130710,2070830920
8da1bbfc03ea5905,H,1714497857,112270769,247575240,1569721780
8da1bbfc03ea5905,H,1625346844,1415655983,1033966517,112566079
8da1bbfc03ea5905,H,1577877701,1965478964,1938603267,1842191459
8da1bbfc03ea5905,H,1792580737,590216811,509729679,721820197
8da1bbfc03ea5905,H,211444628,730179348,1080592417,1867130286
8da1bbfc03ea5905,H,1778559017,1315413662,1996829217,613755798
8da1bbfc03ea5905,H,1869342267,276459876,1964980222,1718721093
8da1bbfc03ea5905,H,1062442673,1082525861,380774294,898258214
8da1bbfc03ea5905,H,1626961242,1741093026,419128832,969542445
8da1bbfc03ea5905,H,725004526,1473075967,611766511,20089351
8da1bbfc03ea5905,H,339529169,1435541919,1614821602,1369350938
8da1bbfc03ea5905,H,1565647114,799401872,753530951,906191037
8da1bbfc03ea5905,H,1781388049,2053300954,281793631,987623871
8da1bbfc03ea5905,H,148153511,579261172,976495282,200928428
8da1bbfc03ea5905,H,1806336978,1064048261,85661247,2070204273
8da1bbfc03ea5905,H,872608185,1746457664,1283852599,615662121
8da1bbfc03ea5905,H,741820705,345578903,215985252,1886296420
8da1bbfc03ea5905,H,681597418,571208934,99575124,926156976
8da1bbfc03ea5905,H,1664283102,786741373,1041809946,1598422354
8da1bbfc03ea5905,H,2018187613,384917305,374083451,1999675394
8da1bbfc03ea5905,H,994982379,716852382,982656476,2008872352
8da1bbfc03ea5905,H,248106543,1293926528,1036240635,765554510
8da1bbfc03ea5905,H,232101353,975198809,780792071,992385526
8da1bbfc03ea5905,H,998418786,1612962762,142084986,724281343
8da1bbfc03ea5905,H,753531433,375413173,1047746060,716498633
8da1bbfc03ea5905,I,612403281,466683157,1111922167,736420806
8da1bbfc03ea5905,I,861526072,11805392,501365196,550564218
8da1bbfc03ea5905,I,1959461155,834338063,621494484,1159229609
8da1bbfc03ea5905,I,928755849,259932882,688455924,1444944451
8da1bbfc03ea5905,I,2085055721,744219497,91147734,2010691310
8da1bbfc03ea5905,I,1836416953,21844619,966262435,1816783541
8da1bbfc03ea5905,I,143164958,1049715190,1689144566,33788833
8da1bbfc03ea5905,I,1541716265,1625096807,908468785,2032789007
8da1bbfc03ea5905,I,1010087459,1939717587,987966790,1716587448
8da1bbfc03ea5905,I,833548097,1596090455,1035474245,780034706
8da1bbfc03ea5905,I,601399736,496119727,617977604,295759133
8da1bbfc03ea5905,I,724926874,1192867953,1981779108,704665399
8da1bbfc03ea5905,I,1732723579,1432634208,844941373,1350726724
8da1bbfc03ea5905,I,233144155,411966221,1884984238,1058883623
8da1bbfc03ea5905,I,1191009837,1778600073,903848763,669969085
8da1bbfc03ea5905,I,1495572222,1739055604,1644684739,1687684340
8da1bbfc03ea5905,I,533205376,1935977120,1616376044,473375649
8da1bbfc03ea5905,I,1654820730,1159203158,980444312,699534870
8da1bbfc03ea5905,I,1309433570,1604027428,1327539162,2028844601
8da1bbfc03ea5905,I,1642357482,1001865099,1185895437,679125787
8da1bbfc03ea5905,I,1878863672,1079989300,940823452,679159745
8da1bbfc03ea5905,I,1818074796,1453675039,13167800,1894438409
8da1bbfc03ea5905,I,1854377973,872327972,1429656713,1036770409
8da1bbfc03ea5905,I,408584407,80939743,474812636,2078719402
8da1bbfc03ea5905,I,2123312644,370302884,593034628,2022610415
8da1bbfc03ea5905,I,614087423,226312369,1812752657,2049043881
8da1bbfc03ea5905,I,216295334,97288335,1728137940,260823092
8da1bbfc03ea5905,I,2001712316,768432698,1605421477,1497973256
8da1bbfc03ea5905,I,340954827,1934377148,731068756,1935044537
8da1bbfc03ea5905,I,730550357,465320980,2078085686,781563194
8da1bbfc03ea5905,J,1931556960,277395922,1535694107,1877502998
8da1bbfc03ea5905,J,1222609048,1032650563,1438940403,1888579393
8da1bbfc03ea5905,J,1340642670,868322349,85851447,105955313
8da1bbfc03ea5905,J,1641302640,1398719618,525957299,1509193840
8da1bbfc03ea5905,J,978503925,619801281,1303257514,1862983720
8da1bbfc03ea5905,J,888662203,752393256,338673299,1956586617
8da1bbfc03ea5905,J,1651481794,841509790,2086081022,242627955
8da1bbfc03ea5905,J,600952183,7404492,1542125437,1434964404
8da1bbfc03ea5905,J,399803026,2053663488,893874891,1109929600
8da1bbfc03ea5905,J,784793654,1037398181,1304685784,390302005
8da1bbfc03ea5905,J,1421566478,637964509,1896420928,1899906668
8da1bbfc03ea5905,J,1604198214,1371623067,1738706450,2114307202
8da1bbfc03ea5905,J,952588827,225202036,1716887471,735455604
8da1bbfc03ea5905,J,1693936136,1525026311,1767500991,321550195
8da1bbfc03ea5905,J,1960180670,78979877,735093244,1988268774
8da1bbfc03ea5905,J,546824181,54251945,77915933,883876513
8da1bbfc03ea5905,J,1630251475,1079267226,500287967,1007082811
8da1bbfc03ea5905,J,696781012,26044983,194688212,1245800918
8da1bbfc03ea5905,J,643062522,1772631512,1689365404,986431101
8da1bbfc03ea5905,J,977107654,1296116237,53781615,126989228
8da1bbfc03ea5905,J,1206117361,924491196,138254943,431139107
8da1bbfc03ea5905,J,501791956,116155030,1838073129,1207963363
8da1bbfc03ea5905,J,334833884,565321137,859935117,547042535
8da1bbfc03ea5905,J,1879339206,1291686143,1676884374,950195823
8da1bbfc03ea5905,J,568291516,1532006823,1754542706,2017759323
8da1bbfc03ea5905,J,314840334,462038349,184634006,781592509
8da1bbfc03ea5905,J,1907196737,1150259024,1592399334,678115449
8da1bbfc03ea5905,J,708549143,125905292,1038294461,1835490814
8da1bbfc03ea5905,J,664600317,838652872,1995556647,205827947
8da1bbfc03ea5905,J,1455129833,1870688096,12030160,1411563572
8da1bbfc03ea5905,K,431020771,924392698,889162295,1328800271
8da1bbfc03ea5905,K,1519675600,1728419460,1507735134,1258004723
8da1bbfc03ea5905,K,179548137,1594174896,1032308815,19593882
8da1bbfc03ea5905,K,860143043,714534173,2067525663,1371005487
8da1bbfc03ea5905,K,1423338976,1119332070,1905319113,1364627968
8da1bbfc03ea5905,K,582602206,1305446051,118388523,593391558
8da1bbfc03ea5905,K,2045030324,1133655357,834044344,2088430196
8da1bbfc03ea5905,K,264920801,1675094087,253933534,1234690986
8da1bbfc03ea5905,K,498344677,1982805797,1937990584,1466281951
8da1bbfc03ea5905,K,1618399333,486698866,426044209,1909821076
8da1bbfc03ea5905,K,964725347,491299181,609153627,535196150
8da1bbfc03ea5905,K,1575090340,1624181534,764345764,372240536
8da1bbfc03ea5905,K,144776415,17577519,649135650,735992843
8da1bbfc03ea5905,K,2038302267,1136229309,143516276,1589091962
8da1bbfc03ea5905,K,150254265,1264753309,105791413,1917193319
8da1bbfc03ea5905,K,911903639,1958159650,1110403277,1135151415
8da1bbfc03ea5905,K,993900103,1080059292,135300363,1510257437
8da1bbfc03ea5905,K,548353191,2125711223,168632830,1992110001
8da1bbfc03ea5905,K,1772000796,218126256,955481986,1260841259
8da1bbfc03ea5905,K,661312842,53384487,60550849,205083927
8da1bbfc03ea5905,K,666741885,942493422,2118705265,614148791
8da1bbfc03ea5905,K,1773450831,640613945,307364868,1707671319
8da1bbfc03ea5905,K,903681450,1676655846,859388006,350089818
8da1bbfc03ea5905,K,1984994947,1542011732,2001888895,1550833685
8da1bbfc03ea5905,K,498979254,1597599837,605328167,1742746580
8da1bbfc03ea5905,K,288123122,1402131609,995606377,323334349
8da1bbfc03ea5905,K,117792427,320755941,1002819793,1047679486
8da1bbfc03ea5905,K,1481155732,2013368305,1906938317,1974034806
8da1bbfc03ea5905,K,698617527,542301402,475457419,1648250553
8da1bbfc03ea5905,K,707050136,965198606,567482622,1651535088
8da1bbfc03ea5905,L,1652148315,845900837,82835295,841200003
8da1bbfc03ea5905,L,1178136087,1301821035,580047650,1872183968
8da1bbfc03ea5905,L,373328560,676233804,1005663408,678491436
8da1bbfc03ea5905,L,1839156064,373392164,1818145911,221525147
8da1bbfc03ea5905,L,1640724555,1059848735,723305559,1857819958
8da1bbfc03ea5905,L,2033269408,1475518526,645803424,1393136848
8da1bbfc03ea5905,L,1453721013,1374650372,2071068792,160016808
8da1bbfc03ea5905,L,515841595,1582621261,1743356632,1587642262
8da1bbfc03ea5905,L,172879922,1472288385,70018104,347961645
8da1bbfc03ea5905,L,667738833,909985420,894736534,636308980
8da1bbfc03ea5905,L,985724799,1138791309,481840241,2140053329
8da1bbfc03ea5905,L,683340126,1380321605,1118428240,2114229747
8da1bbfc03ea5905,L,1752023121,789791220,831614286,481833746
8da1bbfc03ea5905,L,354286180,1577970885,1856386841,243699525
8da1bbfc03ea5905,L,931547761,1572592689,1464798967,567471089
8da1bbfc03ea5905,L,1934284374,1152624992,674934426,1415480584
8da1bbfc03ea5905,L,297343179,1578141309,1228905219,900136785
8da1bbfc03ea5905,L,1321317079,1661189042,1338048646,985246708
8da1bbfc03ea5905,L,226656478,1875818106,1402628173,1314637920
8da1bbfc03ea5905,L,1662894069,1868487492,1487035818,982925938
8da1bbfc03ea5905,L,1396608267,200096293,583736944,1388582697
8da1bbfc03ea5905,L,1194752231,582997751,963030390,1745097076
8da1bbfc03ea5905,L,368110573,1995762050,1221840369,1359027462
8da1bbfc03ea5905,L,849682595,749171765,1065351958,1085046651
8da1bbfc03ea5905,L,1586940923,1402627163,775088403,1029864454
8da1bbfc03ea5905,L,985756087,1284079208,145378816,1806635856
8da1bbfc03ea5905,L,997757859,750506624,362706620,1847239320
8da1bbfc03ea5905,L,722460984,803561972,671747478,884952642
8da1bbfc03ea5905,L,1004532391,1369509122,531000914,1298066706
8da1bbfc03ea5905,L,1240102729,822530170,1185759807,1802195098
2b28674dd5d40b87,A,975022478,989090586,164017573,549463087
2b28674dd5d40b87,A,1242808076,1620295868,1075939917,184261058
2b28674dd5d40b87,A,1524551146,1645514694,203971142,1138473226
2b28674dd5d40b87,A,747043897,28347999,612146218,799675922
2b28674dd5d40b87,A,522381067,1643059348,248988594,1589208139
2b28674dd5d40b87,A,1475183312,732823870,356572828,2100299551
2b28674dd5d40b87,A,367334407,248205643,168101813,652580180
2b28674dd5d40b87,A,853932677,278725728,320683785,2095702588
2b28674dd5d40b87,A,427990173,1077407999,1685904382,744580773
2b28674dd5d40b87,A,1010850511,1193835932,1392291991,978937121
2b28674dd5d40b87,A,1929716858,307792743,1598563536,1591523313
2b28674dd5d40b87,A,694920224,995471804,1495618456,177480269
2b28674dd5d40b87,A,504015075,2083435960,1366482687,414865571
2b28674dd5d40b87,A,1085942693,977664043,1325034129,1895066592
2b28674dd5d40b87,A,1959054222,1935187669,1080126618,213012966
2b28674dd5d40b87,A,1813577646,189520159,887879197,1522153015
2b28674dd5d40b87,A,1587168172,267776081,468914470,792567803
2b28674dd5d40b87,A,1601671330,1579157626,232828235,1094369689
2b28674dd5d40b87,A,2129739311,661364272,503584327,378594084
2b28674dd5d40b87,A,1950343228,547160210,1455367056,1665121774
2b28674dd5d40b87,A,914696073,1136740875,1577127311,1421809423
2b28674dd5d40b87,A,1769774188,1587828659,428975837,1381959339
2b28674dd5d40b87,A,1716981179,2106654018,1081755377,2122536804
2b28674dd5d40b87,A,200496091,2099266647,1687109321,679668208
2b28674dd5d40b87,A,984740011,2083694591,1766170889,133072700
2b28674dd5d40b87,A,1219282452,1572466115,703488923,82004491
2b28674dd5d40b87,A,883096737,197021579,1630281367,1483435245
2b28674dd5d40b87,A,1239612852,1938694626,149846472,1682791125
2b28674dd5d40b87,A,138706045,1183829761,757827908,1217983828
2b28674dd5d40b87,A,2025992953,1423739897,1865319495,767465461
2b28674dd5d40b87,B,1868446485,27728514,1041299048,164401509
2b28674dd5d40b87,B,232631352,1076625159,239349351,1178816506
2b28674dd5d40b87,B,1865628933,59899765,2094451352,844767776
2b28674dd5d40b87,B,502061278,925839128,236844030,2002268392
2b28674dd5d40b87,B,336440840,1858545533,1503022621,1220195601
2b28674dd5d40b87,B,44522236,613473614,395699303,680945616
2b28674dd5d40b87,B,1852867999,850624723,1202447664,535930778
2b28674dd5d40b87,B,2115448620,364889909,1770733150,542267113
2b28674dd5d40b87,B,1917045881,1870122067,2146072562,2089389022
2b28674dd5d40b87,B,541005586,1158905276,84243724,1400587538
2b28674dd5d40b87,B,1256303479,531656626,1682926853,1282244577
2b28674dd5d40b87,B,46887616,1181514855,508465003,1379222167
2b28674dd5d40b87,B,1537560195,878086214,628572626,547886077
2b28674dd5d40b87,B,615775071,1655450551,694124916,529946536
2b28674dd5d40b87,B,1680934432,375889936,244263279,1997772951
2b28674dd5d40b87,B,1894912848,45467278,533651433,271943216
2b28674dd5d40b87,B,1651560883,1595192206,1257077340,1361504376
2b28674dd5d40b87,B,1313648583,921123296,770182364,84471421
2b28674dd5d40b87,B,319334218,2016446282,1075747687,582523833
2b28674dd5d40b87,B,1755352029,1069650309,10553095,1037061439
2b28674dd5d40b87,B,1359681011,1462181339,1476798173,1229695717
2b28674dd5d40b87,B,1136096891,1313032849,804494190,402194771
2b28674dd5d40b87,B,347738804,1780341538,1804799146,1712565918
2b28674dd5d40b87,B,1523538566,262167775,953931888,1804293001
2b28674dd5d40b87,B,715995231,2094682775,118070916,1619364261
2b28674dd5d40b87,B,1939338446,926764653,1424340522,218904108
2b28674dd5d40b87,B,2065390004,1417467096,1149845946,2049517573
2b28674dd5d40b87,B,62805628,1008772774,662254947,1833905479
2b28674dd5d40b87,B,385410551,45060686,135951868,1204813097
2b28674dd5d40b87,B,134810923,1251913249,475281204,918461043
2b28674dd5d40b87,C,2023783292,5553635,1984263442,1328856652
2b28674dd5d40b87,C,145885620,1722870546,1460479066,62220034
2b28674dd5d40b87,C,1335021063,1937792225,459666683,538906434
2b28674dd5d40b87,C,2096793129,2133602660,225126605,331460303
2b28674dd5d40b87,C,209330760,1010105308,775459194,1057787962
2b28674dd5d40b87,C,1426232226,476439175,1606016834,1493629175
2b28674dd5d40b87,C,895792657,1949986952,1781511693,725691988
2b28674dd5d40b87,C,1506874182,588075108,1399666551,1711902376
2b28674dd5d40b87,C,2125802856,698495041,797403162,871621119
2b28674dd5d40b87,C,1219244793,213739689,2038539000,604314851
2b28674dd5d40b87,C,1858462898,738266940,82746944,919048340
2b28674dd5d40b87,C,1299420516,1172374959,2140005253,671072778
2b28674dd5d40b87,C,1884227923,1380641064,1923864398,2020073093
2b28674dd5d40b87,C,1163399723,1419656039,442380197,1161585102
2b28674dd5d40b87,C,854279950,985251705,2128164481,526067860
2b28674dd5d40b87,C,1589904633,632821182,1777717439,1779631009
2b28674dd5d40b87,C,1710003182,236968559,441114580,970307977
2b28674dd5d40b87,C,1750752648,505475249,889850642,614270893
2b28674dd5d40b87,C,2089165851,2028016705,122705392,1080462412
2b28674dd5d40b87,C,1654724805,876126953,1420504483,1043013824
2b28674dd5d40b87,C,436674346,1508383374,1435166981,354580995
2b28674dd5d40b87,C,745965356,1445822859,1491373900,400230661
2b28674dd5d40b87,C,1997173390,1773833849,1823398667,29609887
2b28674dd5d40b87,C,108964468,1431434367,2032587705,164050262
2b28674dd5d40b87,C,1634202733,1183713790,2081154982,1097674652
2b28674dd5d40b87,C,931966057,1719264222,1641673860,488299376
2b28674dd5d40b87,C,1635744731,1750571431,895474104,1892297778
2b28674dd5d40b87,C,1427047353,1676874161,200666886,391084481
2b28674dd5d40b87,C,1544753142,61566529,910483249,642419204
2b28674dd5d40b87,C,851066959,940044365,311213161,932145393
2b28674dd5d40b87,D,1407499822,1396175240,1372416093,1718707154
2b28674dd5d40b87,D,1792064957,1635960386,270341641,1372557086
2b28674dd5d40b87,D,1322070092,1800962947,543875929,1920217976
2b28674dd5d40b87,D,609741909,1170706215,1614859733,2085517423
2b28674dd5d40b87,D,401888072,1740551635,244587007,2099712475
2b28674dd5d40b87,D,98062905,857898364,593873760,2112475628
2b28674dd5d40b87,D,416763052,1078457699,2009446789,1498789766
2b28674dd5d40b87,D,1619910680,286362324,1303590460,832645212
2b28674dd5d40b87,D,1216029272,1620393520,909668751,1091800930
2b28674dd5d40b87,D,103070271,119413016,1146932930,1071761700
2b28674dd5d40b87,D,416995477,460520744,1965902930,570545795
2b28674dd5d40b87,D,227339105,225558155,8334214,826749486
2b28674dd5d40b87,D,66761993,1813762969,751975832,697440766
2b28674dd5d40b87,D,118987032,895130434,1243206156,1560831704
2b28674dd5d40b87,D,1655605530,1388417170,1183115339,331277845
2b28674dd5d40b87,D,463834742,964187258,1007195278,897999841
2b28674dd5d40b87,D,1175402026,1420342557,1349357830,758754308
2b28674dd5d40b87,D,2108041080,1993007375,353255575,1370481518
2b28674dd5d40b87,D,1334724247,1678683813,1786502331,392731442
2b28674dd5d40b87,D,1198529734,583621040,340414249,1318876878
2b28674dd5d40b87,D,2104196092,114461485,860034305,1489773342
2b28674dd5d40b87,D,548280974,772026496,1619460585,459850011
2b28674dd5d40b87,D,748310642,1318896803,284221508,929010318
2b28674dd5d40b87,D,757349729,1602356704,331048839,1558303700
2b28674dd5d40b87,D,1486480892,1132490293,682815875,1780590289
2b28674dd5d40b87,D,821943212,634019631,477617088,1409231402
2b28674dd5d40b87,D,39181442,1011215896,1508488267,57761393
2b28674dd5d40b87,D,523742626,628686760,187557004,1896175408
2b28674dd5d40b87,D,976695362,1885429275,271991253,898965501
2b28674dd5d40b87,D,2042141808,861658039,1524243742,2004335603
2b28674dd5d40b87,E,325835064,7361588,1023962673,785383240
2b28674dd5d40b87,E,1761920668,401903692,273627118,497287300
2b28674dd5d40b87,E,67198521,1030347036,712603703,1925008935
2b28674dd5d40b87,E,581379284,834430916,782723676,1373747276
2b28674dd5d40b87,E,2103405184,1318355727,220763206,367493928
2b28674dd5d40b87,E,12466687,1225280713,1998629294,722106163
2b28674dd5d40b87,E,1345920338,1773181169,1451949678,1715938235
2b28674dd5d40b87,E,208369450,316760206,792687084,76621425
2b28674dd5d40b87,E,1257007288,1672833700,2089466996,863460022
2b28674dd5d40b87,E,2126182274,1999952244,1062168440,1590790900
2b28674dd5d40b87,E,1919561427,1043248201,260078685,1605279913
2b28674dd5d40b87,E,1459863483,967524215,596105906,916099506
2b28674dd5d40b87,E,876372105,2051512849,1038213474,507139524
2b28674dd5d40b87,E,1887906105,1851870516,546773743,149564289
2b28674dd5d40b87,E,497888593,682622782,285885081,542841254
2b28674dd5d40b87,E,799017400,1473128349,470170473,1388828033
2b28674dd5d40b87,E,967983156,664146891,245868026,1308462775
2b28674dd5d40b87,E,1457647158,264872675,105605064,1889993385
2b28674dd5d40b87,E,37714426,804887597,1430374531,1274401674
2b28674dd5d40b87,E,1877066955,611748167,579874348,987086543
2b28674dd5d40b87,E,747367649,684287762,383906978,2121169196
2b28674dd5d40b87,E,1623939687,416954980,239296811,785347555
2b28674dd5d40b87,E,2125707401,1087984917,692878251,737288900
2b28674dd5d40b87,E,2139267860,1498722743,806744703,178344109
2b28674dd5d40b87,E,1366548490,378246281,299096535,1075567234
2b28674dd5d40b87,E,1990622717,552512507,435250086,2085156219
2b28674dd5d40b87,E,1316059398,90874155,2103988142,1914986317
2b28674dd5d40b87,E,2100098279,1960969038,837833541,1922194934
2b28674dd5d40b87,E,1817106086,1203274621,635066098,652672185
2b28674dd5d40b87,E,569599458,635175348,241049232,751988276
2b28674dd5d40b87,F,260173021,1931470744,1371669916,253647695
2b28674dd5d40b87,F,488770300,2120726208,1242346018,2107774979
2b28674dd5d40b87,F,1011641440,1754393300,877109999,1726121905
2b28674dd5d40b87,F,1807401962,1020208847,530376378,240019723
2b28674dd5d40b87,F,25244517,496924515,1221111544,1029445481
2b28674dd5d40b87,F,2077967805,6374730,273338244,1437910655
2b28674dd5d40b87,F,434139783,792367233,1964697790,2045554510
2b28674dd5d40b87,F,1734646215,1617662647,983562727,890277152
2b28674dd5d40b87,F,677426587,1258815249,1502836407,740546121
2b28674dd5d40b87,F,257761068,927037170,1724649577,337447261
2b28674dd5d40b87,F,1289982130,562987746,844430356,1844181654
2b28674dd5d40b87,F,1525138459,2015286864,321303841,1368811806
2b28674dd5d40b87,F,169692018,1998871535,294221310,1938889155
2b28674dd5d40b87,F,875767369,1926501066,259570639,1310227492
2b28674dd5d40b87,F,795860268,891640246,1450980168,659917251
2b28674dd5d40b87,F,759378143,1890778792,1833466059,957531169
2b28674dd5d40b87,F,629020339,2024973049,1297345523,1897265198
2b28674dd5d40b87,F,687483808,935781177,356801375,1531808252
2b28674dd5d40b87,F,180168842,1188386824,1315045123,1243268058
2b28674dd5d40b87,F,826334290,1000383708,626811002,709775415
2b28674dd5d40b87,F,2104522873,2104602295,1386472903,2017196466
2b28674dd5d40b87,F,1540487693,1949718568,912141573,2054083335
2b28674dd5d40b87,F,851239447,594453587,1837099660,1306780373
2b28674dd5d40b87,F,201759448,85048668,1776064385,1755086252
2b28674dd5d40b87,F,713533263,1919224898,1745810605,2028914342
2b28674dd5d40b87,F,1436433883,461177269,964670074,1595029110
2b28674dd5d40b87,F,2059082619,1155824227,668487031,161796734
2b28674dd5d40b87,F,734608406,1246959779,390139933,156188630
2b28674dd5d40b87,F,467568929,935909400,850554114,1783061695
2b28674dd5d40b87,F,709453151,905480925,821741086,582846636
2b28674dd5d40b87,G,108629738,194961006,2008353654,496449618
2b28674dd5d40b87,G,589690040,550203108,81155423,1614762153
2b28674dd5d40b87,G,911391485,991926652,1823864486,1622308223
2b28674dd5d40b87,G,884033136,2128040700,1921295239,73972430
2b28674dd5d40b87,G,1591954580,1509802981,1960674472,1587901795
2b28674dd5d40b87,G,669103433,1727752145,1458806594,899767896
2b28674dd5d40b87,G,1607479246,1269134363,124782853,391907179
2b28674dd5d40b87,G,1627842996,778813085,23112371,89811667
2b28674dd5d40b87,G,764572229,1114821297,425488228,494953392
2b28674dd5d40b87,G,543895496,286316948,656741041,1085759343
2b28674dd5d40b87,G,1223201545,777146031,508053577,266444570
2b28674dd5d40b87,G,1232783188,568963053,1412545375,153795670
2b28674dd5d40b87,G,438616362,1725227908,1933739610,1719415821
2b28674dd5d40b87,G,1233620474,1851749396,1745794093,46829268
2b28674dd5d40b87,G,1030126856,728209966,557541341,1500817910
2b28674dd5d40b87,G,1891545602,200622706,1259806602,446172243
2b28674dd5d40b87,G,701449413,1077559909,2072406285,1568745300
2b28674dd5d40b87,G,2113593049,157087350,700490510,2113699966
2b28674dd5d40b87,G,49203613,791505177,1247546273,1809597991
2b28674dd5d40b87,G,1524676185,23225553,788552510,908346049
2b28674dd5d40b87,G,1023671346,80301724,1439167459,361876599
2b28674dd5d40b87,G,539893999,877799117,2005689777,1680362142
2b28674dd5d40b87,G,182023760,372997842,312452895,2115765401
2b28674dd5d40b87,G,1238788068,949928588,280934391,258818035
2b28674dd5d40b87,G,1264277273,2093091544,91971951,66241396
2b28674dd5d40b87,G,1213844376,687502770,1090980081,271169327
2b28674dd5d40b87,G,570651729,829347353,225097748,1692493539
2b28674dd5d40b87,G,501292872,269155434,1888012321,1611518579
2b28674dd5d40b87,G,972836148,1161047664,777044906,1293449602
2b28674dd5d40b87,G,141380712,340578309,1083763946,658489381
2b28674dd5d40b87,H,1703132073,1792474957,1206804594,1635675543
2b28674dd5d40b87,H,287869209,2120322990,849248778,1930929962
2b28674dd5d40b87,H,1031749218,842614316,802700308,1674364032
2b28674dd5d40b87,H,1708986237,281880225,1668554853,1607547172
2b28674dd5d40b87,H,1567687046,936164553,1721249267,553011827
2b28674dd5d40b87,H,279017251,1680033923,435932196,1552964207
2b28674dd5d40b87,H,1715851058,738424498,915336880,535574114
2b28674dd5d40b87,H,1014528181,1254952934,891773949,899575234
2b28674dd5d40b87,H,1377682717,730189962,2142205757,698288815
2b28674dd5d40b87,H,1405290567,209081598,905951348,333598893
2b28674dd5d40b87,H,638922126,178540635,177531406,11812198
2b28674dd5d40b87,H,1016514740,349994342,1456726170,975890195
2b28674dd5d40b87,H,2138817061,1375657934,870454019,99827026
2b28674dd5d40b87,H,1068405051,265446898,722464021,961019692
2b28674dd5d40b87,H,954220769,446466365,180054723,1453445858
2b28674dd5d40b87,H,1757430756,939126772,956586192,227951536
2b28674dd5d40b87,H,331547429,1902182739,578078068,1123160961
2b28674dd5d40b87,H,1798042444,190447134,138160604,753506782
2b28674dd5d40b87,H,1264530005,1838907661,342355798,972399808
2b28674dd5d40b87,H,315893059,384490651,930597097,1775898428
2b28674dd5d40b87,H,1061334249,998720491,938001157,1371561968
2b28674dd5d40b87,H,1905648671,1556438814,1762505615,1215754687
2b28674dd5d40b87,H,1313427359,1602674735,1699012731,774150150
2b28674dd5d40b87,H,344664352,397542860,942019854,1441332644
2b28674dd5d40b87,H,373261760,488437916,1698233607,36167346
2b28674dd5d40b87,H,304657042,1626947017,1740212361,1477861992
2b28674dd5d40b87,H,579892083,1595545121,1368909920,1739610674
2b28674dd5d40b87,H,1709276657,1107033261,1537951409,1079432790
2b28674dd5d40b87,H,2145859596,819180906,1229999380,1535538589
2b28674dd5d40b87,H,847166259,1966727509,778209238,1122498138
2b28674dd5d40b87,I,1580417504,760090914,270168373,889873437
2b28674dd5d40b87,I,1157286082,489825526,583858455,907659710
2b28674dd5d40b87,I,1887347232,1593139502,1755380295,767750441
2b28674dd5d40b87,I,424820938,561016330,1252996036,1325343199
2b28674dd5d40b87,I,369081921,667456201,1196879488,30531208
2b28674dd5d40b87,I,1559003772,2124470191,536222647,247518144
2b28674dd5d40b87,I,388302231,542069411,610031713,1200830774
2b28674dd5d40b87,I,4419054,1070478898,512351393,1285674123
2b28674dd5d40b87,I,1715023874,1192438171,373678184,992475794
2b28674dd5d40b87,I,2040748197,1593028632,218766473,1568828647
2b28674dd5d40b87,I,276577119,686449888,274360365,331311385
2b28674dd5d40b87,I,1216613781,1729633536,260409568,1622416126
2b28674dd5d40b87,I,480330121,2012489636,341176539,747206773
2b28674dd5d40b87,I,536290267,909967764,344190806,1349556078
2b28674dd5d40b87,I,1180345343,1885645658,1283735522,1839297313
2b28674dd5d40b87,I,637588095,408360625,252787393,20645219
2b28674dd5d40b87,I,37691425,1613964360,1108646274,1503398088
2b28674dd5d40b87,I,72573989,1204803155,1563120523,1319847402
2b28674dd5d40b87,I,2029912617,442941988,1035463600,1711069986
2b28674dd5d40b87,I,461269920,682624676,65641324,770308027
2b28674dd5d40b87,I,707980489,1374433683,1015741143,1865302417
2b28674dd5d40b87,I,1877423329,472714626,134396091,2117716074
2b28674dd5d40b87,I,1679946738,224589592,2069505115,198264125
2b28674dd5d40b87,I,674506038,2027665933,1933397308,1511741983
2b28674dd5d40b87,I,323593157,1774513633,456917328,1534360540
2b28674dd5d40b87,I,1762041572,675776257,1302760368,890544353
2b28674dd5d40b87,I,263820893,122195806,1236526720,1753940822
2b28674dd5d40b87,I,523205479,876957700,2063943878,588745561
2b28674dd5d40b87,I,1733291115,1314068357,482223540,1653037974
2b28674dd5d40b87,I,981425916,1486982869,612593604,270559612
2b28674dd5d40b87,J,735031584,823141339,747008053,406704100
2b28674dd5d40b87,J,847958729,1136808464,2021591917,1474109549
2b28674dd5d40b87,J,1290865467,1545452809,365361416,1017933779
2b28674dd5d40b87,J,588195493,1338923283,1209326370,56741531
2b28674dd5d40b87,J,1422910067,577959573,702064628,1096397908
2b28674dd5d40b87,J,860325845,100050946,532080770,1926494944
2b28674dd5d40b87,J,1540277741,1900737158,97640745,1576173001
2b28674dd5d40b87,J,2037526724,804664204,107409410,1133384127
2b28674dd5d40b87,J,1765349130,1290464384,1542741682,1125268415
2b28674dd5d40b87,J,421671351,2105214677,1669897834,1144014980
2b28674dd5d40b87,J,1078274215,1123400124,1051942937,2003778231
2b28674dd5d40b87,J,1374344105,1507013549,268025304,720133317
2b28674dd5d40b87,J,1866934766,654415359,507571166,742353414
2b28674dd5d40b87,J,1726891650,201495535,7178578,1776350017
2b28674dd5d40b87,J,348630454,1263484756,1052447607,1736987735
2b28674dd5d40b87,J,798816793,5946146,1913740323,2072356265
2b28674dd5d40b87,J,1373250022,756025594,1727620155,813607863
2b28674dd5d40b87,J,593970224,896720437,614784786,83831121
2b28674dd5d40b87,J,1600301465,469894490,555939528,1419479318
2b28674dd5d40b87,J,131762352,1760122731,743020210,880648547
2b28674dd5d40b87,J,2144786360,1094272370,245050038,766849292
2b28674dd5d40b87,J,18726293,116703284,819608665,1248284303
2b28674dd5d40b87,J,167976747,1533344598,2006223117,706456866
2b28674dd5d40b87,J,1205905703,1027621406,939983704,1751651892
2b28674dd5d40b87,J,927551505,1036565465,98316685,85266288
2b28674dd5d40b87,J,2040251810,778417411,452790920,2074989651
2b28674dd5d40b87,J,290255328,45816893,1828778180,1645003890
2b28674dd5d40b87,J,368099946,1378240820,1177697676,1963769681
2b28674dd5d40b87,J,1763852013,934743202,271648111,907945160
2b28674dd5d40b87,J,40057622,1257733116,256889845,355221986
2b28674dd5d40b87,K,2048217434,749069690,280328960,1451863822
2b28674dd5d40b87,K,1202121569,653053596,2009793010,476347021
2b28674dd5d40b87,K,471687805,818636070,339424947,2105426997
2b28674dd5d40b87,K,1145386095,373928966,850192913,1861353020
2b28674dd5d40b87,K,1932415456,1323000420,609391281,769144523
2b28674dd5d40b87,K,724870194,1340594905,188279654,1856660060
2b28674dd5d40b87,K,944450960,1836304262,164823409,1225597099
2b28674dd5d40b87,K,942750102,999963639,2108075071,286942199
2b28674dd5d40b87,K,1010466748,1430856269,1562060911,1433479062
2b28674dd5d40b87,K,893948653,621138517,483290473,2110760420
2b28674dd5d40b87,K,868399448,1524860394,681974718,972102940
2b28674dd5d40b87,K,173215600,71167188,1605781949,244220591
2b28674dd5d40b87,K,2036290354,1053271218,1248784016,403458070
2b28674dd5d40b87,K,868465161,1835500186,708176343,964696
2b28674dd5d40b87,K,328361419,772335507,1819072773,400361672
2b28674dd5d40b87,K,1781025213,1867924040,206007282,425312791
2b28674dd5d40b87,K,2095537871,228870836,1699215777,957533807
2b28674dd5d40b87,K,594819125,1603455770,686321970,519346114
2b28674dd5d40b87,K,248200493,982873438,1924516822,1796107720
2b28674dd5d40b87,K,1948161999,1819524978,1712869448,26117642
2b28674dd5d40b87,K,1311057598,1766602055,694892614,1753930734
2b28674dd5d40b87,K,1474534045,1915090103,25393740,411970936
2b28674dd5d40b87,K,98718789,2131535817,1137532196,1698311247
2b28674dd5d40b87,K,1447474338,653495108,165027787,1390271441
2b28674dd5d40b87,K,1945855326,981449007,685267971,149131083
2b28674dd5d40b87,K,797134890,2078462625,1121180032,1737083226
2b28674dd5d40b87,K,175196891,1520389422,916728668,1508235605
2b28674dd5d40b87,K,1925571078,1174273497,1282402593,1073579583
2b28674dd5d40b87,K,1726547614,1339288380,1940054408,1249116307
2b28674dd5d40b87,K,201925700,1332566499,897144255,1235399816
2b28674dd5d40b87,L,1799858092,666566925,814539813,279292854
2b28674dd5d40b87,L,2023136726,1423374826,1040787146,789230385
2b28674dd5d40b87,L,610874542,805185711,233768525,546800100
2b28674dd5d40b87,L,1191653713,996694629,1888164260,545165546
2b28674dd5d40b87,L,1024263228,1764347427,210802660,687425943
2b28674dd5d40b87,L,1952237477,1392942636,1534842101,450877977
2b28674dd5d40b87,L,678690908,1177164716,646026231,1830925077
2b28674dd5d40b87,L,940308774,322255786,1522860566,1980899547
2b28674dd5d40b87,L,1727344311,865287505,754200731,1947724843
2b28674dd5d40b87,L,977797705,652942952,2132158303,1129809684
2b28674dd5d40b87,L,204396602,58036901,137096367,212788944
2b28674dd5d40b87,L,345093893,720894176,146958080,88835216
2b28674dd5d40b87,L,838814156,217710428,443191144,176137308
2b28674dd5d40b87,L,1914672532,487358857,179316735,769662012
2b28674dd5d40b87,L,408794163,1208245213,831356372,928144653
2b28674dd5d40b87,L,1352057886,1827492267,328906505,1206365606
2b28674dd5d40b87,L,1863036453,1670082675,2094725702,1049437591
2b28674dd5d40b87,L,1061346876,2035903122,1171187940,769891059
2b28674dd5d40b87,L,549631018,2000071886,738212898,1910739019
2b28674dd5d40b87,L,760061514,18557696,950936058,2091260240
2b28674dd5d40b87,L,807699674,518331859,1357246775,1730914111
2b28674dd5d40b87,L,115259258,410578346,807928741,1204911684
2b28674dd5d40b87,L,1763099149,285629225,18599957,99241097
2b28674dd5d40b87,L,1691669347,1357595969,1002392411,422659973
2b28674dd5d40b87,L,467788172,373229708,1735054995,339704669
2b28674dd5d40b87,L,1705612757,424200755,688963827,238354058
2b28674dd5d40b87,L,1000886221,555085754,1996135501,378461394
2b28674dd5d40b87,L,1789261924,203907946,1220587743,2144192272
2b28674dd5d40b87,L,534793,939849715,63691363,1390780004
2b28674dd5d40b87,L,1725960243,2095672607,445594612,1550657748
3a596e19d383c16c,A,679317443,153040666,1472760398,1036564874
3a596e19d383c16c,A,1618058809,1461047772,419397971,1905969423
3a596e19d383c16c,A,1442423116,667572914,984754054,1458094517
3a596e19d383c16c,A,557043934,1746254347,1164523184,703527955
3a596e19d383c16c,A,328172941,980251841,1381199139,56012642
3a596e19d383c16c,A,162928119,639695297,908320457,1926891954
3a596e19d383c16c,A,1517842953,442356314,750005669,1395866718
3a596e19d383c16c,A,1404568030,370826523,796805449,2062677095
3a596e19d383c16c,A,97688605,1424839394,832833443,310071733
3a596e19d383c16c,A,237852244,826953789,1834041983,743022612
3a596e19d383c16c,A,835875294,1161751007,250730593,1445664763
3a596e19d383c16c,A,320269175,569975472,558235992,158950544
3a596e19d383c16c,A,1479948639,592664563,233233998,542316917
3a596e19d383c16c,A,771843834,286785140,1457303332,608392086
3a596e19d383c16c,A,1814020578,801458209,637935782,1106351774
3a596e19d383c16c,A,1417441331,645013408,1246619707,1743030944
3a596e19d383c16c,A,437350225,1981616801,1049229218,593806289
3a596e19d383c16c,A,1350955357,207024120,2066887969,250008065
3a596e19d383c16c,A,530119777,34065690,1012075301,1371858130
3a596e19d383c16c,A,599055497,440107938,1559490337,909923293
3a596e19d383c16c,A,609508913,1408950237,633585413,1191247048
3a596e19d383c16c,A,7194625,40287305,1467219370,124829508
3a596e19d383c16c,A,247378160,709916192,951090533,2064129587
3a596e19d383c16c,A,1585376038,929550130,1360662502,675945673
3a596e19d383c16c,A,2144940830,614271939,654635575,116237320
3a596e19d383c16c,A,587530065,1734750424,1100610101,781173466
3a596e19d383c16c,A,1423917173,1078218938,554392197,212095454
3a596e19d383c16c,A,1687249536,1483576869,1466535115,344987659
3a596e19d383c16c,A,1199142579,772362119,73224822,882842946
3a596e19d383c16c,A,52056944,2065947248,427354605,1007467459
3a596e19d383c16c,B,1230198973,843321161,1737798110,1362599441
3a596e19d383c16c,B,1130488894,1646002102,820131693,131748651
3a596e19d383c16c,B,1113090996,368893822,509193102,1516600541
3a596e19d383c16c,B,2087631121,1827487856,191299149,1942427240
3a596e19d383c16c,B,1297369182,350342637,1367280006,807336090
3a596e19d383c16c,B,2111687448,441998816,1530133703,1963717915
3a596e19d383c16c,B,399356734,1043702150,1712795366,1975659772
3a596e19d383c16c,B,1591248091,690466194,969328807,926226649
3a596e19d383c16c,B,600282801,923508148,1840761729,464043129
3a596e19d383c16c,B,1952886550,1048714432,378833650,2132224485
3a596e19d383c16c,B,1978618744,983777989,1577078388,539446028
3a596e19d383c16c,B,1193034661,1998879163,97790756,619278032
3a596e19d383c16c,B,497074060,1236484200,175173498,1873714625
3a596e19d383c16c,B,1245124421,1094751599,992271450,324210663
3a596e19d383c16c,B,980831055,1494214697,1502670034,1668952177
3a596e19d383c16c,B,1903614813,823192952,214084053,539036341
3a596e19d383c16c,B,109823539,1770950346,21523195,276078901
3a596e19d383c16c,B,1853934271,1656905351,813501420,1531409267
3a596e19d383c16c,B,1947949151,339636682,535588345,387524547
3a596e19d383c16c,B,503883893,273725779,1778063282,1620771995
3a596e19d383c16c,B,391333967,1614060029,57800984,496674468
3a596e19d383c16c,B,1071268333,1131161149,203839004,1617565884
3a596e19d383c16c,B,1460543446,468227214,269524455,1378478947
3a596e19d383c16c,B,1702605542,1511430824,959632907,967662831
3a596e19d383c16c,B,1724958727,524173281,1116129398,1429181831
3a596e19d383c16c,B,1794387155,1298506445,2073124871,465817861
3a596e19d383c16c,B,1937135052,1309212555,8550859,232622531
3a596e19d383c16c,B,1225054201,1758254066,1079608802,853071567
3a596e19d383c16c,B,1465506271,549114946,306709559,738727255
3a596e19d383c16c,B,575194108,1194078153,607352827,1821170265
3a596e19d383c16c,C,1782288992,21270428,1427887719,379338387
3a596e19d383c16c,C,2028214459,1527059754,1137339969,791420074
3a596e19d383c16c,C,715126658,543046957,1012322979,1113522964
3a596e19d383c16c,C,1981678474,1450471130,1982386641,2029857331
3a596e19d383c16c,C,1198885143,122225998,1580089157,200717272
3a596e19d383c16c,C,1933902900,389359395,1161538079,1020842455
3a596e19d383c16c,C,620568211,1452617066,519048666,76792137
3a596e19d383c16c,C,2044860479,1517974252,768284405,1696577229
3a596e19d383c16c,C,1300762128,717800540,1838917265,484058223
3a596e19d383c16c,C,1124862265,446254163,1228841400,981034366
3a596e19d383c16c,C,2066007393,186677897,588656421,1714962815
3a596e19d383c16c,C,1017836966,158127851,996148928,185100064
3a596e19d383c16c,C,909113733,320277813,1501165807,546022038
3a596e19d383c16c,C,1387375199,1783663865,1515609256,71228898
3a596e19d383c16c,C,1910590703,557388071,1993715719,1124367524
3a596e19d383c16c,C,245694150,1882334950,524129136,1505836285
3a596e19d383c16c,C,1328081179,717063184,1968244687,832369177
3a596e19d383c16c,C,737683902,646576900,2109043183,1322179938
3a596e19d383c16c,C,1817951092,1840881362,1516656500,613649143
3a596e19d383c16c,C,2095678047,1178774791,1591206858,1560054748
3a596e19d383c16c,C,91114076,1075695707,1896880241,1279110793
3a596e19d383c16c,C,1163735243,738413317,422717579,761907877
3a596e19d383c16c,C,29452503,903397261,1884627967,831823504
3a596e19d383c16c,C,1065819121,378219284,2010718778,256895260
3a596e19d383c16c,C,1055246593,1357682071,1422601103,256137363
3a596e19d383c16c,C,716459549,1562681311,674602752,945203816
3a596e19d383c16c,C,197603693,1828429798,1221079880,668192333
3a596e19d383c16c,C,1340751407,1625042698,1416567553,674155136
3a596e19d383c16c,C,2017416598,1781621430,75809371,1775480360
3a596e19d383c16c,C,1041915691,1034785766,555863506,370952969
3a596e19d383c16c,D,1822534127,1937825454,1968612668,1796287955
3a596e19d383c16c,D,2082026733,274094001,1087283980,961835391
3a596e19d383c16c,D,96762099,2145737238,1507612692,1542871640
3a596e19d383c16c,D,1099521356,691532678,1978890973,1530526469
3a596e19d383c16c,D,1636253706,2127842867,2128588020,1394415659
3a596e19d383c16c,D,28838975,806280467,800978617,237422569
3a596e19d383c16c,D,42583326,246555095,1282287838,450152695
3a596e19d383c16c,D,1856015361,1976744949,1565441298,1333276961
3a596e19d383c16c,D,1569685864,1689075594,1066708512,2032623912
3a596e19d383c16c,D,781007031,644661848,1131648485,490457112
3a596e19d383c16c,D,1196174278,505698253,1072104944,861879805
3a596e19d383c16c,D,66657850,517366739,1759729341,1467966942
3a596e19d383c16c,D,969651519,2040363689,862690147,41649343
3a596e19d383c16c,D,883863005,1527755523,1434217406,824234286
3a596e19d383c16c,D,349077010,62641090,1546631282,1175601085
3a596e19d383c16c,D,57704730,1581999129,1198194838,1150573216
3a596e19d383c16c,D,2070523381,1032617495,1469962432,2064968825
3a596e19d383c16c,D,2103381155,2104614435,229596817,1909641296
3a596e19d383c16c,D,1591998125,1988751215,566668581,1887961075
3a596e19d383c16c,D,589040052,192540109,1331836587,1861660822
3a596e19d383c16c,D,1814723844,16161055,1978730587,1922498601
3a596e19d383c16c,D,1972223521,931952739,330708502,318931020
3a596e19d383c16c,D,149777810,284827029,951624828,1748877704
3a596e19d383c16c,D,1874211851,1973077656,1290935829,188440761
3a596e19d383c16c,D,301981042,1253904025,247507533,922071358
3a596e19d383c16c,D,1522807017,727068396,2091372774,1494960346
3a596e19d383c16c,D,240648673,1126942913,2121867752,1475976838
3a596e19d383c16c,D,30463868,385116357,2108722883,1940125521
3a596e19d383c16c,D,1756432913,1359539635,1584933874,1399575199
3a596e19d383c16c,D,843069945,968217621,1589004161,1929104520
3a596e19d383c16c,E,1409375978,703958956,89667055,1558334429
3a596e19d383c16c,E,622603477,100912957,89983006,1628568392
3a596e19d383c16c,E,1675795071,1477417726,394821372,478373783
3a596e19d383c16c,E,846297184,1604252460,2057256124,638952272
3a596e19d383c16c,E,1439484259,2080632678,1784888269,416064082
3a596e19d383c16c,E,1480549351,5610354,1528293694,720689606
3a596e19d383c16c,E,1586714455,1108758531,1860436212,487589894
3a596e19d383c16c,E,1541735708,2104140107,651662201,5788264
3a596e19d383c16c,E,1481195515,1984976625,1307477429,945938435
3a596e19d383c16c,E,833116366,1496560774,1268328239,728548939
3a596e19d383c16c,E,883483579,1870824463,1530129002,341748420
3a596e19d383c16c,E,1191445136,660552910,1849606923,1884746861
3a596e19d383c16c,E,885070856,1237001763,1292306632,1376364265
3a596e19d383c16c,E,750753682,126178855,1205405566,654733402
3a596e19d383c16c,E,875478327,591777964,1889104620,1299641509
3a596e19d383c16c,E,1310201716,664669176,908068266,263413264
3a596e19d383c16c,E,452184975,826218738,276021094,2140500007
3a596e19d383c16c,E,58131406,1022818497,1322860035,793585606
3a596e19d383c16c,E,150683972,1615447436,1060035239,228868405
3a596e19d383c16c,E,2042312385,556959298,70628203,748070503
3a596e19d383c16c,E,1954178050,1900452,1480126051,153672615
3a596e19d383c16c,E,1231167288,2083171845,1624019261,315248645
3a596e19d383c16c,E,2023174252,2140759584,1290688487,384762265
3a596e19d383c16c,E,1646335128,2133133348,1133330983,472699255
3a596e19d383c16c,E,694231119,853377453,228608373,1472596497
3a596e19d383c16c,E,226920142,2039703945,558015916,955307323
3a596e19d383c16c,E,1500387334,600570644,1606339435,776290787
3a596e19d383c16c,E,1145551721,637844463,1335230080,899042037
3a596e19d383c16c,E,1340792116,525820296,2147151204,1764959700
3a596e19d383c16c,E,1770406892,847095564,741121443,876880641
3a596e19d383c16c,F,1541993235,1290768261,1583882598,1064795968
3a596e19d383c16c,F,1936888168,132669669,413877158,236310082
3a596e19d383c16c,F,1144580059,1937067787,155675949,420820993
3a596e19d383c16c,F,1100883732,1956538660,721784737,2074601277
3a596e19d383c16c,F,885107285,600134578,1003598300,1799246560
3a596e19d383c16c,F,1743542410,1722485021,1002725190,1448220231
3a596e19d383c16c,F,1996141785,184930287,848421907,1211091526
3a596e19d383c16c,F,1608339719,1083276659,1562514700,1094240320
3a596e19d383c16c,F,1339737818,1722753454,1522041570,566069941
3a596e19d383c16c,F,2023501,30431557,777998661,2104678834
3a596e19d383c16c,F,1694412322,1662985236,1821163727,680190737
3a596e19d383c16c,F,338169108,1971049646,1160749998,2108788137
3a596e19d383c16c,F,1227456535,1032441582,1325899489,1173790865
3a596e19d383c16c,F,254871285,1678420693,547608506,241414021
3a596e19d383c16c,F,503614126,218150937,529275452,1499330964
3a596e19d383c16c,F,347025634,1299571611,937033318,1446427468
3a596e19d383c16c,F,1271476722,917804099,618655317,555892923
3a596e19d383c16c,F,1291782928,1371988753,874157881,805461948
3a596e19d383c16c,F,513982567,500486163,694287798,715474812
3a596e19d383c16c,F,1816922943,1827669554,277076599,1563046085
3a596e19d383c16c,F,2127292567,1380200222,1653646385,1629084306
3a596e19d383c16c,F,1359910982,1919291521,1013817095,847133210
3a596e19d383c16c,F,31196333,2087543513,1900315994,798110820
3a596e19d383c16c,F,1502145359,1650640545,1995088425,1367999091
3a596e19d383c16c,F,512782697,256922444,1300216472,352331672
3a596e19d383c16c,F,352382072,1772011266,2016055398,2029323384
3a596e19d383c16c,F,1382128720,929303654,583842120,1390010738
3a596e19d383c16c,F,524547738,1386551248,564843102,1816284620
3a596e19d383c16c,F,1670531321,334537756,1443270590,1529252895
3a596e19d383c16c,F,875449513,1665308210,1849741367,1830646023
3a596e19d383c16c,G,4425954,376490100,291514200,1120740033
3a596e19d383c16c,G,874702165,2110439494,2050719697,1947883767
3a596e19d383c16c,G,1408280770,1912274084,1935386247,1683734042
3a596e19d383c16c,G,1700071374,1056524295,1057819674,2116327905
3a596e19d383c16c,G,408431207,950565121,225902416,1029153412
3a596e19d383c16c,G,616110335,2139506865,382466828,426171334
3a596e19d383c16c,G,2009096512,1111135890,2110180242,152636907
3a596e19d383c16c,G,392405067,352386680,834775879,704539301
3a596e19d383c16c,G,2094797637,1679391448,1558153863,1626903684
3a596e19d383c16c,G,96880109,99472360,1743425687,872715099
3a596e19d383c16c,G,916280155,188514022,146749065,1440204271
3a596e19d383c16c,G,1491276450,1607674466,1250696991,269820214
3a596e19d383c16c,G,1888342780,536485701,2137228919,682761771
3a596e19d383c16c,G,1393572552,1045061942,608663809,362883325
3a596e19d383c16c,G,1224530061,1118081475,1897187784,2082974839
3a596e19d383c16c,G,283190753,1221836924,50658404,1316432542
3a596e19d383c16c,G,135893497,1651907661,577173268,454694374
3a596e19d383c16c,G,2035273799,1780244363,1327598714,1300245564
3a596e19d383c16c,G,687297118,71143864,1646298025,1846082509
3a596e19d383c16c,G,28442333,1103567092,1116411982,124986688
3a596e19d383c16c,G,1834932535,1235791891,1367636117,499668069
3a596e19d383c16c,G,1003075902,875930382,74263618,825653945
3a596e19d383c16c,G,785174076,459078470,428664791,69829538
3a596e19d383c16c,G,1405665063,415797485,477495225,91226138
3a596e19d383c16c,G,1925138610,1275891492,1516981908,1204933050
3a596e19d383c16c,G,961137397,1856507390,1819420928,1754986590
3a596e19d383c16c,G,1371281886,575311904,280463732,1112436882
3a596e19d383c16c,G,1668265097,1651924985,418006349,1631823554
3a596e19d383c16c,G,529151857,882907482,477322412,1607072486
3a596e19d383c16c,G,1340653967,1108745238,632452559,1714754407
3a596e19d383c16c,H,1596588365,461856031,113776205,1313892731
3a596e19d383c16c,H,1269128141,1030113383,1873870941,1733783561
3a596e19d383c16c,H,300746852,1605451916,2089150,340700187
3a596e19d383c16c,H,301089490,2075632748,1193625146,234206707
3a596e19d383c16c,H,514858181,991027429,1681082419,1274152951
3a596e19d383c16c,H,662679041,1001910835,2038915685,112358397
3a596e19d383c16c,H,768508090,564602750,106762167,709324743
3a596e19d383c16c,H,704507798,7302904,1591733724,941708529
3a596e19d383c16c,H,930702499,1857532622,1967403376,1538994381
3a596e19d383c16c,H,1070753503,1748218396,700557006,1653895079
3a596e19d383c16c,H,2077621714,841159019,1370571141,468038893
3a596e19d383c16c,H,1612025590,788551763,1911583891,1028612334
3a596e19d383c16c,H,172348046,557719602,1215952854,2030838806
3a596e19d383c16c,H,1753696609,349936822,285943290,713515697
3a596e19d383c16c,H,397051095,752972633,1709041046,341584354
3a596e19d383c16c,H,1970322665,2126031091,67926543,1317119798
3a596e19d383c16c,H,1692545189,89492780,613147549,1487205201
3a596e19d383c16c,H,2053875396,1075287480,162657959,692329840
3a596e19d383c16c,H,839632200,1808297370,1137977587,1377864967
3a596e19d383c16c,H,919745613,2011368666,1549145495,1304330807
3a596e19d383c16c,H,1529159825,1774579884,1665246933,172470470
3a596e19d383c16c,H,1834232307,1146709077,33966546,1747132801
3a596e19d383c16c,H,1399705043,1617766148,1314347107,319813340
3a596e19d383c16c,H,575256891,481362373,521246922,1842640639
3a596e19d383c16c,H,1719961255,1849485675,1649775202,1201000309
3a596e19d383c16c,H,222350555,1933759512,574074507,763526351
3a596e19d383c16c,H,1700160507,379539191,2094227244,1896778491
3a596e19d383c16c,H,1137824169,490427905,1208569435,450120520
3a596e19d383c16c,H,224202901,216827463,1602311564,1158803027
3a596e19d383c16c,H,1893142560,2044917630,343145371,2095787503
3a596e19d383c16c,I,442635856,1097956187,1453712100,234699470
3a596e19d383c16c,I,1841580215,552439219,1083550444,890510547
3a596e19d383c16c,I,1060324914,1863646559,1615263042,771488444
3a596e19d383c16c,I,924957561,446185476,1556424401,1619188650
3a596e19d383c16c,I,1733073043,972964625,372800741,1508006907
3a596e19d383c16c,I,1089207955,79577265,602162985,350442480
3a596e19d383c16c,I,2123576262,1953553173,1380026139,1842260319
3a596e19d383c16c,I,1026043680,328230362,907551262,112219343
3a596e19d383c16c,I,1354151938,866744316,251041686,1753007078
3a596e19d383c16c,I,630241165,1053059127,342061783,1697924066
3a596e19d383c16c,I,1469374279,77582816,1789139943,1440529369
3a596e19d383c16c,I,421053030,210016662,2136947453,1352693133
3a596e19d383c16c,I,766767169,1881901297,1119510838,1769180145
3a596e19d383c16c,I,573342461,1857657167,166347246,776387879
3a596e19d383c16c,I,616516723,1474654347,1443468983,1373145147
3a596e19d383c16c,I,10585690,1024588754,1991826952,384600575
3a596e19d383c16c,I,271464825,1674333038,1706724156,1722452856
3a596e19d383c16c,I,1421839516,1468888105,769366998,340928960
3a596e19d383c16c,I,853868016,1259431057,539267450,1672664680
3a596e19d383c16c,I,646642643,591074679,1358989519,544811914
3a596e19d383c16c,I,1767666406,1241583540,1129878047,1898888927
3a596e19d383c16c,I,1151689115,897956007,1704668854,1834001571
3a596e19d383c16c,I,1444361047,1272901369,190219899,1433316634
3a596e19d383c16c,I,985427123,1927447474,130094423,2048157108
3a596e19d383c16c,I,1216813363,871742321,1345167468,1984046092
3a596e19d383c16c,I,939760611,159993409,461617390,549428167
3a596e19d383c16c,I,186413571,108337617,1874800279,604593438
3a596e19d383c16c,I,354734769,2048675589,1219598951,1137776010
3a596e19d383c16c,I,452516297,103351482,1789192572,2127396977
3a596e19d383c16c,I,397302706,543867849,1250323490,1007518467
3a596e19d383c16c,J,255354367,1339870928,1072481246,1295159521
3a596e19d383c16c,J,1214953558,220923885,1709614888,1820878001
3a596e19d383c16c,J,978998175,432642751,628139309,546042132
3a596e19d383c16c,J,206781994,1626880047,1656346023,565470266
3a596e19d383c16c,J,1206267372,327462892,1891889526,791382431
3a596e19d383c16c,J,2135951769,1065081544,1991133556,1193708858
3a596e19d383c16c,J,1703614164,1731931518,108998411,2103613826
3a596e19d383c16c,J,415453823,1959048149,1557056811,1102875395
3a596e19d383c16c,J,1157868329,745572980,1159579209,1617047527
3a596e19d383c16c,J,1782119066,527443231,1428702406,1060554659
3a596e19d383c16c,J,1505542272,576811655,1573216179,1271375303
3a596e19d383c16c,J,506263446,1305908057,721431252,593113333
3a596e19d383c16c,J,217142820,1614694519,1975310145,2101035071
3a596e19d383c16c,J,1512491828,1298316515,168896537,1937350058
3a596e19d383c16c,J,860076049,117111294,1025942953,1098139118
3a596e19d383c16c,J,2114704383,318436976,1025802873,1300725385
3a596e19d383c16c,J,1767874341,223290897,1224073727,1910255989
3a596e19d383c16c,J,428742630,883978287,1460570201,258734462
3a596e19d383c16c,J,952056074,1543242979,168428803,1097130487
3a596e19d383c16c,J,1241228532,611465196,1048038951,1740621370
3a596e19d383c16c,J,1080544220,28609842,1194555298,1468252364
3a596e19d383c16c,J,838746881,1547056754,883529884,881935237
3a596e19d383c16c,J,1892387504,563427719,1605894858,1315165726
3a596e19d383c16c,J,10071764,240019381,2117309500,97941866
3a596e19d383c16c,J,942978993,1083903915,1862779668,797310684
3a596e19d383c16c,J,233286925,679706989,1781348854,1196633396
3a596e19d383c16c,J,930329281,80825668,2033365888,1196495026
3a596e19d383c16c,J,1952112987,1083818462,1759628581,1582028499
3a596e19d383c16c,J,1999607428,504287977,1023859503,1239778218
3a596e19d383c16c,J,209831651,488976405,64010346,27431860
3a596e19d383c16c,K,946983220,1197948784,1039738950,563147640
3a596e19d383c16c,K,1555882567,793809160,620928217,36473294
3a596e19d383c16c,K,1590431319,1918037448,1060347021,1446542827
3a596e19d383c16c,K,387160514,443865542,721290101,850610525
3a596e19d383c16c,K,576313685,1469703921,2056923494,1753472047
3a596e19d383c16c,K,2097543197,1349560712,2133093149,173850107
3a596e19d383c16c,K,1200187900,1172962759,975480091,332479215
3a596e19d383c16c,K,1116544826,342203068,1286389006,1545189016
3a596e19d383c16c,K,1210504263,366438895,1036710222,2050680653
3a596e19d383c16c,K,1773000555,2109558159,76025005,1594354623
3a596e19d383c16c,K,1152490762,911455037,256144439,1273764453
3a596e19d383c16c,K,551537504,404868394,1551110370,2030508847
3a596e19d383c16c,K,1409819105,638722691,1620621755,1710115699
3a596e19d383c16c,K,7283299,52707018,187594016,29013096
3a596e19d383c16c,K,962026835,1947857956,1504805672,673093165
3a596e19d383c16c,K,2091186650,1418255473,228792476,1282651732
3a596e19d383c16c,K,742965682,1462769508,1683254981,1809307835
3a596e19d383c16c,K,1729278682,430611952,836988462,1864457728
3a596e19d383c16c,K,47645865,1575107137,1853331393,124707637
3a596e19d383c16c,K,184600718,1367197023,1116731829,1386680709
3a596e19d383c16c,K,790852533,1812783322,650305786,826092744
3a596e19d383c16c,K,1101050166,1691998793,1450420360,2098194633
3a596e19d383c16c,K,1918893880,52018237,486535688,2104021930
3a596e19d383c16c,K,144985994,1277844103,2017020864,147528011
3a596e19d383c16c,K,2080377333,1833747888,1205515439,1578376008
3a596e19d383c16c,K,1592274930,1425389819,644101150,752492229
3a596e19d383c16c,K,2115666435,494028987,873528699,1732177447
3a596e19d383c16c,K,1618520791,1000944819,163908691,1945564387
3a596e19d383c16c,K,2017075325,993704389,1848409864,1752366257
3a596e19d383c16c,K,790347660,561506911,75045532,1560029674
3a596e19d383c16c,L,52386917,94410919,1991745912,1850579727
3a596e19d383c16c,L,975059702,698534360,1390367698,445366501
3a596e19d383c16c,L,1399226056,1492600900,638265346,1038023642
3a596e19d383c16c,L,1287802067,1564557820,1734025017,1529042848
3a596e19d383c16c,L,195061117,1189981242,1855892814,1040026550
3a596e19d383c16c,L,1635821538,1053575700,541846712,1084243635
3a596e19d383c16c,L,1337276939,1764119610,1063596543,286128132
3a596e19d383c16c,L,263457606,1898623014,1890113209,1489262479
3a596e19d383c16c,L,762823181,2043589059,109396254,943203581
3a596e19d383c16c,L,1707151048,669981823,1901762329,1776651694
3a596e19d383c16c,L,1174336487,1634110831,269829522,332567443
3a596e19d383c16c,L,553116480,1655890256,1333620467,1708706772
3a596e19d383c16c,L,1398418973,237673078,585999317,1238795926
3a596e19d383c16c,L,1721568359,242032476,2131635750,548409136
3a596e19d383c16c,L,1000272349,1678408949,1490654336,321214529
3a596e19d383c16c,L,1187084390,1005599115,1993062311,1055360210
3a596e19d383c16c,L,538600523,703510999,1571450195,319029423
3a596e19d383c16c,L,269007348,841691800,1676915880,1772318283
3a596e19d383c16c,L,1658572759,466067082,1718447022,794287300
3a596e19d383c16c,L,1670366109,789530446,550964971,55004974
3a596e19d383c16c,L,1378944134,1196026925,1402787422,879012885
3a596e19d383c16c,L,602628604,361792931,1130013964,1927596405
3a596e19d383c16c,L,1478639090,826747780,1847992193,51449637
3a596e19d383c16c,L,1162293788,1318620111,539357289,917442689
3a596e19d383c16c,L,239418730,1540448970,1020833975,1103056262
3a596e19d383c16c,L,721174264,1935328035,44141395,944515441
3a596e19d383c16c,L,2085755917,2090528644,332212947,28993245
3a596e19d383c16c,L,1551726360,1503285606,1645769999,81495285
3a596e19d383c16c,L,1243575082,531942779,1002081693,1409755217
3a596e19d383c16c,L,2028220595,1137512997,533921992,848942840
9f737f585be577e5,A,903074897,891314700,1916157030,1274847106
9f737f585be577e5,A,470959248,1214530594,1027979475,275398688
9f737f585be577e5,A,332262889,683295465,1366109497,400566036
9f737f585be577e5,A,865715177,1084401584,516066588,2110849421
9f737f585be577e5,A,1094626966,1103807556,2016046247,152648839
9f737f585be577e5,A,1775725258,1448607487,1330472731,519359959
9f737f585be577e5,A,1241144291,1871342324,1288978665,614571400
9f737f585be577e5,A,1957317123,1069004785,69497304,2699310
9f737f585be577e5,A,565980412,795057090,1982253729,804911986
9f737f585be577e5,A,398737774,303307648,991065187,278218915
9f737f585be577e5,A,1936306781,1311139188,1133678965,1797183241
9f737f585be577e5,A,1248737,1104109210,1554488575,1939402335
9f737f585be577e5,A,662848789,581722303,532741584,1937154070
9f737f585be577e5,A,1759820944,553938722,2099182966,938468502
9f737f585be577e5,A,207948678,27291976,1472052185,1194935150
9f737f585be577e5,A,1006049843,624387147,1653794384,204123689
9f737f585be577e5,A,1485484140,2135351632,1461486853,672415820
9f737f585be577e5,A,1011589447,1992025272,24669445,1073265438
9f737f585be577e5,A,2021473044,1230008725,1767191355,1943309060
9f737f585be577e5,A,1987860279,1529663367,1802571763,524572834
9f737f585be577e5,A,1357892855,1801398159,738573906,1137641553
9f737f585be577e5,A,290087718,1769914179,87064958,933390146
9f737f585be577e5,A,119923874,1336291523,1428484178,971744356
9f737f585be577e5,A,437955605,73954746,1119148814,604358058
9f737f585be577e5,A,1537907207,555453971,787836193,2081953367
9f737f585be577e5,A,357216502,1486030186,1576700409,670738299
9f737f585be577e5,A,2111928283,826445504,526526300,413201817
9f737f585be577e5,A,870619379,1260896112,1823881970,1314709594
9f737f585be577e5,A,1370039114,1401118442,432768643,1224317662
9f737f585be577e5,A,1638426649,1208301824,1852918068,2044675791
9f737f585be577e5,B,157469108,528149126,760326934,684267370
9f737f585be577e5,B,318853823,586674727,294735355,208260973
9f737f585be577e5,B,886330808,567680152,1663773555,1911199401
9f737f585be577e5,B,1083025330,158707016,1229748853,1833651165
9f737f585be577e5,B,345502191,187453573,78382388,1437745080
9f737f585be577e5,B,1599715908,1959098846,1440122974,525594495
9f737f585be577e5,B,1909446702,521032493,1443446133,1280809609
9f737f585be577e5,B,884077932,93707130,562027626,10266637
9f737f585be577e5,B,1026021711,2133833412,1815027355,1752543374
9f737f585be577e5,B,2088037763,1129302949,936437592,522163417
9f737f585be577e5,B,264546356,1802749437,2038965815,1003958904
9f737f585be577e5,B,1380084750,2015085943,1609082209,1057436936
9f737f585be577e5,B,1276131744,230830380,1112185697,1131073645
9f737f585be577e5,B,164764608,355674866,1976971677,1254844349
9f737f585be577e5,B,449673963,1734590164,444581339,1494362297
9f737f585be577e5,B,256602614,701646077,960210670,2138889883
9f737f585be577e5,B,7994778,609579514,309576042,1372800859
9f737f585be577e5,B,1880285884,783423922,370090739,1182502313
9f737f585be577e5,B,1406297392,1198626732,1122450380,81238400
9f737f585be577e5,B,13636887,1744215275,494310112,1648171576
9f737f585be577e5,B,186767775,48571925,367512249,967146105
9f737f585be577e5,B,375936111,1553784271,1367821292,1897178699
9f737f585be577e5,B,2001973639,1754378925,1401974238,1718358081
9f737f585be577e5,B,1576251141,1498859220,242958682,990751589
9f737f585be577e5,B,1184835192,594377853,712863908,2068616666
9f737f585be577e5,B,186282275,51210041,1873907251,1737819130
9f737f585be577e5,B,1804425967,77985812,613816352,805567562
9f737f585be577e5,B,566437622,909177553,278114128,1271309075
9f737f585be577e5,B,1843712966,974229164,1203588941,1770545162
9f737f585be577e5,B,1377754587,1519529394,1390034946,39751569
9f737f585be577e5,C,1280705184,1384157745,1078798624,1692986906
9f737f585be577e5,C,395733468,1995859319,1132515626,91067334
9f737f585be577e5,C,708652412,119938529,33060159,320440960
9f737f585be577e5,C,2102575419,1894203591,867583008,2004459025
9f737f585be577e5,C,15440739,612284535,1388517834,1247673841
9f737f585be577e5,C,343196915,1913582238,1331571480,1008568069
9f737f585be577e5,C,18426667,1396923471,834266756,1533800609
9f737f585be577e5,C,116714572,1481668160,459446189,1344638578
9f737f585be577e5,C,530871086,1164714448,1893455183,598392083
9f737f585be577e5,C,1672749152,117757367,2120871585,1922556220
9f737f585be577e5,C,381028377,356118593,801753061,1470628064
9f737f585be577e5,C,1460437528,699248339,1841258794,125811068
9f737f585be577e5,C,134220441,355033579,769983246,1065631200
9f737f585be577e5,C,2056707673,1186074316,1590513706,1544553623
9f737f585be577e5,C,621366292,1261194117,1447194223,1930170400
9f737f585be577e5,C,1933619026,2047905009,712783122,860842074
9f737f585be577e5,C,2074276860,385921189,778163717,697884687
9f737f585be577e5,C,1432726614,1786248492,151619830,932364821
9f737f585be577e5,C,1166923218,935362977,1558481432,801939469
9f737f585be577e5,C,1380058450,1935769264,1162936067,886975937
9f737f585be577e5,C,591918114,859014649,1637996165,188730356
9f737f585be577e5,C,577689553,726464671,2085273915,1663690658
9f737f585be577e5,C,761533119,286464000,1844938133,732713874
9f737f585be577e5,C,2052846655,447283188,1330169279,2121378555
9f737f585be577e5,C,1182406610,2144721562,1627155546,1433282679
9f737f585be577e5,C,859171242,1659082732,384386469,1359238961
9f737f585be577e5,C,444189535,57063372,642593247,1147111876
9f737f585be577e5,C,1242619399,2022839154,1451667686,1299784189
9f737f585be577e5,C,1416678795,376815406,1526987339,1332403055
9f737f585be577e5,C,834893385,832675093,1608429022,1883155015
9f737f585be577e5,D,1694443269,542742367,1342923758,1933217584
9f737f585be577e5,D,330828508,1482710148,1588763256,2092522403
9f737f585be577e5,D,262183267,1276520884,1457822114,924574752
9f737f585be577e5,D,188918649,433487250,272022553,2026301636
9f737f585be577e5,D,882180999,1993431639,512168088,957149224
9f737f585be577e5,D,2038524199,1689949966,1207069098,227542214
9f737f585be577e5,D,649058897,1069794421,1596213786,570087716
9f737f585be577e5,D,1593604630,1603636098,644131654,1934529727
9f737f585be577e5,D,130685826,1705114750,760150748,254869287
9f737f585be577e5,D,208587259,1682166572,1037382601,1229575624
9f737f585be577e5,D,7978397,1002408852,1918711741,682029397
9f737f585be577e5,D,1003455292,496950542,1240856391,628815050
9f737f585be577e5,D,2065929712,1720537485,645761098,1416192393
9f737f585be577e5,D,318743214,762610450,2056697069,904845772
9f737f585be577e5,D,66275268,1205516321,1270902040,1909570450
9f737f585be577e5,D,1128834659,905369369,1637993503,602120528
9f737f585be577e5,D,2107587712,760973217,1866439112,880551498
9f737f585be577e5,D,1623652631,1566335743,1282996012,1810564473
9f737f585be577e5,D,462634403,1735414778,142127056,675814464
9f737f585be577e5,D,1943726827,1666776228,1414322389,1142789882
9f737f585be577e5,D,1652975548,1597420178,1671575416,1514706959
9f737f585be577e5,D,1633000047,1820418746,715234229,1815336410
9f737f585be577e5,D,522295286,1816413731,274999841,1563014527
9f737f585be577e5,D,689949203,1446991225,1843616294,744076397
9f737f585be577e5,D,1689175914,957079267,1637172697,333539901
9f737f585be577e5,D,216193793,21282708,649191012,234289699
9f737f585be577e5,D,350225893,482260186,1663033400,589966425
9f737f585be577e5,D,1385338487,87489035,997337475,535273419
9f737f585be577e5,D,114856027,1621505342,1052537450,449411807
9f737f585be577e5,D,69141671,221350671,835189689,1514034841
9f737f585be577e5,E,307959613,1932510140,1353054844,446574172
9f737f585be577e5,E,1489365679,1844371615,52282255,1105419590
9f737f585be577e5,E,429948174,188094758,134048765,323584342
9f737f585be577e5,E,1507508929,1131265248,1308070020,1336233322
9f737f585be577e5,E,1328158941,804162743,1259025968,804860170
9f737f585be577e5,E,332122784,1337456987,763082597,1981252053
9f737f585be577e5,E,1172578400,2653567,75520326,1730489611
9f737f585be577e5,E,485314119,398781664,1976918514,15754910
9f737f585be577e5,E,1304539549,1727999706,1836095537,1636371454
9f737f585be577e5,E,470164641,1723993797,1533790473,353779871
9f737f585be577e5,E,386232793,1654187698,745063911,1335361767
9f737f585be577e5,E,1557823249,1083553165,432197561,34666570
9f737f585be577e5,E,1912500251,1152873303,1476547603,198974078
9f737f585be577e5,E,1141866337,1594463959,279843639,36795958
9f737f585be577e5,E,1773265272,1923158924,1421851174,629037447
9f737f585be577e5,E,917187331,1308865407,1038311497,649535572
9f737f585be577e5,E,870558349,456493216,1247360861,645311994
9f737f585be577e5,E,792887902,291628703,1766748584,16565290
9f737f585be577e5,E,1887685287,1812913061,1417988531,2044424301
9f737f585be577e5,E,352179349,1656416627,1614643270,251815278
9f737f585be577e5,E,1546311501,1333075346,206341392,1069162909
9f737f585be577e5,E,40330426,297819845,1264495609,644327124
9f737f585be577e5,E,395754957,1237253665,68439497,332933017
9f737f585be577e5,E,887730374,1478233178,1895884042,1841099990
9f737f585be577e5,E,1296589338,957276471,2067844496,672418133
9f737f585be577e5,E,1408040899,80007443,19307644,1769429370
9f737f585be577e5,E,425991872,1132978171,949376590,775727132
9f737f585be577e5,E,918185652,1685391811,418065481,1296257048
9f737f585be577e5,E,831656156,182016012,478390728,1637374668
9f737f585be577e5,E,957620607,1555703795,815976502,419614299
9f737f585be577e5,F,23048511,1584944341,1295328308,764740990
9f737f585be577e5,F,1321332383,1505432884,240681178,1177993351
9f737f585be577e5,F,2102677365,648216908,2138769585,459475079
9f737f585be577e5,F,1874683289,1027700037,97362159,11684449
9f737f585be577e5,F,1931634906,644119078,2121244038,116594901
9f737f585be577e5,F,1110947750,1709550384,1049482193,194193996
9f737f585be577e5,F,1851264323,1741040965,1673587442,988609454
9f737f585be577e5,F,1282119435,337184940,1827860358,1736017627
9f737f585be577e5,F,890828149,370092139,277568287,2082582554
9f737f585be577e5,F,49776416,96051910,358808325,333588948
9f737f585be577e5,F,1890726876,968805351,1185075418,323987153
9f737f585be577e5,F,1913535337,724486942,591972674,1684505464
9f737f585be577e5,F,767039353,281708551,1665106112,1370464369
9f737f585be577e5,F,1714784604,1100285178,1111167372,1363484008
9f737f585be577e5,F,516436543,834387322,1519023481,1338900400
9f737f585be577e5,F,651196813,1860631494,381534256,1660118188
9f737f585be577e5,F,191989850,65181827,2142162475,930015430
9f737f585be577e5,F,1117091112,1300156102,1930281073,804857286
9f737f585be577e5,F,208378547,263836640,1409174317,1467928665
9f737f585be577e5,F,2034853815,887802593,1309714934,1437100630
9f737f585be577e5,F,1725369244,843111590,942223386,1968745158
9f737f585be577e5,F,1183067361,806577522,829477003,1039383163
9f737f585be577e5,F,1623794564,72051357,1894175438,313102245
9f737f585be577e5,F,1616354679,1668145405,299041758,505001496
9f737f585be577e5,F,160493777,1111155654,947486837,16216880
9f737f585be577e5,F,1676328326,1760790821,226811588,1982335511
9f737f585be577e5,F,1824052916,1673629646,1914954813,1216871903
9f737f585be577e5,F,882909491,378979170,1845252145,317679779
9f737f585be577e5,F,1284798921,1594620801,1656321134,1487902251
9f737f585be577e5,F,546597748,1967197459,1278697132,272563419
9f737f585be577e5,G,1860027685,1878810873,1531498623,1701411272
9f737f585be577e5,G,1204292144,1279715137,801709353,1319138381
9f737f585be577e5,G,1684647393,346049824,240753542,1117368393
9f737f585be577e5,G,500879849,589861196,994958275,1628552447
9f737f585be577e5,G,982163358,1137247976,1406190387,1924448203
9f737f585be577e5,G,30220742,95783832,1869950920,2079668271
9f737f585be577e5,G,1183723257,1691118934,546218865,1283096396
9f737f585be577e5,G,124423456,313680098,149108471,189286219
9f737f585be577e5,G,1968707525,1617229361,1344094063,737664155
9f737f585be577e5,G,1026667129,1828658093,564457932,1699679910
9f737f585be577e5,G,1299985574,392628922,1125935305,785040728
9f737f585be577e5,G,728336518,147214058,1800051817,2061276435
9f737f585be577e5,G,1160946647,1602035814,873698335,132676589
9f737f585be577e5,G,644139835,1937971814,2087506388,1065565084
9f737f585be577e5,G,2019161100,111038738,1613743968,170665637
9f737f585be577e5,G,255449256,41425742,2104688146,1719055227
9f737f585be577e5,G,1921025745,2086278200,690988147,1702972212
9f737f585be577e5,G,934939586,1770449642,411256561,618383364
9f737f585be577e5,G,703940237,1811403301,1432500741,122169530
9f737f585be577e5,G,1746250409,745378592,545593039,697895794
9f737f585be577e5,G,1448907939,109573331,1967839653,1892542786
9f737f585be577e5,G,45243333,1806416595,801763294,1743155344
9f737f585be577e5,G,478878043,1093756584,607487121,1506205993
9f737f585be577e5,G,2022020020,737775626,2145368738,210800635
9f737f585be577e5,G,348257821,1341208023,1997998883,1619048944
9f737f585be577e5,G,1670045654,769026771,863427599,607761232
9f737f585be577e5,G,203496994,323888841,106758304,531395361
9f737f585be577e5,G,994942314,520325447,912906615,596268516
9f737f585be577e5,G,1209174523,138134420,146591912,1567668680
9f737f585be577e5,G,683641405,2018184759,523330755,1807511990
9f737f585be577e5,H,1787262679,265344629,705674651,666666814
9f737f585be577e5,H,534343161,590040371,1268771548,314598985
9f737f585be577e5,H,661289079,2019082815,1819198869,1109070549
9f737f585be577e5,H,1676910104,1730570871,2026449529,305081528
9f737f585be577e5,H,851002547,324419727,410207036,456902068
9f737f585be577e5,H,1457341572,645230749,280084465,380653939
9f737f585be577e5,H,796239783,1982288548,214841628,193827717
9f737f585be577e5,H,1896699305,1733048942,190387128,101467069
9f737f585be577e5,H,339834570,2092511795,782569500,1896750417
9f737f585be577e5,H,1463521347,2074655582,1186494419,1187197982
9f737f585be577e5,H,844497303,1727953557,1170616612,1761988242
9f737f585be577e5,H,1452065802,1883051493,1424697440,1955118907
9f737f585be577e5,H,1956619447,243259853,1941851975,2112427898
9f737f585be577e5,H,1040413210,660565224,2049395067,505415005
9f737f585be577e5,H,218900899,4619054,1777623801,390621461
9f737f585be577e5,H,172979499,1520925395,1643093117,1037560683
9f737f585be577e5,H,238933763,1757638184,1851065276,1898408292
9f737f585be577e5,H,1885528125,1862579928,1515488289,1231275035
9f737f585be577e5,H,196405026,1312257442,310487127,1956281213
9f737f585be577e5,H,1009095570,1316803362,1861270150,1305406637
9f737f585be577e5,H,1909554319,1372717367,2061432918,1978997100
9f737f585be577e5,H,995786463,2010307108,420488293,1893153298
9f737f585be577e5,H,531860509,1963618315,179092091,1199613049
9f737f585be577e5,H,822833854,623809563,1242163624,117369723
9f737f585be577e5,H,1083373770,1352707562,38976459,1599532408
9f737f585be577e5,H,1330870957,59412739,1060636550,1033045103
9f737f585be577e5,H,260571826,1182082522,1595526329,611787238
9f737f585be577e5,H,1978660867,1033234237,740733462,1523465750
9f737f585be577e5,H,1113432282,224812590,1071337987,1488492593
9f737f585be577e5,H,1762693424,841071498,453970265,1203028601
9f737f585be577e5,I,1391992414,517156739,1037614090,1305720431
9f737f585be577e5,I,1543151142,578247875,1571746544,2142741416
9f737f585be577e5,I,2018177249,1139425662,2091589170,1215266991
9f737f585be577e5,I,1500442095,1447464066,595816952,327315555
9f737f585be577e5,I,265994297,365888960,520011162,1832009076
9f737f585be577e5,I,558682332,1943626004,931634305,2142728531
9f737f585be577e5,I,934966707,1772530058,688797851,1225229397
9f737f585be577e5,I,600012069,551220373,59314346,398569929
9f737f585be577e5,I,745191744,847583768,1949215088,1268893557
9f737f585be577e5,I,1318842341,1522895059,1738240900,2110036692
9f737f585be577e5,I,1353955936,1609736919,243274789,1632362597
9f737f585be577e5,I,1362598869,152984330,1854517658,1948454918
9f737f585be577e5,I,2094311989,418240163,1709785347,697663286
9f737f585be577e5,I,1089328534,454600614,1751728236,1921212539
9f737f585be577e5,I,336226530,665088840,1260200706,1598029322
9f737f585be577e5,I,1295126019,761556078,398850561,2124081345
9f737f585be577e5,I,1916364537,1396098589,640557908,1046511719
9f737f585be577e5,I,1436211068,1432496057,1721338194,1793713518
9f737f585be577e5,I,1552649904,421797293,2088317440,1660726615
9f737f585be577e5,I,383451206,1861531236,940648278,1191976532
9f737f585be577e5,I,1904750581,28857138,1621579223,721415750
9f737f585be577e5,I,1018983628,464490160,543774678,1003003726
9f737f585be577e5,I,1744850984,1325039572,378105834,397768075
9f737f585be577e5,I,139925463,882009619,1576154354,1127320355
9f737f585be577e5,I,1351147791,790001942,533107781,1343166271
9f737f585be577e5,I,943373954,1793856362,1411000355,383723599
9f737f585be577e5,I,1517520661,1542872596,735582273,239582182
9f737f585be577e5,I,525614585,2027879181,1202400116,1942415716
9f737f585be577e5,I,2010637747,1141744880,1428593339,1901763645
9f737f585be577e5,I,664298956,1743507926,1008263452,930943240
9f737f585be577e5,J,1747614503,1994989593,221921593,1459034836
9f737f585be577e5,J,1593203963,603537909,252874009,1549958125
9f737f585be577e5,J,11980256,678415395,1312111722,309007614
9f737f585be577e5,J,417957170,1465070989,170483365,1296793286
9f737f585be577e5,J,1321336797,1802369198,1470520431,92665795
9f737f585be577e5,J,214627261,626318598,1256469558,1142594320
9f737f585be577e5,J,448838730,775012599,1879110583,2042891231
9f737f585be577e5,J,2040561854,896475739,1788355860,128808816
9f737f585be577e5,J,347344151,711174499,899790786,542899308
9f737f585be577e5,J,1196191437,1097567993,2129999647,1562217514
9f737f585be577e5,J,15806851,1876851557,284785061,132338993
9f737f585be577e5,J,1185821114,1906444945,289851354,1280132129
9f737f585be577e5,J,185363539,1876165745,744399958,1575951629
9f737f585be577e5,J,764147138,1383876151,618660753,1931034153
9f737f585be577e5,J,358064113,561571412,2075259534,94531809
9f737f585be577e5,J,1760443574,1265550905,1930192849,1761233911
9f737f585be577e5,J,1627069231,129242877,1276778771,1061680361
9f737f585be577e5,J,1200038586,1366951266,2128584417,617424919
9f737f585be577e5,J,1435789486,350983947,1333722578,474989918
9f737f585be577e5,J,564579833,1907769247,1703589928,622373616
9f737f585be577e5,J,109761006,631405820,1695765652,1111711651
9f737f585be577e5,J,1489295604,690314429,603405826,449862533
9f737f585be577e5,J,2136349944,1965093701,645009494,1252302100
9f737f585be577e5,J,905257125,2023025534,1033829579,1512132260
9f737f585be577e5,J,1185398393,123726891,295107231,2042725844
9f737f585be577e5,J,1028914705,2051271828,798054027,991594011
9f737f585be577e5,J,664463829,538115686,723282352,1259843543
9f737f585be577e5,J,944741763,669007171,611913729,231917431
9f737f585be577e5,J,298536649,666184418,1076613084,168416053
9f737f585be577e5,J,384308925,1672726720,478060417,188509770
9f737f585be577e5,K,1469107322,1882684995,84163465,1902039624
9f737f585be577e5,K,709330295,46560561,1985659522,1362166301
9f737f585be577e5,K,1278215360,2059900336,2024661618,1539848400
9f737f585be577e5,K,267069847,359850055,1024123798,601101932
9f737f585be577e5,K,1315250231,714341783,1349423454,1616649402
9f737f585be577e5,K,1764947426,210989707,938102919,1830690902
9f737f585be577e5,K,1624132697,665506253,1105710561,906957957
9f737f585be577e5,K,1138336167,1538680103,1060939345,2120218164
9f737f585be577e5,K,798037124,1511293965,1567946411,1716742648
9f737f585be577e5,K,48762238,1085425906,981102171,75674370
9f737f585be577e5,K,1608290289,1130533688,849503790,1277933010
9f737f585be577e5,K,1438343103,1058733490,1086164701,2146997477
9f737f585be577e5,K,1596669487,1144194055,1833037181,1405377801
9f737f585be577e5,K,136157653,47667407,1684046984,839056290
9f737f585be577e5,K,655664419,1322600741,163339951,591682282
9f737f585be577e5,K,1257190037,894002761,426054025,48404305
9f737f585be577e5,K,789452192,255760820,52542597,1987599901
9f737f585be577e5,K,1215693219,15883513,1551903812,1930475361
9f737f585be577e5,K,1273487611,315926933,772093813,1639233072
9f737f585be577e5,K,1143797073,1480200900,1117598586,517948636
9f737f585be577e5,K,1442828586,1817747175,526476754,1486937849
9f737f585be577e5,K,527529410,246098352,424032726,1503966257
9f737f585be577e5,K,1904169635,244232165,1273305242,421907959
9f737f585be577e5,K,389106330,849160140,1280322421,1394159830
9f737f585be577e5,K,1606775857,665046865,578835852,1575622686
9f737f585be577e5,K,1092537767,471266827,1643725181,1804935926
9f737f585be577e5,K,361742935,1124929535,639931126,1586850712
9f737f585be577e5,K,1375119765,155567587,282455117,1077892311
9f737f585be577e5,K,2038426189,1200891464,973748308,735834470
9f737f585be577e5,K,126750974,1081185990,1064864365,65094786
9f737f585be577e5,L,1440185662,252847862,967948718,1608527813
9f737f585be577e5,L,1096616177,426585394,2079402716,324853931
9f737f585be577e5,L,168462986,400909024,182798858,1199431236
9f737f585be577e5,L,1409651516,395770496,1914969732,2050411245
9f737f585be577e5,L,2018599629,1536947305,610597667,2064059785
9f737f585be577e5,L,1854242951,761949884,1139150163,656318224
9f737f585be577e5,L,1412433362,239728316,581495117,245909006
9f737f585be577e5,L,1771429998,1398329910,1262807770,1851853406
9f737f585be577e5,L,763567066,572653303,660129114,1273437085
9f737f585be577e5,L,1135714894,278282877,1844152959,1493530381
9f737f585be577e5,L,814711605,862153973,1199127475,56718289
9f737f585be577e5,L,2110123418,992352627,304050246,1039327575
9f737f585be577e5,L,266006280,1858417832,612192019,258197437
9f737f585be577e5,L,2136745108,24995113,353334370,1904620920
9f737f585be577e5,L,1462550793,1095744017,511514851,600488919
9f737f585be577e5,L,1953565457,1630454193,230177554,137011123
9f737f585be577e5,L,724268948,157474075,610157395,1358425084
9f737f585be577e5,L,1372868812,436842333,503765516,2020490401
9f737f585be577e5,L,1575551291,16983951,1183001587,1227220282
9f737f585be577e5,L,1295836421,1437663333,382340828,1464760340
9f737f585be577e5,L,886250255,1633182791,1992289339,1218421197
9f737f585be577e5,L,194155120,1349843923,564026642,1307237433
9f737f585be577e5,L,1271229788,40379234,1025072068,228916530
9f737f585be577e5,L,807531999,417252834,286287816,1345112781
9f737f585be577e5,L,10742762,2013246562,1262349245,1517304917
9f737f585be577e5,L,1259490971,1471045816,340521572,69013398
9f737f585be577e5,L,257050210,619369405,1062152701,1427846168
9f737f585be577e5,L,209224601,137064676,1764229085,829409101
9f737f585be577e5,L,1574342844,1639001148,633848574,1172448500
9f737f585be577e5,L,770799575,394920309,1206194695,1519597979
1b3231f2f1c4c3bd,A,1118771138,2102613258,1191091268,1264667582
1b3231f2f1c4c3bd,A,971151491,1531216057,2003668194,1083171844
1b3231f2f1c4c3bd,A,1814445653,61034917,728290624,1676935147
1b3231f2f1c4c3bd,A,218054038,1006364370,584847990,747746217
1b3231f2f1c4c3bd,A,1049648477,35767884,95016643,364968865
1b3231f2f1c4c3bd,A,105502598,1312379774,233844213,1088446925
1b3231f2f1c4c3bd,A,1928958333,662152154,408506296,2144108380
1b3231f2f1c4c3bd,A,579962476,1721587629,1234125669,337808723
1b3231f2f1c4c3bd,A,938868139,27367702,86707709,1862460101
1b3231f2f1c4c3bd,A,120446656,1276702083,885190245,62700820
1b3231f2f1c4c3bd,A,645440459,69216326,1747110146,864520008
1b3231f2f1c4c3bd,A,1916072314,1172295538,1719851582,1002462086
1b3231f2f1c4c3bd,A,404561774,1657893542,2053894762,1099484351
1b3231f2f1c4c3bd,A,846469639,921310123,114082015,959469627
1b3231f2f1c4c3bd,A,1346336871,1515969846,503378977,364223460
1b3231f2f1c4c3bd,A,410524302,1757054596,2140875188,1102709518
1b3231f2f1c4c3bd,A,25876977,1007850574,455345751,1811570833
1b3231f2f1c4c3bd,A,1018093355,1200830175,640832219,1985840815
1b3231f2f1c4c3bd,A,1066226822,165944750,261185781,327556806
1b3231f2f1c4c3bd,A,1429187004,1927501325,802121573,781945781
1b3231f2f1c4c3bd,A,319859306,586228337,2009700625,184339846
1b3231f2f1c4c3bd,A,1730777500,745431654,594183863,947034476
1b3231f2f1c4c3bd,A,1715447195,592365724,784011000,1690087430
1b3231f2f1c4c3bd,A,1011700381,1272720312,1490215691,565394321
1b3231f2f1c4c3bd,A,596812685,1021129312,1695776184,935658840
1b3231f2f1c4c3bd,A,931277536,1032911509,708491307,677506423
1b3231f2f1c4c3bd,A,675571869,1502571903,251283086,1732474136
1b3231f2f1c4c3bd,A,2059736464,1979014411,1549730582,1527950139
1b3231f2f1c4c3bd,A,626598103,1187975910,337828375,562726394
1b3231f2f1c4c3bd,A,929682256,420407592,1371752499,866021123
1b3231f2f1c4c3bd,B,49502789,1702013334,1014671362,2021668082
1b3231f2f1c4c3bd,B,1136935195,166482668,1998020039,2053879244
1b3231f2f1c4c3bd,B,748266906,431252326,58278271,1380658327
1b3231f2f1c4c3bd,B,1450033710,762977447,542515130,621952025
1b3231f2f1c4c3bd,B,423428345,1220328180,1105498867,84141293
1b3231f2f1c4c3bd,B,1576540483,1741838278,1865738271,1731463761
1b3231f2f1c4c3bd,B,2112421717,1901263244,18675335,889980585
1b3231f2f1c4c3bd,B,1950970522,2059683555,1214022314,1741680679
1b3231f2f1c4c3bd,B,1689223410,1231536518,1640144695,1557602193
1b3231f2f1c4c3bd,B,1825671047,1434745562,859064782,479392265
1b3231f2f1c4c3bd,B,1488596772,1035930544,191814789,1969959933
1b3231f2f1c4c3bd,B,492399534,1306038752,696305691,1682248686
1b3231f2f1c4c3bd,B,2135848243,509284788,2000505723,184135924
1b3231f2f1c4c3bd,B,1180835645,1573645373,1519508917,870106831
1b3231f2f1c4c3bd,B,822073031,1906564768,1826486222,1952022118
1b3231f2f1c4c3bd,B,587654679,2045426575,801789956,435876754
1b3231f2f1c4c3bd,B,686529852,1142223415,1935671888,1556473360
1b3231f2f1c4c3bd,B,158755994,1045101302,696117296,386737294
1b3231f2f1c4c3bd,B,481911278,1080972803,476315528,398864655
1b3231f2f1c4c3bd,B,903213654,1438669954,1618709191,1081069413
1b3231f2f1c4c3bd,B,1361302783,514750890,737322272,1243137390
1b3231f2f1c4c3bd,B,1272164116,257213107,76380442,50628663
1b3231f2f1c4c3bd,B,1747795532,1555576176,1660243255,1828443195
1b3231f2f1c4c3bd,B,1275113399,90735361,1337224862,87186387
1b3231f2f1c4c3bd,B,1405745659,2145053400,290661098,175835464
1b3231f2f1c4c3bd,B,1468291257,1978942329,1190310192,1194378951
1b3231f2f1c4c3bd,B,247340508,1754468360,1779094490,2144333848
1b3231f2f1c4c3bd,B,820102592,1017667830,474464945,95583415
1b3231f2f1c4c3bd,B,2096783241,988715353,1489852839,1970973419
1b3231f2f1c4c3bd,B,962956535,2024592519,758975534,689675804
1b3231f2f1c4c3bd,C,912082286,1270690793,1110603691,1163814763
1b3231f2f1c4c3bd,C,1955231658,2082364924,1188555087,1526797064
1b3231f2f1c4c3bd,C,1863809782,884691608,918676970,2003261439
1b3231f2f1c4c3bd,C,942093238,847257755,1761388968,101843426
1b3231f2f1c4c3bd,C,819052006,1883873406,1191346831,192255944
1b3231f2f1c4c3bd,C,1961277276,92569293,2144161714,753829776
1b3231f2f1c4c3bd,C,1173680717,825915835,106735644,1809496410
1b3231f2f1c4c3bd,C,30972799,842395630,571512997,295307900
1b3231f2f1c4c3bd,C,1432014551,1005983650,247296873,1859717892
1b3231f2f1c4c3bd,C,49084888,1019251004,375723014,1028651474
1b3231f2f1c4c3bd,C,1327175958,260740480,1266461894,2076773308
1b3231f2f1c4c3bd,C,1869463133,2050684692,486846356,759027268
1b3231f2f1c4c3bd,C,1702495964,1705870246,1602816793,539052778
1b3231f2f1c4c3bd,C,459450800,1209082532,698113038,900061924
1b3231f2f1c4c3bd,C,1254489783,1594535426,20071909,899081214
1b3231f2f1c4c3bd,C,1651299821,1796083396,280834008,1208545610
1b3231f2f1c4c3bd,C,731367319,1552974281,756735620,811097292
1b3231f2f1c4c3bd,C,551759902,535903140,1385155664,878850754
1b3231f2f1c4c3bd,C,1813033163,293303177,277518624,1703679663
1b3231f2f1c4c3bd,C,1854681999,301597839,1053963744,1321743569
1b3231f2f1c4c3bd,C,1872967999,1920203997,1403980489,75605047
1b3231f2f1c4c3bd,C,190402997,1041220299,1887809533,1415848972
1b3231f2f1c4c3bd,C,1407776197,836134450,822727359,70633774
1b3231f2f1c4c3bd,C,43370888,1842589032,1691375536,885026073
1b3231f2f1c4c3bd,C,1360281289,1865699436,1051269577,216150055
1b3231f2f1c4c3bd,C,1904601219,1029760963,202875753,121770849
1b3231f2f1c4c3bd,C,1502981445,1872767087,685359450,1374387477
1b3231f2f1c4c3bd,C,1335366256,880958716,509892325,78984663
1b3231f2f1c4c3bd,C,336631374,562279139,103739588,338086355
1b3231f2f1c4c3bd,C,870751444,69761336,102540348,1898231019
1b3231f2f1c4c3bd,D,86496962,449574484,1865651928,374494719
1b3231f2f1c4c3bd,D,832680137,1993718639,545206526,289620210
1b3231f2f1c4c3bd,D,114413851,1327649389,157571764,1053446601
1b3231f2f1c4c3bd,D,735453818,1487138202,424957701,1950483311
1b3231f2f1c4c3bd,D,870919312,69522442,1832951388,2107448445
1b3231f2f1c4c3bd,D,665385427,1974608767,2089548280,2138526950
1b3231f2f1c4c3bd,D,864635068,1448421470,1520512943,1467947586
1b3231f2f1c4c3bd,D,1381223316,1372815581,41765876,1018127676
1b3231f2f1c4c3bd,D,1313707608,943395851,1296429422,45513877
1b3231f2f1c4c3bd,D,1095558298,2036679852,1011273030,563532981
1b3231f2f1c4c3bd,D,470893578,964839526,9062974,641182388
1b3231f2f1c4c3bd,D,758839462,1797486669,1370271684,84443777
1b3231f2f1c4c3bd,D,1054226579,1430608656,1212511758,1197347141
1b3231f2f1c4c3bd,D,1854482001,263766603,216955725,520232809
1b3231f2f1c4c3bd,D,1029144146,1342912091,855826739,609305907
1b3231f2f1c4c3bd,D,617486953,236954775,2001776914,693736561
1b3231f2f1c4c3bd,D,1857307905,24928039,881390190,1002707059
1b3231f2f1c4c3bd,D,42838598,334336983,2059378769,1731078862
1b3231f2f1c4c3bd,D,1984768821,1397394322,493569505,1151511026
1b3231f2f1c4c3bd,D,972413613,1213835444,1145082521,557964094
1b3231f2f1c4c3bd,D,54586187,235259293,1766944313,1102891283
1b3231f2f1c4c3bd,D,519969608,153963972,1449301303,1167918853
1b3231f2f1c4c3bd,D,1129733609,339039035,1343354662,1261444988
1b3231f2f1c4c3bd,D,1490895041,1455411785,426520025,1618489765
1b3231f2f1c4c3bd,D,1976099168,1360100513,757837826,759170237
1b3231f2f1c4c3bd,D,1697662151,1842061581,2104835917,1603477228
1b3231f2f1c4c3bd,D,1241514180,2060631540,669734148,1226515359
1b3231f2f1c4c3bd,D,594642168,1634391834,732483164,1829175439
1b3231f2f1c4c3bd,D,1783782510,425857373,639319484,1770943863
1b3231f2f1c4c3bd,D,1189690791,398471180,1962595074,591442179
1b3231f2f1c4c3bd,E,61384982,589483046,1977455190,722104233
1b3231f2f1c4c3bd,E,981753512,1755743898,1812836359,1129946289
1b3231f2f1c4c3bd,E,132071199,181802357,497942669,1425964153
1b3231f2f1c4c3bd,E,1322809788,538864974,393380452,2095132123
1b3231f2f1c4c3bd,E,286513940,1537908082,1246673196,449377467
1b3231f2f1c4c3bd,E,568615004,348835621,1862708588,1207367889
1b3231f2f1c4c3bd,E,1135431928,1647222213,1990180138,1198320837
1b3231f2f1c4c3bd,E,2068944573,689047798,826252791,1596084883
1b3231f2f1c4c3bd,E,121990462,901591395,2133620730,1560095857
1b3231f2f1c4c3bd,E,109398055,480259973,1080360881,269561061
1b3231f2f1c4c3bd,E,1843665728,1728518562,568133998,1095193144
1b3231f2f1c4c3bd,E,717771562,905405641,2114498321,1735458041
1b3231f2f1c4c3bd,E,1098550505,2016426705,628516725,1215372979
1b3231f2f1c4c3bd,E,1217508955,1997864161,143222951,202523887
1b3231f2f1c4c3bd,E,1962239152,135656973,1788048371,1791981508
1b3231f2f1c4c3bd,E,695771863,1572903601,295837649,2124974055
1b3231f2f1c4c3bd,E,1294493259,886944468,1811576005,2040160248
1b3231f2f1c4c3bd,E,302258494,1426428307,1602195961,1366112797
1b3231f2f1c4c3bd,E,1836741739,55817086,1658221100,1563891588
1b3231f2f1c4c3bd,E,1137482156,1191041348,534841089,2019714373
1b3231f2f1c4c3bd,E,1429921581,1592054543,976225506,145065610
1b3231f2f1c4c3bd,E,17456155,1299794227,803083292,1323862812
1b3231f2f1c4c3bd,E,1051310783,1543541813,2002120578,488135086
1b3231f2f1c4c3bd,E,334569239,311458941,210766922,853507481
1b3231f2f1c4c3bd,E,498591473,1161181936,1349813598,32288054
1b3231f2f1c4c3bd,E,2024342811,1956074819,1772357461,616864807
1b3231f2f1c4c3bd,E,2055090933,573231564,1337404209,1335857183
1b3231f2f1c4c3bd,E,877658696,513165515,115585204,665496998
1b3231f2f1c4c3bd,E,1313407800,683837499,1693355956,1475830489
1b3231f2f1c4c3bd,E,272943348,308949221,480179529,1952052469
1b3231f2f1c4c3bd,F,1584703650,574864496,185317687,517979865
1b3231f2f1c4c3bd,F,445891749,1000767386,258399717,533034138
1b3231f2f1c4c3bd,F,816051300,2106876928,540863902,68854365
1b3231f2f1c4c3bd,F,350316109,1392583284,1320214120,1665493971
1b3231f2f1c4c3bd,F,1847213665,1661152051,761908337,1787314764
1b3231f2f1c4c3bd,F,476845932,334858319,2134846968,1215585167
1b3231f2f1c4c3bd,F,844194039,960217786,1766331406,237795560
1b3231f2f1c4c3bd,F,679820267,1693996389,60831319,1233958851
1b3231f2f1c4c3bd,F,926729330,1285706015,326226950,74168642
1b3231f2f1c4c3bd,F,1654715938,1056924248,667104846,929703570
1b3231f2f1c4c3bd,F,13165460,2077483849,1946201674,837672879
1b3231f2f1c4c3bd,F,141562077,978957718,1129731242,1562964568
1b3231f2f1c4c3bd,F,748746266,2063183178,1102806644,254572822
1b3231f2f1c4c3bd,F,479648998,436322602,1417751539,1250972289
1b3231f2f1c4c3bd,F,2004268796,2083812608,765863775,580725715
1b3231f2f1c4c3bd,F,992540219,1781574910,2046798455,38409991
1b3231f2f1c4c3bd,F,1101805932,564578422,565319717,1407436284
1b3231f2f1c4c3bd,F,2037981121,1835551141,478886142,770737976
1b3231f2f1c4c3bd,F,2063469079,835469185,2000292599,1546494831
1b3231f2f1c4c3bd,F,1896936312,87627104,1753357383,1412752498
1b3231f2f1c4c3bd,F,256275014,1524490111,428457204,282854370
1b3231f2f1c4c3bd,F,2121942129,1947027973,1129313783,163568800
1b3231f2f1c4c3bd,F,1815318462,2032907126,990394665,1498997877
1b3231f2f1c4c3bd,F,366660365,1638675032,1843062265,1592486214
1b3231f2f1c4c3bd,F,176146810,389401938,914043180,881468297
1b3231f2f1c4c3bd,F,142794717,80075951,1415180600,1176350600
1b3231f2f1c4c3bd,F,821879880,1665606606,1679299176,761842931
1b3231f2f1c4c3bd,F,1360406374,848448014,1460428342,1265417343
1b3231f2f1c4c3bd,F,1843756482,1272656396,175071501,2141186886
1b3231f2f1c4c3bd,F,1787033167,1136309644,38193260,1687030780
1b3231f2f1c4c3bd,G,504280598,1729599002,559760418,1102132676
1b3231f2f1c4c3bd,G,402536482,1517964911,563851639,878814189
1b3231f2f1c4c3bd,G,1909165540,29129892,1661355879,891313455
1b3231f2f1c4c3bd,G,1686317365,1759488310,837153651,1798588270
1b3231f2f1c4c3bd,G,532349861,1664138314,896996765,337684789
1b3231f2f1c4c3bd,G,281111168,1785623970,765862313,94856399
1b3231f2f1c4c3bd,G,1242726196,1535375079,1707009361,1679945267
1b3231f2f1c4c3bd,G,609265255,1322250244,75009001,798741520
1b3231f2f1c4c3bd,G,1731367815,408596346,1624172822,1934776880
1b3231f2f1c4c3bd,G,1169097828,1900325904,58093674,641429251
1b3231f2f1c4c3bd,G,2080754648,1764538981,403419062,838397337
1b3231f2f1c4c3bd,G,655221165,334643914,1208564066,267224139
1b3231f2f1c4c3bd,G,1350225524,2000091244,571529901,851773226
1b3231f2f1c4c3bd,G,2123339093,1721293385,367739740,1375903394
1b3231f2f1c4c3bd,G,1425095066,35760766,335837839,1165839328
1b3231f2f1c4c3bd,G,1447726588,1224231407,824150116,1246713663
1b3231f2f1c4c3bd,G,1827815692,123152272,1654728882,1508689122
1b3231f2f1c4c3bd,G,1493951120,367680737,1718525452,1077519468
1b3231f2f1c4c3bd,G,209222149,166619789,645778966,938056467
1b3231f2f1c4c3bd,G,1766332492,462765056,1041813682,861536202
1b3231f2f1c4c3bd,G,2086225067,785166907,677083340,377884641
1b3231f2f1c4c3bd,G,697411905,1727150367,1957054139,1313009257
1b3231f2f1c4c3bd,G,106426467,1716700794,1268785088,102751980
1b3231f2f1c4c3bd,G,1911424567,753241984,1036066274,2069424167
1b3231f2f1c4c3bd,G,609321616,1646618660,596295492,22314211
1b3231f2f1c4c3bd,G,832162101,129678715,1139074294,198065494
1b3231f2f1c4c3bd,G,257756580,137416273,488873812,1146908838
1b3231f2f1c4c3bd,G,2052095630,665958206,1865926766,65734191
1b3231f2f1c4c3bd,G,1646309887,1696671960,895254643,1759594950
1b3231f2f1c4c3bd,G,145681364,807322069,1641837254,1258097107
1b3231f2f1c4c3bd,H,1087770687,285267359,511733326,14053371
1b3231f2f1c4c3bd,H,2060697936,1684011347,1923168776,571955946
1b3231f2f1c4c3bd,H,1486590569,1835709187,1735127528,301430086
1b3231f2f1c4c3bd,H,1854469994,590973814,1411230606,79385985
1b3231f2f1c4c3bd,H,1788406103,778219202,1608695264,958902057
1b3231f2f1c4c3bd,H,292935470,1812010150,866562123,1619338779
1b3231f2f1c4c3bd,H,924887605,704411810,1960541409,1174528170
1b3231f2f1c4c3bd,H,1367999145,26728585,265356975,821294429
1b3231f2f1c4c3bd,H,2085720757,1237107501,2084986886,1139828851
1b3231f2f1c4c3bd,H,1216360131,2099197737,588221280,928189783
1b3231f2f1c4c3bd,H,2104052896,797462794,1382281985,500483774
1b3231f2f1c4c3bd,H,717737688,1004240131,1326555586,1367415197
1b3231f2f1c4c3bd,H,1084959679,349025210,307542587,63320582
1b3231f2f1c4c3bd,H,512730883,557626475,268186892,1440474461
1b3231f2f1c4c3bd,H,774833223,1682274559,1600166363,797020736
1b3231f2f1c4c3bd,H,1925212075,118755331,722711586,530584395
1b3231f2f1c4c3bd,H,181035053,1612682230,1925581062,694774320
1b3231f2f1c4c3bd,H,1858176188,1599348282,1189090475,1018029133
1b3231f2f1c4c3bd,H,962109870,1803231583,1217721663,1671168362
1b3231f2f1c4c3bd,H,659332556,140238298,1221884604,136829750
1b3231f2f1c4c3bd,H,1617750135,929169385,90137583,503160359
1b3231f2f1c4c3bd,H,453639203,444228911,1612372841,2135446896
1b3231f2f1c4c3bd,H,1192347698,272636652,1064762334,377407065
1b3231f2f1c4c3bd,H,1406409039,1062632781,648597022,1486447293
1b3231f2f1c4c3bd,H,1462155214,2059058170,581139833,737510516
1b3231f2f1c4c3bd,H,978054501,1585016996,970457075,1430017587
1b3231f2f1c4c3bd,H,1171601619,1143151183,268216926,1638186556
1b3231f2f1c4c3bd,H,102319061,1494015793,1072271238,297529278
1b3231f2f1c4c3bd,H,379968730,1302600000,272938893,1080643155
1b3231f2f1c4c3bd,H,1334993806,257563077,1755492339,1562643050
1b3231f2f1c4c3bd,I,1997005644,1934280310,277219002,1522689558
1b3231f2f1c4c3bd,I,84949491,1978436798,2123826342,897570948
1b3231f2f1c4c3bd,I,25328330,2680057,1707147433,2037071707
1b3231f2f1c4c3bd,I,445997379,312896070,273679975,133537797
1b3231f2f1c4c3bd,I,1003999801,1074203750,2057095726,1534259728
1b3231f2f1c4c3bd,I,90101695,168163656,1236520250,511010593
1b3231f2f1c4c3bd,I,474096195,1217577174,209225571,1067434665
1b3231f2f1c4c3bd,I,1758629242,65802535,1035402718,144617306
1b3231f2f1c4c3bd,I,1294015903,337785314,1609000075,557519733
1b3231f2f1c4c3bd,I,737846277,260928419,548566615,954744364
1b3231f2f1c4c3bd,I,1044485447,1400930897,1227245803,1622578136
1b3231f2f1c4c3bd,I,1668015867,841638415,663260526,1467110309
1b3231f2f1c4c3bd,I,614281389,477024828,1739779821,1099946161
1b3231f2f1c4c3bd,I,133461469,1215384744,1382729554,765249821
1b3231f2f1c4c3bd,I,1335540937,2028973601,1532764579,1594050958
1b3231f2f1c4c3bd,I,1357149446,398644952,869686282,1078873053
1b3231f2f1c4c3bd,I,2125173726,1412615507,1681372627,780524135
1b3231f2f1c4c3bd,I,374086755,100556999,48278761,2045207193
1b3231f2f1c4c3bd,I,270989396,351465694,1907450391,1272172628
1b3231f2f1c4c3bd,I,915712175,729806933,1816191276,1060555083
1b3231f2f1c4c3bd,I,421929264,144748034,452139375,700298064
1b3231f2f1c4c3bd,I,1102881035,201370442,1466808197,201617362
1b3231f2f1c4c3bd,I,361596730,114417873,1452402848,1326019279
1b3231f2f1c4c3bd,I,217505357,1222224259,1374966277,1063372338
1b3231f2f1c4c3bd,I,2017257563,761902157,346865684,405498750
1b3231f2f1c4c3bd,I,851785006,1337212915,1226740592,309243086
1b3231f2f1c4c3bd,I,92364614,911519097,2128126645,1525262503
1b3231f2f1c4c3bd,I,897338425,1355830809,1690923561,472008550
1b3231f2f1c4c3bd,I,766304294,2709311,1815182389,828878069
1b3231f2f1c4c3bd,I,1520010233,962008199,1638203375,859871098
1b3231f2f1c4c3bd,J,1860239178,714691538,1488325437,954363237
1b3231f2f1c4c3bd,J,2082218999,2056872609,1574131789,816770031
1b3231f2f1c4c3bd,J,476595324,277033866,296016577,2107177126
1b3231f2f1c4c3bd,J,955478301,1318710293,1464139425,1998870438
1b3231f2f1c4c3bd,J,947224440,1581458892,101691558,685491884
1b3231f2f1c4c3bd,J,450452198,1314350863,2017264206,606150092
1b3231f2f1c4c3bd,J,1892031901,2100626009,1472013317,1322271850
1b3231f2f1c4c3bd,J,1932031302,2088120518,2078733585,1361524358
1b3231f2f1c4c3bd,J,237495757,676506381,505082994,671351961
1b3231f2f1c4c3bd,J,2012302460,949201798,1125195220,958622583
1b3231f2f1c4c3bd,J,1777684081,1421721037,1065496040,1881119120
1b3231f2f1c4c3bd,J,1331092312,588387760,1185684561,1434287808
1b3231f2f1c4c3bd,J,1738564213,1522338569,70656833,390721647
1b3231f2f1c4c3bd,J,622520280,582408473,48662393,512646838
1b3231f2f1c4c3bd,J,583917087,430148753,2132599106,544796873
1b3231f2f1c4c3bd,J,240616302,1157972211,720109757,659472306
1b3231f2f1c4c3bd,J,12032482,1444384497,297664025,1913589512
1b3231f2f1c4c3bd,J,1423613650,522152254,1290453463,359491619
1b3231f2f1c4c3bd,J,1280614974,851782387,96072884,2049118806
1b3231f2f1c4c3bd,J,1464751071,820796442,99776139,661500265
1b3231f2f1c4c3bd,J,813410032,1094427046,1662419067,1152072244
1b3231f2f1c4c3bd,J,1245004311,210444630,130284730,1982441852
1b3231f2f1c4c3bd,J,1841099919,301498153,2138430004,2053310908
1b3231f2f1c4c3bd,J,1711639088,345787324,439054643,694398270
1b3231f2f1c4c3bd,J,1156946927,360965946,1730325561,514710795
1b3231f2f1c4c3bd,J,1607723667,1163931116,450671790,1240548271
1b3231f2f1c4c3bd,J,299079270,2140894301,1104377732,881325539
1b3231f2f1c4c3bd,J,1833035868,1759563141,558039526,1023005537
1b3231f2f1c4c3bd,J,1496230142,1395394207,139445105,759767459
1b3231f2f1c4c3bd,J,1323779372,1255757852,1705193509,1524562534
1b3231f2f1c4c3bd,K,1089101240,54286339,890968783,294215731
1b3231f2f1c4c3bd,K,804805665,305940761,1903526122,1337925006
1b3231f2f1c4c3bd,K,1858796740,1438757547,629040887,833534786
1b3231f2f1c4c3bd,K,335798446,1750085246,709091788,1381369209
1b3231f2f1c4c3bd,K,2058845499,2103931035,402464192,1646050395
1b3231f2f1c4c3bd,K,2088451731,1594017975,590451168,986649758
1b3231f2f1c4c3bd,K,1785642485,1897093363,7328663,1691287639
1b3231f2f1c4c3bd,K,761308054,1740937892,1729983693,1159209467
1b3231f2f1c4c3bd,K,934669267,975138263,1626604044,106902855
1b3231f2f1c4c3bd,K,1602522720,420097225,305544446,596626696
1b3231f2f1c4c3bd,K,1802950740,956467162,1473526793,995674875
1b3231f2f1c4c3bd,K,24542418,542834673,278052737,721107213
1b3231f2f1c4c3bd,K,633843762,1544744452,1733293350,14943909
1b3231f2f1c4c3bd,K,2021462005,2086102656,1914889862,1650476812
1b3231f2f1c4c3bd,K,615884626,452087338,98499808,1827951963
1b3231f2f1c4c3bd,K,1138107191,854430052,471595874,136024797
1b3231f2f1c4c3bd,K,263696029,216089165,673804508,2046412110
1b3231f2f1c4c3bd,K,407526020,1801589480,398760154,334921645
1b3231f2f1c4c3bd,K,1474943704,1474877309,1483910631,1487428335
1b3231f2f1c4c3bd,K,799320844,1175906172,561052547,1643470298
1b3231f2f1c4c3bd,K,1583151392,866457272,1298767773,844051738
1b3231f2f1c4c3bd,K,1007397769,456770856,1335356762,1014327874
1b3231f2f1c4c3bd,K,716885146,358948343,832002602,1860368889
1b3231f2f1c4c3bd,K,1626643015,1969379298,1232910239,1239216910
1b3231f2f1c4c3bd,K,1736919663,443371749,1066643905,1918176653
1b3231f2f1c4c3bd,K,827386500,1947410586,1099854865,1010104408
1b3231f2f1c4c3bd,K,1337680796,1164043013,1618647195,2080616037
1b3231f2f1c4c3bd,K,1948223775,619432319,618206966,664943074
1b3231f2f1c4c3bd,K,1294898368,251750350,175331214,1285875501
1b3231f2f1c4c3bd,K,1468062040,867460465,900988583,1744912596
1b3231f2f1c4c3bd,L,181955713,715177843,1994637521,1870986754
1b3231f2f1c4c3bd,L,172299349,1059207820,480209068,1798212229
1b3231f2f1c4c3bd,L,1721786254,742564818,88992912,165100298
1b3231f2f1c4c3bd,L,956566354,948944868,54027344,1396786034
1b3231f2f1c4c3bd,L,1544288236,1017946131,280606114,1228431209
1b3231f2f1c4c3bd,L,950797609,1097542856,1959441137,2010877863
1b3231f2f1c4c3bd,L,1211471907,735229847,1923225680,453666596
1b3231f2f1c4c3bd,L,163815300,1787194506,1082370103,122152266
1b3231f2f1c4c3bd,L,844932325,1155949620,186817035,1198901733
1b3231f2f1c4c3bd,L,1240170597,928633838,1480608086,1769369319
1b3231f2f1c4c3bd,L,1680908866,208173490,1956349525,584555571
1b3231f2f1c4c3bd,L,973653070,1063896389,1630869684,787114910
1b3231f2f1c4c3bd,L,777379298,323983036,1270214588,1437070555
1b3231f2f1c4c3bd,L,1312888611,2108696009,1238237721,241278615
1b3231f2f1c4c3bd,L,2011298160,47753717,1706396538,1313593896
1b3231f2f1c4c3bd,L,1130194875,1476581495,302310145,2023896825
1b3231f2f1c4c3bd,L,1398847162,1593160978,1886869535,1504670725
1b3231f2f1c4c3bd,L,1278496150,490921388,1202164737,1520356869
1b3231f2f1c4c3bd,L,1773304029,1876851669,1389738895,1459810707
1b3231f2f1c4c3bd,L,2048381833,758829228,1368038255,1644264400
1b3231f2f1c4c3bd,L,927888208,1569727975,1230530459,1075485155
1b3231f2f1c4c3bd,L,724159213,92001616,1790891350,1815949446
1b3231f2f1c4c3bd,L,450458072,1593864200,1265426193,1470800167
1b3231f2f1c4c3bd,L,374635158,1067457215,2013578333,2068466302
1b3231f2f1c4c3bd,L,287956122,759687139,177491011,607658339
1b3231f2f1c4c3bd,L,907098987,1591382285,1439790788,1167435256
1b3231f2f1c4c3bd,L,1859216620,1755544783,1064795939,470924259
1b3231f2f1c4c3bd,L,862338173,752084028,1034017840,2114299682
1b3231f2f1c4c3bd,L,977984861,967183581,1832098932,1465983583
1b3231f2f1c4c3bd,L,2119338956,2088433797,502188543,651252481
19ab86000089d468,A,1372055286,1469627688,704256868,945509403
19ab86000089d468,A,1539971242,267416806,656755697,1558404484
19ab86000089d468,A,1575698061,614050159,749303322,552880900
19ab86000089d468,A,1862194184,1575402231,999761361,738813016
19ab86000089d468,A,2046346260,1771255257,1361191399,1517945353
19ab86000089d468,A,617852566,980944754,865245782,998870598
19ab86000089d468,A,294043176,282071039,1702331394,101719013
19ab86000089d468,A,1683427224,298069072,429594624,1414555524
19ab86000089d468,A,1799871877,514747923,887011725,1682155778
19ab86000089d468,A,1246453244,1033956282,648214426,1943356297
19ab86000089d468,A,2094253123,427690074,1853643557,1339901420
19ab86000089d468,A,1440311043,1762947851,347666484,654402309
19ab86000089d468,A,720763706,818317132,1491143589,141073080
19ab86000089d468,A,843949527,114655964,1139294091,1924587190
19ab86000089d468,A,705318998,618098637,603835653,920880309
19ab86000089d468,A,1812129112,1992897482,1019102190,967523060
19ab86000089d468,A,395070796,1946776409,2008703123,199704712
19ab86000089d468,A,1853291423,26123758,2072717081,423129525
19ab86000089d468,A,40935879,475968385,1159511258,1144906582
19ab86000089d468,A,1169845430,296958528,1199124281,685878586
19ab86000089d468,A,912766888,2014569309,1210011335,1702160474
19ab86000089d468,A,1189385486,1196831412,502323772,1309109443
19ab86000089d468,A,1785240092,555879275,1366347880,474125129
19ab86000089d468,A,1784771571,1187595168,1728806715,2116653827
19ab86000089d468,A,496049689,1120033011,1554440447,1272102087
19ab86000089d468,A,1374081292,658427851,726476406,1616113672
19ab86000089d468,A,728114487,765985505,626175582,1183586958
19ab86000089d468,A,241457519,1119131240,1772243946,1727347315
19ab86000089d468,A,342116701,1870921053,1235886465,127691598
19ab86000089d468,A,1213190713,2112622589,1695244003,1836160215
19ab86000089d468,B,285520007,382182953,321350311,972224323
19ab86000089d468,B,2034501305,1949811988,1259804221,1193154250
19ab86000089d468,B,2096759033,1180753904,813081374,633649851
19ab86000089d468,B,963906453,1677312452,702709183,165540498
19ab86000089d468,B,183086441,1042608605,1868485741,2049984306
19ab86000089d468,B,396386172,1054856519,987748577,508240708
19ab86000089d468,B,925168280,2129709629,1203666206,2095057482
19ab86000089d468,B,1932334645,838971197,465617023,664163470
19ab86000089d468,B,432849340,251393975,839858436,1446060548
19ab86000089d468,B,1578630832,824137050,2060073917,432572067
19ab86000089d468,B,1504142969,734983418,417093102,2008681616
19ab86000089d468,B,1311436511,1390090305,276765613,259809157
19ab86000089d468,B,1502001622,276690131,600197350,248547219
19ab86000089d468,B,680214058,787224991,433489440,2057911832
19ab86000089d468,B,1334673386,418149010,968633515,1081206511
19ab86000089d468,B,1921015492,512250095,1421141141,468843084
19ab86000089d468,B,126719205,547187300,690894651,1246025330
19ab86000089d468,B,1410649800,1631409593,2086075368,875187734
19ab86000089d468,B,1077485914,508790017,362286965,17567786
19ab86000089d468,B,1516775551,1386212839,984665542,875645938
19ab86000089d468,B,429385459,807675363,2030359710,292146071
19ab86000089d468,B,338878580,656218705,820354176,1400794032
19ab86000089d468,B,2040166118,856347466,1908698386,31246850
19ab86000089d468,B,1696483189,164091322,1281014086,2044580299
19ab86000089d468,B,296934562,591912511,1284428177,1036503908
19ab86000089d468,B,742512467,1961053346,1826812545,1423175345
19ab86000089d468,B,1012161794,1250401223,685138422,1495498172
19ab86000089d468,B,1629343039,2120041941,1731605210,751787627
19ab86000089d468,B,2127962868,569466888,583437468,453978223
19ab86000089d468,B,36037347,284934955,1021912283,1807959409
19ab86000089d468,C,1954565863,1322535568,1083376310,1443829273
19ab86000089d468,C,759444742,103178435,106711321,999215020
19ab86000089d468,C,1333277540,1609973027,730694469,1199635928
19ab86000089d468,C,1628194646,1790837991,55465360,970871242
19ab86000089d468,C,1260308850,241658052,2137978747,245963542
19ab86000089d468,C,309606410,884599055,356969003,128658913
19ab86000089d468,C,1118170966,74270529,89022473,2102526211
19ab86000089d468,C,1943089201,1373436738,1979221761,847710092
19ab86000089d468,C,538999658,616871634,6959231,251879909
19ab86000089d468,C,115050717,992042699,1975794607,936868841
19ab86000089d468,C,1659904273,245020163,918904510,1245068886
19ab86000089d468,C,1650569629,1088251361,814308058,1480457772
19ab86000089d468,C,2041688509,297664985,1185316121,440543256
19ab86000089d468,C,1809531756,649358675,1451050541,1880863166
19ab86000089d468,C,1359660527,380407229,1026556600,431240865
19ab86000089d468,C,1586110429,143181366,540737236,712222126
19ab86000089d468,C,645481531,437095930,2132203018,828727043
19ab86000089d468,C,1407612096,2062535106,1202759328,314267753
19ab86000089d468,C,1094044374,19947764,1024958560,1347963835
19ab86000089d468,C,1559767935,1121671269,277567145,1601006816
19ab86000089d468,C,136197701,761233648,1349070239,1627409259
19ab86000089d468,C,897420524,148872620,1907906081,1976888970
19ab86000089d468,C,77346907,1539794586,1493820741,1514993262
19ab86000089d468,C,1313446599,1539903368,1789930706,831015959
19ab86000089d468,C,694885138,661442590,654755417,1527892980
19ab86000089d468,C,1604305269,371388246,1170344882,200353357
19ab86000089d468,C,594767702,8031705,590541709,2145595684
19ab86000089d468,C,1466161734,2143937373,1130089957,1124171175
19ab86000089d468,C,856286011,937528784,1911979794,2072166414
19ab86000089d468,C,608637255,1747925696,662370909,1108109328
19ab86000089d468,D,1812983658,1242479958,1682914864,2110768495
19ab86000089d468,D,412708790,1304951320,1176353804,1301801288
19ab86000089d468,D,929815487,1864751033,656184972,1893832804
19ab86000089d468,D,797899456,861240814,1814098553,530943186
19ab86000089d468,D,1723428382,921490501,1627663591,923926150
19ab86000089d468,D,712400055,1819646597,1908084797,461075317
19ab86000089d468,D,1699597826,1567104944,1642938619,1304859275
19ab86000089d468,D,323037150,1511933402,609812148,632759468
19ab86000089d468,D,2112769888,503679083,1010472003,1959303765
19ab86000089d468,D,1058355177,418459779,1565055903,2124895191
19ab86000089d468,D,14008012,162776951,197683886,403086846
19ab86000089d468,D,628023883,203004219,2137892282,955535947
19ab86000089d468,D,2045127084,721027173,2109212725,215997505
19ab86000089d468,D,260729452,107234467,942851731,1328977084
19ab86000089d468,D,375271635,633961539,294301610,1206340311
19ab86000089d468,D,56813693,59130607,1355274360,2062728734
19ab86000089d468,D,147638879,384806173,962531498,755035054
19ab86000089d468,D,451298531,581747446,945788368,1007280193
19ab86000089d468,D,147375234,351827196,1536494,829109103
19ab86000089d468,D,109776373,1454515569,1795945171,1536152017
19ab86000089d468,D,1808734367,1299692989,384543090,1707252000
19ab86000089d468,D,1861084829,99918633,1446109873,1511477156
19ab86000089d468,D,1454381903,1729588588,194480085,815150328
19ab86000089d468,D,524863662,1422807055,385177612,1844393894
19ab86000089d468,D,617885714,1448949747,453176965,418025690
19ab86000089d468,D,2119535132,1280150644,471282233,531188083
19ab86000089d468,D,2002676789,1011525524,1849162847,888010004
19ab86000089d468,D,441518458,1040568652,300598782,370857478
19ab86000089d468,D,1428601546,2064105093,2121646239,673461213
19ab86000089d468,D,1597637330,886092795,1504861803,348895069
19ab86000089d468,E,1028632791,1589044152,1993918059,2006412847
19ab86000089d468,E,1989393187,882397197,927895289,533127126
19ab86000089d468,E,1290322325,2112029657,704183046,1183375049
19ab86000089d468,E,398717448,266264972,718287182,9354283
19ab86000089d468,E,739923624,1592388679,372296782,170659527
19ab86000089d468,E,725858267,983223609,1527058153,1093677508
19ab86000089d468,E,1401646406,1978780884,1939701172,453660518
19ab86000089d468,E,783273140,247209700,1327092735,95909135
19ab86000089d468,E,690016537,1098820934,408345684,512856207
19ab86000089d468,E,2034032384,1755553923,7413586,1049441308
19ab86000089d468,E,232585893,1022097139,167049552,1404309331
19ab86000089d468,E,2129616242,542029701,1034395068,1822405977
19ab86000089d468,E,554739764,569106506,1052727020,172456428
19ab86000089d468,E,1149621580,1177009165,276945788,1688114754
19ab86000089d468,E,126502848,1668016494,915460151,651252475
19ab86000089d468,E,1213448675,453947205,1543164436,1252392556
19ab86000089d468,E,62459307,671083115,629816631,747777588
19ab86000089d468,E,1970185738,1431258282,2119856454,696907281
19ab86000089d468,E,1009339038,1262493436,947499775,401882479
19ab86000089d468,E,1506895634,354386195,1756066699,697992659
19ab86000089d468,E,1652968602,385062748,216484287,1219391169
19ab86000089d468,E,1884879651,351870248,1536830211,548862984
19ab86000089d468,E,66723578,1281058923,13335493,1357406151
19ab86000089d468,E,1095152524,2046056129,1107967412,2132432954
19ab86000089d468,E,1725597072,219507770,926114120,686461005
19ab86000089d468,E,398221455,1535033507,661035202,1491844067
19ab86000089d468,E,804118065,1688910235,307539594,1256124217
19ab86000089d468,E,38230658,1247713480,55312239,470986626
19ab86000089d468,E,1844063816,1992489532,1469277535,342528751
19ab86000089d468,E,713355418,1154104561,1586132372,1054565073
19ab86000089d468,F,2034980091,1196028263,758323107,2014449870
19ab86000089d468,F,615606830,2028268390,1921378609,1251899554
19ab86000089d468,F,1294736908,2067339323,127659335,1165155445
19ab86000089d468,F,1602714698,139329392,108767771,1700854579
19ab86000089d468,F,230245687,939616324,1285737389,1191191326
19ab86000089d468,F,423384700,440005514,174698502,1842015856
19ab86000089d468,F,640801291,1252781205,1089434562,131060908
19ab86000089d468,F,1031513062,467896561,42236698,1871699726
19ab86000089d468,F,982111760,2059442555,1600600569,746345421
19ab86000089d468,F,1163446055,474448117,872977282,2146623369
19ab86000089d468,F,1734309288,991706389,2037522688,662339746
19ab86000089d468,F,71477168,1943822736,199564238,491528123
19ab86000089d468,F,1589177500,347806461,1058199556,1742110290
19ab86000089d468,F,1068691033,1588775498,85480339,1734771144
19ab86000089d468,F,330605066,532303346,1310841679,1897421123
19ab86000089d468,F,1715546977,37191993,1456067284,994538283
19ab86000089d468,F,21202110,1666146535,823489792,1431094730
19ab86000089d468,F,951385402,1586363300,674492361,1451664238
19ab86000089d468,F,2034058019,796637478,2103126416,1338853369
19ab86000089d468,F,773474368,1088374886,1528859322,107345984
19ab86000089d468,F,1026323214,16510590,1657521851,551786515
19ab86000089d468,F,1539545524,1222105736,2085205528,1269381784
19ab86000089d468,F,741918555,1908467730,523236499,1341079798
19ab86000089d468,F,112633365,1902089808,1526594795,1286851894
19ab86000089d468,F,1363020112,1664387981,319339262,829942590
19ab86000089d468,F,200039617,404233566,1759055342,1916184519
19ab86000089d468,F,943088573,1705938706,352875280,1867459126
19ab86000089d468,F,365790045,270286356,2068415985,1353824229
19ab86000089d468,F,48517800,113336821,937520152,1111207776
19ab86000089d468,F,1407671928,84369847,332985608,2071072350
19ab86000089d468,G,1019767328,1066234232,1186885278,936637237
19ab86000089d468,G,2028343531,615013387,1229295797,76528890
19ab86000089d468,G,1035549318,1127629381,526479939,320653988
19ab86000089d468,G,895836390,839998932,525408343,954269254
19ab86000089d468,G,251910904,178354361,2113693537,1039774339
19ab86000089d468,G,1440263200,903545093,1644854959,71769729
19ab86000089d468,G,1875870967,1489172752,1566956713,2111166737
19ab86000089d468,G,987504106,118246765,357098985,553261123
19ab86000089d468,G,1100042021,921658228,593485508,2134013032
19ab86000089d468,G,125042096,1687977289,349354631,1921655634
19ab86000089d468,G,737037526,1803511805,117712052,1610135943
19ab86000089d468,G,2065419514,692485500,1967665893,1539073051
19ab86000089d468,G,518505636,1321227385,874587904,790797836
19ab86000089d468,G,2127363176,726383667,1457233447,51439472
19ab86000089d468,G,109152761,1821863700,183989634,702369674
19ab86000089d468,G,1655323272,2123620481,1862642429,1083917041
19ab86000089d468,G,498211563,1292154482,1594338868,764116401
19ab86000089d468,G,933988062,338233848,2038547803,1062932042
19ab86000089d468,G,1022370153,1985295010,703070235,511732536
19ab86000089d468,G,952305404,964757491,726101001,1141619134
19ab86000089d468,G,1850945030,18233147,338747928,293412406
19ab86000089d468,G,1829306643,836886318,1675574556,1542760742
19ab86000089d468,G,355995060,487624595,2110923684,1583508579
19ab86000089d468,G,1559148380,1585954060,1820544152,21497850
19ab86000089d468,G,1719071565,1885379832,1985510558,1424233318
19ab86000089d468,G,1248068263,86348655,694777696,1587131584
19ab86000089d468,G,898051580,1081211619,487967906,457630911
19ab86000089d468,G,750727842,83172875,1159873955,1900989424
19ab86000089d468,G,1744630806,157099562,724469027,1262301827
19ab86000089d468,G,1524312277,903192764,1936986457,1007027128
19ab86000089d468,H,968471398,1727308580,22603194,1610703380
19ab86000089d468,H,1809151458,794397303,510443659,1177927851
19ab86000089d468,H,716069321,856544724,738720084,1810700220
19ab86000089d468,H,754821237,1922772362,199518480,2078356120
19ab86000089d468,H,674099214,1874819922,276432930,2043642176
19ab86000089d468,H,1208998589,872638704,519558865,669266029
19ab86000089d468,H,1322116044,1191393755,561149797,335110536
19ab86000089d468,H,1310322535,551511361,1712347931,2123973241
19ab86000089d468,H,1230506473,1260859984,1217412610,1923303487
19ab86000089d468,H,520044976,1267279823,1254899727,748142599
19ab86000089d468,H,439531210,1055253261,1405356901,1978109154
19ab86000089d468,H,752495913,154444866,2087842702,1669084553
19ab86000089d468,H,664478978,787581956,1066897500,607923083
19ab86000089d468,H,972143343,913322124,1536980017,1476644172
19ab86000089d468,H,422847566,574952133,1582425515,1560295962
19ab86000089d468,H,2112576302,1648695941,1850692151,1189113756
19ab86000089d468,H,2070592287,1514675812,1291279037,455525558
19ab86000089d468,H,986722281,1476529035,127343131,1825182122
19ab86000089d468,H,781296353,967993802,220748228,1307250747
19ab86000089d468,H,364649631,682707025,1048648887,1336106599
19ab86000089d468,H,2051602719,39413700,775508738,1773709413
19ab86000089d468,H,1512477468,635382134,788078396,807446206
19ab86000089d468,H,2038424528,864247619,621605166,197315818
19ab86000089d468,H,191238105,1571340901,635246134,1954083041
19ab86000089d468,H,1013585209,514413721,687206878,160443513
19ab86000089d468,H,1651512498,2055603918,690203696,879919712
19ab86000089d468,H,1786653860,837799098,285621298,14087099
19ab86000089d468,H,5193713,1058991156,1893883974,1672255131
19ab86000089d468,H,369886572,1850631051,674121809,710102173
19ab86000089d468,H,1568866089,922131455,1583515712,1812578040
19ab86000089d468,I,1697140699,1512244317,1146130095,838104035
19ab86000089d468,I,1084154731,1950989437,1878212969,1729406878
19ab86000089d468,I,783035710,365909245,1061904445,1228874268
19ab86000089d468,I,1598924387,1178312297,1671693836,206916927
19ab86000089d468,I,138596598,2109220581,282961594,399064892
19ab86000089d468,I,932731905,340992860,1674914813,1810628829
19ab86000089d468,I,132065541,1697878743,845513724,1705720915
19ab86000089d468,I,276977508,1005042261,2125379580,1610015762
19ab86000089d468,I,884529580,898490887,1991749854,1558796205
19ab86000089d468,I,150634808,915371546,1695395191,2121199621
19ab86000089d468,I,1098415222,934334228,1032164752,960817717
19ab86000089d468,I,2101611091,1396024299,1233030203,301928210
19ab86000089d468,I,2012386918,894969064,845719266,1551391715
19ab86000089d468,I,969597860,1243612908,321314589,1793641237
19ab86000089d468,I,2041235667,679956745,2113212384,922472972
19ab86000089d468,I,1985573895,1552333301,759635068,1739867197
19ab86000089d468,I,2134874740,1042932091,1716667942,1751689063
19ab86000089d468,I,1009279657,743375658,1975760539,883348989
19ab86000089d468,I,694300150,2036731598,2052522396,2079142002
19ab86000089d468,I,1952428080,481334559,1619166599,544841662
19ab86000089d468,I,1704127725,1879381490,913146889,908625395
19ab86000089d468,I,1020412005,1985878213,1305167984,1762806793
19ab86000089d468,I,116300492,336445236,1874609581,1572699518
19ab86000089d468,I,243447718,636368552,1896806860,2010335960
19ab86000089d468,I,1603784644,2085348577,1510535483,1636361196
19ab86000089d468,I,1675271949,552871692,1667723559,1468442074
19ab86000089d468,I,243616025,582085535,6356938,108686565
19ab86000089d468,I,1790157637,437258075,1250066362,362613691
19ab86000089d468,I,2078333043,768691017,1412329664,614145309
19ab86000089d468,I,1791754620,1465390372,710252254,771452468
19ab86000089d468,J,444255563,1935520652,2025414639,956418532
19ab86000089d468,J,1274533104,2092714527,1313625954,273125869
19ab86000089d468,J,2089794082,1033103599,1233281051,281182126
19ab86000089d468,J,500488439,2035279301,1730347049,1756700204
19ab86000089d468,J,1835390996,1929760012,182328683,1958787035
19ab86000089d468,J,559547431,438501031,271819449,583378753
19ab86000089d468,J,1733524047,885663882,41842587,75700008
19ab86000089d468,J,1008748778,1711262325,605937454,137657079
19ab86000089d468,J,878898915,1120425928,917737778,1618054734
19ab86000089d468,J,1095431641,1331893756,1664949468,1494531512
19ab86000089d468,J,424955609,562424207,842919459,1554941536
19ab86000089d468,J,1666385836,1373967088,1046276867,1251560672
19ab86000089d468,J,1291446190,62634391,1367696899,2072567635
19ab86000089d468,J,699301526,54157365,1679117098,1021762331
19ab86000089d468,J,1840237508,318399956,683345530,242118057
19ab86000089d468,J,1529094218,65761093,1871892625,1700203323
19ab86000089d468,J,1808950151,250156518,1976523484,1884167515
19ab86000089d468,J,1220311448,731803111,2032525385,1455187888
19ab86000089d468,J,1127030163,2022329430,160963616,1306146977
19ab86000089d468,J,770105493,1552246236,1258941030,467151887
19ab86000089d468,J,436890885,975201423,1961720649,1837178968
19ab86000089d468,J,2046524488,1925601108,1016711900,1883114708
19ab86000089d468,J,1206362154,794120947,297031571,624929106
19ab86000089d468,J,737777649,593006598,1864325615,1730744892
19ab86000089d468,J,1016177636,507715048,1628119420,1791905256
19ab86000089d468,J,820043887,5917675,723861008,445443145
19ab86000089d468,J,407971899,1149217676,1864744093,1849521365
19ab86000089d468,J,845225245,437049016,775181032,1073487980
19ab86000089d468,J,1544466901,1130164198,1748697649,699955149
19ab86000089d468,J,1150718274,1506520862,812932587,1024591275
19ab86000089d468,K,1079442894,137309537,1989764657,618836812
19ab86000089d468,K,1918093576,75786129,1612412808,2037258685
19ab86000089d468,K,1664481831,344727726,231907597,1100184477
19ab86000089d468,K,1367791932,1994014738,1857275355,1395846661
19ab86000089d468,K,1988298244,886137883,245740043,929137050
19ab86000089d468,K,2018017290,38748237,1168110680,1057475546
19ab86000089d468,K,452781630,1566488407,2003245702,134125380
19ab86000089d468,K,1361740283,1187986942,2113010247,1143068298
19ab86000089d468,K,1725156890,1268915549,530017326,921244957
19ab86000089d468,K,493694191,1152619486,759183141,1173175618
19ab86000089d468,K,360564443,1776231169,251462878,1339751500
19ab86000089d468,K,1635055314,350248938,605011214,1654988778
19ab86000089d468,K,1468789257,1226247081,486449813,1426337642
19ab86000089d468,K,1023863397,94300354,2144478544,1701643237
19ab86000089d468,K,2121834629,1664028549,428281826,539474541
19ab86000089d468,K,680320444,39905966,240561882,1409367017
19ab86000089d468,K,1614247331,1271455652,2083930793,1099664724
19ab86000089d468,K,213492001,626822108,1774541756,1668531228
19ab86000089d468,K,286352274,1842750736,1146906476,1534212337
19ab86000089d468,K,2033854371,1429136170,262535125,529170421
19ab86000089d468,K,1606184379,1309541350,961380134,1232498216
19ab86000089d468,K,1918041351,1770166628,716102927,472245085
19ab86000089d468,K,1996404041,577970406,68913999,1964366579
19ab86000089d468,K,1485118859,274503582,956063749,1328052471
19ab86000089d468,K,1459849089,734858611,1939652327,1264379599
19ab86000089d468,K,655436115,774170983,1291231131,1453387642
19ab86000089d468,K,2104148723,126420000,52037051,413289025
19ab86000089d468,K,2128991008,1309571005,1396723624,657471837
19ab86000089d468,K,704413925,1325673434,225965341,58932600
19ab86000089d468,K,778604984,2036403492,433458190,763313279
19ab86000089d468,L,1630030221,953981095,474050734,1004527648
19ab86000089d468,L,1681076385,1899759764,1153177571,1249831620
19ab86000089d468,L,416688839,955702193,118062116,641891530
19ab86000089d468,L,437623771,1270779354,742349111,1596031852
19ab86000089d468,L,1581319175,1192977298,1405681924,1844598166
19ab86000089d468,L,864449044,1052129694,563909365,1260127651
19ab86000089d468,L,728117654,940997375,1132489915,838842131
19ab86000089d468,L,735101302,924062544,56724191,580210661
19ab86000089d468,L,313752664,1820768732,198557953,1946190317
19ab86000089d468,L,1215580806,1922797381,1174720165,1869237394
19ab86000089d468,L,1722522371,696398879,755018773,1799243915
19ab86000089d468,L,1570101982,30807661,72920348,2075297202
19ab86000089d468,L,177703229,201900492,1970070245,907227174
19ab86000089d468,L,1116056898,1206484484,967729692,648874121
19ab86000089d468,L,1786852747,1837844640,76414166,1174927481
19ab86000089d468,L,935758243,908039673,607337927,1600482906
19ab86000089d468,L,211267436,527475190,834055736,206766632
19ab86000089d468,L,2080381797,1014920695,890951511,598457956
19ab86000089d468,L,313597238,1574499568,1313858923,1256695498
19ab86000089d468,L,1156773544,245227341,27979260,772637737
19ab86000089d468,L,999602166,356872457,1616051256,1005539649
19ab86000089d468,L,500862673,466161634,1936984053,703694850
19ab86000089d468,L,1606284076,2010770879,668153406,2005279027
19ab86000089d468,L,1990984270,1269409119,1800628807,720873698
19ab86000089d468,L,1124894073,1582407746,825764194,867284248
19ab86000089d468,L,373024801,263149038,126818353,638015062
19ab86000089d468,L,523160840,1462114728,939401415,2012033980
19ab86000089d468,L,863088478,1887109315,1382912052,598149770
19ab86000089d468,L,1540571470,582319903,166380550,1206406547
19ab86000089d468,L,1456284008,268251740,1248195106,1623540710
21b0f3ff213bba03,A,1983843631,394217566,1007961282,382113952
21b0f3ff213bba03,A,903144562,279920499,216539382,513584361
21b0f3ff213bba03,A,893486998,724600798,741053423,834546745
21b0f3ff213bba03,A,1356178818,1287559419,532050201,769683774
21b0f3ff213bba03,A,194348077,299606490,77049923,275594860
21b0f3ff213bba03,A,559714833,953460744,1890922603,1599156431
21b0f3ff213bba03,A,443871011,467390730,1104619759,2096279691
21b0f3ff213bba03,A,444282455,517079583,1104115681,1619326563
21b0f3ff213bba03,A,1299814099,2074840375,1096984501,478267825
21b0f3ff213bba03,A,1968533154,640704525,1571923506,968003528
21b0f3ff213bba03,A,91134577,305545827,1108646944,716384800
21b0f3ff213bba03,A,2011731606,416622924,2072095077,418795514
21b0f3ff213bba03,A,927475137,672165894,50416149,1368451416
21b0f3ff213bba03,A,713782786,636220190,635678164,620111761
21b0f3ff213bba03,A,472825451,573508863,1847960064,2059514463
21b0f3ff213bba03,A,672598269,2036564858,1866128902,1986667580
21b0f3ff213bba03,A,389509839,1221106844,1513126894,1110546827
21b0f3ff213bba03,A,106004877,1508134240,423342413,1221811748
21b0f3ff213bba03,A,1007775828,1675376753,1485125655,155729613
21b0f3ff213bba03,A,1949863931,1683798081,570439521,529264366
21b0f3ff213bba03,A,2087443736,685223660,1778266619,303687337
21b0f3ff213bba03,A,418434094,1908449132,374589763,946465858
21b0f3ff213bba03,A,796070528,1598447547,1505346886,684800211
21b0f3ff213bba03,A,645037140,641733413,484021717,1940035090
21b0f3ff213bba03,A,1317227708,324914030,980165001,1517462454
21b0f3ff213bba03,A,362734704,137382270,575621859,1386968643
21b0f3ff213bba03,A,1144424901,462332548,519802448,1379130757
21b0f3ff213bba03,A,86705364,636003692,1351206145,1166207142
21b0f3ff213bba03,A,374731604,766319662,1073176681,1729399160
21b0f3ff213bba03,A,249113699,535706879,1531245384,1634593526
21b0f3ff213bba03,B,901681925,711405599,1116140453,1748700766
21b0f3ff213bba03,B,603982607,1620964437,940150800,1541547590
21b0f3ff213bba03,B,1720099245,1018677621,1795120132,664270340
21b0f3ff213bba03,B,53671461,1409606933,468012223,1632798680
21b0f3ff213bba03,B,983570521,98420553,516755745,1027015603
21b0f3ff213bba03,B,1304698642,939905672,980711261,63319618
21b0f3ff213bba03,B,1751648543,430367018,1138008530,2145193376
21b0f3ff213bba03,B,1876415041,590777754,1962830116,1582481633
21b0f3ff213bba03,B,1311492114,1279050614,1586554423,1195334008
21b0f3ff213bba03,B,1382660802,1087903607,1193232058,969103049
21b0f3ff213bba03,B,1185644829,322169150,87593193,2014487499
21b0f3ff213bba03,B,232458914,716757418,951686838,1842131494
21b0f3ff213bba03,B,1294157919,957583654,601170999,1792174314
21b0f3ff213bba03,B,1571343420,1420666056,1555496391,140248957
21b0f3ff213bba03,B,1803703901,1219138273,581583920,385572915
21b0f3ff213bba03,B,800260751,390498025,2124904049,377445815
21b0f3ff213bba03,B,2108416023,451814630,396220931,321432894
21b0f3ff213bba03,B,1237642426,732079975,230494588,1336721496
21b0f3ff213bba03,B,1152940966,812226277,1974672726,1762188459
21b0f3ff213bba03,B,1731566623,789011667,1268354789,205248469
21b0f3ff213bba03,B,894759886,1688307285,164350848,549130610
21b0f3ff213bba03,B,299978320,379844257,1558405472,1484791363
21b0f3ff213bba03,B,193457448,532027989,1100367049,2126733741
21b0f3ff213bba03,B,1274658122,979611473,2074251740,522937181
21b0f3ff213bba03,B,971212201,1350530149,833262771,1199084916
21b0f3ff213bba03,B,2015307025,146573294,110082337,659450457
21b0f3ff213bba03,B,2104420387,649715382,314181402,1081332074
21b0f3ff213bba03,B,1843458533,1652691781,1284828641,1679684201
21b0f3ff213bba03,B,1460796551,1165510318,1249228093,370713824
21b0f3ff213bba03,B,784324711,908454530,1523934392,1181376724
21b0f3ff213bba03,C,643002835,371303661,1875562669,2040139692
21b0f3ff213bba03,C,240979396,1166072064,155797553,346273119
21b0f3ff213bba03,C,284695972,599500107,1669151350,1833960524
21b0f3ff213bba03,C,118404308,1900124452,1321616039,1572676558
21b0f3ff213bba03,C,225611341,1162391841,644774873,1341352715
21b0f3ff213bba03,C,1551574782,912769018,1901402564,67120275
21b0f3ff213bba03,C,192835581,2114107587,2134383022,428177287
21b0f3ff213bba03,C,1800694082,941682194,444469679,1516612939
21b0f3ff213bba03,C,748911243,1001294040,1654909448,1009288922
21b0f3ff213bba03,C,86096675,752058658,1020416891,2080264322
21b0f3ff213bba03,C,1586192785,492391412,1567358517,205166731
21b0f3ff213bba03,C,559038991,1566827346,1314233778,212751043
21b0f3ff213bba03,C,579869378,1881005021,1105678806,402530837
21b0f3ff213bba03,C,656179597,1943812696,1283357795,908388907
21b0f3ff213bba03,C,1716888732,1129325102,1057814883,993933939
21b0f3ff213bba03,C,1879643747,304023188,1464111184,1287492727
21b0f3ff213bba03,C,1972426016,1238881271,1000791505,1069702635
21b0f3ff213bba03,C,1824537417,1633933981,1829756022,934775767
21b0f3ff213bba03,C,1501135209,1174969474,191812834,378603523
21b0f3ff213bba03,C,1703951996,1042837069,1666176038,2059394991
21b0f3ff213bba03,C,229267983,1233351271,1368564630,1294396570
21b0f3ff213bba03,C,2049876269,254166848,1442601804,827156222
21b0f3ff213bba03,C,1206157156,195897560,1030323847,1746940219
21b0f3ff213bba03,C,303342924,463278720,740852388,1660092891
21b0f3ff213bba03,C,445607817,1039652655,781282537,874654398
21b0f3ff213bba03,C,1655579588,911005362,1602776961,1203907796
21b0f3ff213bba03,C,483466878,455112118,334468137,693015548
21b0f3ff213bba03,C,367765800,97198729,444793138,1476181438
21b0f3ff213bba03,C,1316002088,1408071296,829456721,818824381
21b0f3ff213bba03,C,961354893,349845453,2101181109,1595126336
21b0f3ff213bba03,D,1334998840,1534530411,1282210575,957537881
21b0f3ff213bba03,D,140989023,75683065,1072606783,1287493397
21b0f3ff213bba03,D,1078241083,1820002888,2058491324,812336425
21b0f3ff213bba03,D,130928537,908102855,2105280795,1820121094
21b0f3ff213bba03,D,648080265,459915896,1354297068,978560228
21b0f3ff213bba03,D,878779493,2116125985,2059000569,307332940
21b0f3ff213bba03,D,1307680328,1083755121,767320731,1509744305
21b0f3ff213bba03,D,1324294842,1931611176,1007507626,1794724169
21b0f3ff213bba03,D,1326170579,2112228981,1985029823,85030272
21b0f3ff213bba03,D,1679619815,1833673841,1186229650,1581678119
21b0f3ff213bba03,D,1641580979,1337146514,124726923,1314076188
21b0f3ff213bba03,D,1237874464,1329629799,596210646,1959545706
21b0f3ff213bba03,D,1818992540,1857958788,1171646418,345553040
21b0f3ff213bba03,D,1605338448,1166803400,613805178,973991590
21b0f3ff213bba03,D,1933109387,1813091252,660171408,1434234769
21b0f3ff213bba03,D,1079792987,512911990,787939097,160868549
21b0f3ff213bba03,D,589839189,123214616,1060099040,17102611
21b0f3ff213bba03,D,1483209455,130810502,284896664,384608192
21b0f3ff213bba03,D,1826639791,1762184109,1927414654,833438699
21b0f3ff213bba03,D,408158132,760786798,232085342,1110177162
21b0f3ff213bba03,D,1588052326,417742099,457583124,906735256
21b0f3ff213bba03,D,1596202968,1756396695,51081237,1958166732
21b0f3ff213bba03,D,1715125702,2037131471,989455536,350707894
21b0f3ff213bba03,D,1994875033,183268427,1058057721,1709739061
21b0f3ff213bba03,D,365153053,754112255,1229487583,2080538065
21b0f3ff213bba03,D,6415129,361708760,335845359,377854494
21b0f3ff213bba03,D,294288198,605497765,1845227162,956073000
21b0f3ff213bba03,D,255283077,1977357260,1256906097,1700320484
21b0f3ff213bba03,D,755364872,1722675609,861227555,274828916
21b0f3ff213bba03,D,1893379857,1280182221,777512693,1208369893
21b0f3ff213bba03,E,1020447193,1108275260,1400747095,1138826540
21b0f3ff213bba03,E,1543166909,1931445438,731308221,2046925071
21b0f3ff213bba03,E,2121976737,787179510,657342523,989106516
21b0f3ff213bba03,E,1763142505,864675958,914235618,924459366
21b0f3ff213bba03,E,830009517,91894836,204526546,1250389603
21b0f3ff213bba03,E,1332243504,721874787,761032520,1701055322
21b0f3ff213bba03,E,1710895672,504110201,1425840109,364176421
21b0f3ff213bba03,E,2001762250,844701385,266233473,1780909866
21b0f3ff213bba03,E,1769428894,367728953,943551970,741916278
21b0f3ff213bba03,E,910257149,511170598,1987167500,1385133417
21b0f3ff213bba03,E,1647038643,1178201032,447334563,1281907901
21b0f3ff213bba03,E,1340365778,878259975,1535750006,1038270292
21b0f3ff213bba03,E,317030370,816497786,2085570948,527815166
21b0f3ff213bba03,E,1768961207,1569149451,1204608254,1698061095
21b0f3ff213bba03,E,105572185,1901316204,2076883315,148701530
21b0f3ff213bba03,E,1950731862,376269599,2032099185,1282287717
21b0f3ff213bba03,E,1301146028,133782881,51187519,1135768576
21b0f3ff213bba03,E,2033404656,1930012228,502119279,1429820146
21b0f3ff213bba03,E,2086815220,1250894641,1542091546,112074683
21b0f3ff213bba03,E,370863896,2026247810,1130763981,108415004
21b0f3ff213bba03,E,1631190466,1590301831,576825042,835788785
21b0f3ff213bba03,E,1782865010,30548524,1358027770,1728078401
21b0f3ff213bba03,E,1472218115,327979927,1807709734,87530137
21b0f3ff213bba03,E,1860801658,1811533255,506286036,328192811
21b0f3ff213bba03,E,11250638,328134855,823750889,1970374467
21b0f3ff213bba03,E,1750643300,814598883,1972496422,1783870667
21b0f3ff213bba03,E,1105449737,2057661046,57366261,1835243832
21b0f3ff213bba03,E,1796533112,941618992,1705975305,947832424
21b0f3ff213bba03,E,1722979578,966652736,215845252,627467478
21b0f3ff213bba03,E,247904306,1480279599,888284608,1665291741
21b0f3ff213bba03,F,2123414963,553991210,695567442,1395676561
21b0f3ff213bba03,F,1522752907,728232953,1978160506,1411114843
21b0f3ff213bba03,F,552012071,1088884881,1346856954,1701861383
21b0f3ff213bba03,F,2093057846,967108958,1163637240,1782646029
21b0f3ff213bba03,F,316171526,106524204,1582260857,1708698388
21b0f3ff213bba03,F,1609777799,991104409,652019051,330350790
21b0f3ff213bba03,F,955788664,675847153,1567991598,1568599621
21b0f3ff213bba03,F,223211202,78278454,951428761,363565326
21b0f3ff213bba03,F,758911874,1343169302,402342932,1936025921
21b0f3ff213bba03,F,1144123255,590208443,1243171179,655341136
21b0f3ff213bba03,F,402760267,505177343,275761890,1435350326
21b0f3ff213bba03,F,153289114,1237026177,1491975209,434938017
21b0f3ff213bba03,F,1383839623,2057309565,143148159,72928437
21b0f3ff213bba03,F,591251090,589045964,1918442251,277830413
21b0f3ff213bba03,F,1908728771,1091622040,791851198,590540041
21b0f3ff213bba03,F,784999932,954545122,192176233,625395492
21b0f3ff213bba03,F,1659817403,1700721602,1713090377,1292877820
21b0f3ff213bba03,F,1284616581,206067443,1893134487,435562225
21b0f3ff213bba03,F,2104010888,1813504364,1261343258,251904557
21b0f3ff213bba03,F,1588370256,2119932529,1828936403,536314895
21b0f3ff213bba03,F,960542386,1033385207,1777286409,936975944
21b0f3ff213bba03,F,977276164,2079693549,387953534,1767523862
21b0f3ff213bba03,F,1749756420,1719547022,2120133068,1965106067
21b0f3ff213bba03,F,314929594,153547776,1136628721,974566205
21b0f3ff213bba03,F,137610174,773513716,140668543,12426802
21b0f3ff213bba03,F,1062423898,2047311105,2095946890,1974397365
21b0f3ff213bba03,F,2019390837,1084984493,1233702311,894458873
21b0f3ff213bba03,F,1068864234,2103003308,8475185,1199119037
21b0f3ff213bba03,F,1426737834,637571870,596101120,1720892368
21b0f3ff213bba03,F,1268417715,676443649,699660732,880278087
21b0f3ff213bba03,G,585481245,1832458719,2018989955,1443928047
21b0f3ff213bba03,G,1145909798,1519634309,1681621191,1530013706
21b0f3ff213bba03,G,315830888,1629622055,1606212224,783530313
21b0f3ff213bba03,G,794155046,1393668664,924705112,1016758985
21b0f3ff213bba03,G,396438497,994444663,2046542098,2057913841
21b0f3ff213bba03,G,381777665,538132028,881547077,949941883
21b0f3ff213bba03,G,591746235,1399123416,1289608539,1262381599
21b0f3ff213bba03,G,235130424,1521700164,19336962,893556093
21b0f3ff213bba03,G,2009804830,1511009655,1992639696,1455366077
21b0f3ff213bba03,G,74184256,1703260580,1585794287,196923168
21b0f3ff213bba03,G,984294266,1219259358,511291867,431359208
21b0f3ff213bba03,G,1314323921,849638608,1230081771,1867022087
21b0f3ff213bba03,G,205328805,1302768609,1015250460,355370881
21b0f3ff213bba03,G,1561417453,261759926,1484407513,254789039
21b0f3ff213bba03,G,500968326,1832440392,788928622,275020443
21b0f3ff213bba03,G,2025734359,304618384,1675911565,173260536
21b0f3ff213bba03,G,1339898350,1453256968,1011249388,95582611
21b0f3ff213bba03,G,1038163568,1494951097,1693130610,1593913476
21b0f3ff213bba03,G,2050088277,1246283193,1133015000,860943778
21b0f3ff213bba03,G,337160751,341756905,1343320301,24628920
21b0f3ff213bba03,G,1932675452,929641132,1092804771,898421932
21b0f3ff213bba03,G,665940100,279950718,829545020,1102957155
21b0f3ff213bba03,G,1786971464,1836613929,1600591405,377383657
21b0f3ff213bba03,G,910072484,1478803509,822782456,214499823
21b0f3ff213bba03,G,1438822957,94278822,1043816451,1501988425
21b0f3ff213bba03,G,994534948,841770990,1906276312,402547024
21b0f3ff213bba03,G,1149705307,3971970,165570870,882482193
21b0f3ff213bba03,G,1515859362,1452222938,1662615914,1407752536
21b0f3ff213bba03,G,621171161,65802032,1375492280,1678476220
21b0f3ff213bba03,G,1205996353,1693898616,1248867186,342322355
21b0f3ff213bba03,H,100189093,1795465733,1817324961,1312290863
21b0f3ff213bba03,H,2106714355,1629866261,493118202,1049597643
21b0f3ff213bba03,H,1765204423,1188695116,445872210,495446588
21b0f3ff213bba03,H,1160151492,300268659,266582148,315109934
21b0f3ff213bba03,H,1648955798,969684096,1285637878,958125327
21b0f3ff213bba03,H,1347046064,479993242,62776184,1763170323
21b0f3ff213bba03,H,3068906,1912778914,1719380164,1863753594
21b0f3ff213bba03,H,1023059497,714158773,986325054,1529354163
21b0f3ff213bba03,H,403019788,1794655357,1998740827,1318540807
21b0f3ff213bba03,H,324957465,1763812019,634450143,646504116
21b0f3ff213bba03,H,1486649487,79841094,1274506972,1747773349
21b0f3ff213bba03,H,680360839,1432244290,2036788462,171809244
21b0f3ff213bba03,H,1351552388,949328277,1643769156,1149829332
21b0f3ff213bba03,H,878061421,2025767140,1569985132,207321345
21b0f3ff213bba03,H,755373663,7774454,1956610828,592013456
21b0f3ff213bba03,H,473310527,1891306372,1829645216,936252073
21b0f3ff213bba03,H,132809364,1813999955,1642943330,2121250687
21b0f3ff213bba03,H,1992167492,1453674589,1408013185,440363036
21b0f3ff213bba03,H,447889437,374465356,626656043,872871263
21b0f3ff213bba03,H,1876400203,1031944982,480987656,1476797885
21b0f3ff213bba03,H,216059073,1803388293,1107701864,257369699
21b0f3ff213bba03,H,1130165766,1865281325,2106163195,1569259049
21b0f3ff213bba03,H,2145376925,507342974,661718571,1825449851
21b0f3ff213bba03,H,2108966395,692309633,760449422,44464488
21b0f3ff213bba03,H,2127470936,1052856270,419638670,1210805375
21b0f3ff213bba03,H,1959011280,1024129600,631102710,1327013689
21b0f3ff213bba03,H,2072460423,1230376016,706563211,314954810
21b0f3ff213bba03,H,1208225207,384781684,1078401861,1829807382
21b0f3ff213bba03,H,2105890698,279809686,80683839,815976608
21b0f3ff213bba03,H,1105439665,1616556320,240196,1607667855
21b0f3ff213bba03,I,853211133,1039772366,1272111299,1130502484
21b0f3ff213bba03,I,676627122,1354571435,525512407,1040873947
21b0f3ff213bba03,I,672968018,1085139075,1865904561,446998408
21b0f3ff213bba03,I,313941536,1112947490,1553529105,1477523017
21b0f3ff213bba03,I,598287436,1339227859,242990962,821717023
21b0f3ff213bba03,I,1407507039,1026443849,1206586382,1871666394
21b0f3ff213bba03,I,181763,567171426,1178909347,1845032202
21b0f3ff213bba03,I,337420850,320671454,2062297624,2008118344
21b0f3ff213bba03,I,247779777,1289676830,175778755,332139630
21b0f3ff213bba03,I,1932283169,682496090,1807881132,1505358257
21b0f3ff213bba03,I,1448589806,900170962,1786807923,1274079451
21b0f3ff213bba03,I,119653625,2029004661,721149181,205548679
21b0f3ff213bba03,I,17740845,1352228950,407541983,778096858
21b0f3ff213bba03,I,1038422716,1848045711,2035337219,622201068
21b0f3ff213bba03,I,303731287,1232086438,648061857,650966291
21b0f3ff213bba03,I,2013244725,1702864968,495734669,843671768
21b0f3ff213bba03,I,1282900214,1752262046,1025443462,1736548736
21b0f3ff213bba03,I,1724458149,1593900145,204751291,1774744055
21b0f3ff213bba03,I,1322709579,498497449,1953778870,1496871452
21b0f3ff213bba03,I,354347879,93651492,335820773,1526314178
21b0f3ff213bba03,I,1736199870,70574916,315920171,1125667669
21b0f3ff213bba03,I,526461496,525368058,156483426,451616174
21b0f3ff213bba03,I,1773691683,249458306,847993241,749513431
21b0f3ff213bba03,I,1951804780,367044859,1424048655,1002517605
21b0f3ff213bba03,I,421170103,2076387769,516123343,593966050
21b0f3ff213bba03,I,119513899,1648187861,2139200398,1512314069
21b0f3ff213bba03,I,691215462,799518964,1788966114,1060058024
21b0f3ff213bba03,I,1894715383,770445361,1260207853,857553903
21b0f3ff213bba03,I,1560479460,766259770,1452349696,1394904148
21b0f3ff213bba03,I,522663878,1070645042,181880940,1138325127
21b0f3ff213bba03,J,1145871572,1092032778,1788749844,1003302883
21b0f3ff213bba03,J,516003347,501990609,131567135,1459366770
21b0f3ff213bba03,J,359530452,1884902717,825646442,1563316848
21b0f3ff213bba03,J,787925366,1438687899,535281253,1924499498
21b0f3ff213bba03,J,1401448705,1533070673,1848376109,2053083521
21b0f3ff213bba03,J,1890110621,190658579,1475758224,1425265593
21b0f3ff213bba03,J,636205178,523429966,610564851,2006714670
21b0f3ff213bba03,J,1189827503,1814883297,1497111402,501789539
21b0f3ff213bba03,J,540201968,368192103,1569257920,2106106491
21b0f3ff213bba03,J,1217167535,1226392423,129639917,2097487472
21b0f3ff213bba03,J,447589030,53410627,911475033,1668150157
21b0f3ff213bba03,J,875038441,339775745,1218565845,1055678838
21b0f3ff213bba03,J,1177745151,1402198103,2075168280,1557704778
21b0f3ff213bba03,J,1317233541,1323632030,1263410943,1291609972
21b0f3ff213bba03,J,1311751263,614214960,1688270519,1185035536
21b0f3ff213bba03,J,175407247,179496986,2035680935,1022538629
21b0f3ff213bba03,J,791333314,1834853332,174806743,762603602
21b0f3ff213bba03,J,701947896,911176686,934789280,486778606
21b0f3ff213bba03,J,421417022,1110072335,1975335198,557836149
21b0f3ff213bba03,J,1198748259,2133395960,39084188,885117539
21b0f3ff213bba03,J,1120629063,1600653562,1112612327,1256731800
21b0f3ff213bba03,J,1888740217,2027341698,1205636418,1213442683
21b0f3ff213bba03,J,1376268379,1096563416,589125311,2108736748
21b0f3ff213bba03,J,346664110,1212606192,1318138243,1815213974
21b0f3ff213bba03,J,835202784,1920818263,2109494670,285138359
21b0f3ff213bba03,J,25819304,857471592,441615954,1768770588
21b0f3ff213bba03,J,582074852,1020207813,63210575,1282848844
21b0f3ff213bba03,J,15252913,2063673100,1823143122,1084436994
21b0f3ff213bba03,J,427900469,143875857,2104677447,1190657579
21b0f3ff213bba03,J,1640795339,45787682,1601052196,43610344
21b0f3ff213bba03,K,1488316215,2055828277,1083949897,515287851
21b0f3ff213bba03,K,1176797682,617483829,855578290,348562665
21b0f3ff213bba03,K,706529626,569396030,2046479486,482768578
21b0f3ff213bba03,K,1578931676,1087235983,1733624892,1345013134
21b0f3ff213bba03,K,1501190213,300855361,1071052806,2139519590
21b0f3ff213bba03,K,546565810,206139236,1085684862,35454794
21b0f3ff213bba03,K,536695675,923767821,1790823294,1314171782
21b0f3ff213bba03,K,1483919631,1542482348,851921709,784976373
21b0f3ff213bba03,K,1472478964,1244524992,837056363,972094739
21b0f3ff213bba03,K,320358875,2097038962,780759956,1200986031
21b0f3ff213bba03,K,1993866294,579137243,1775941172,628309812
21b0f3ff213bba03,K,358031506,1992821549,370062445,1734082290
21b0f3ff213bba03,K,892104894,1109609875,311848564,1516675753
21b0f3ff213bba03,K,765367378,753512757,2020065937,554856551
21b0f3ff213bba03,K,1863187920,390003043,678772035,734640367
21b0f3ff213bba03,K,1112163416,1481406138,1910761537,2026985413
21b0f3ff213bba03,K,1963667300,311723112,536805999,97490289
21b0f3ff213bba03,K,1071744878,76270216,341914453,17121460
21b0f3ff213bba03,K,519417927,877555648,729405208,1311951273
21b0f3ff213bba03,K,1751626081,181784219,2021793691,493595489
21b0f3ff213bba03,K,1977970434,970300966,1638149545,876632010
21b0f3ff213bba03,K,155931771,1147925897,87486128,81178237
21b0f3ff213bba03,K,642764361,1855723459,2053092461,1490797256
21b0f3ff213bba03,K,1030436545,373004087,753461280,1908465599
21b0f3ff213bba03,K,1862976328,1797364251,288440252,692066090
21b0f3ff213bba03,K,2087463069,293516482,1808107345,958252722
21b0f3ff213bba03,K,993027580,2093303548,1056387797,1568043014
21b0f3ff213bba03,K,210191399,1329765348,1064039807,680426746
21b0f3ff213bba03,K,1608917543,610536385,233896719,59726892
21b0f3ff213bba03,K,274476352,1710811812,276549084,1033791673
21b0f3ff213bba03,L,2030192697,618211240,510623410,2121444081
21b0f3ff213bba03,L,244935128,1112026918,1651365904,1673975268
21b0f3ff213bba03,L,881412347,48226970,1469066493,502530439
21b0f3ff213bba03,L,2069959506,1938702086,19406268,1193026550
21b0f3ff213bba03,L,1610189482,1053207160,315185156,169348762
21b0f3ff213bba03,L,967128115,2058039939,368783306,79097523
21b0f3ff213bba03,L,113181119,79717892,1712018050,1683514743
21b0f3ff213bba03,L,126191059,979717324,193070833,1911539626
21b0f3ff213bba03,L,1263010580,353194104,1429453024,463122731
21b0f3ff213bba03,L,1454346831,195272581,1934830471,1827915846
21b0f3ff213bba03,L,1677385639,663637689,1567444817,1006294154
21b0f3ff213bba03,L,25301608,564662196,1583441255,964133171
21b0f3ff213bba03,L,1978107963,505263626,803245651,1358349503
21b0f3ff213bba03,L,1848678426,1040422616,1859713023,1966978777
21b0f3ff213bba03,L,701210201,1172117474,660090810,2064107785
21b0f3ff213bba03,L,487602407,459884654,28393022,34717154
21b0f3ff213bba03,L,416352987,1544443132,2040575405,618183812
21b0f3ff213bba03,L,223593923,178349683,1887602706,1850240698
21b0f3ff213bba03,L,1204515437,1765624036,1716002711,221723998
21b0f3ff213bba03,L,292833550,2084984065,1278235447,1546587929
21b0f3ff213bba03,L,1444930798,1241576341,51695249,1151581727
21b0f3ff213bba03,L,1442101918,253559508,1569150259,1937846834
21b0f3ff213bba03,L,1201466516,720543840,143147001,1505357240
21b0f3ff213bba03,L,1984832549,73295963,763672307,1736638528
21b0f3ff213bba03,L,1434155985,2011800139,1258214988,1103661609
21b0f3ff213bba03,L,1654575405,1238785415,592020854,1588219026
21b0f3ff213bba03,L,1332745569,1165542994,362326606,2049701065
21b0f3ff213bba03,L,1980798159,1862846688,1902800619,760207696
21b0f3ff213bba03,L,1435578506,817196969,1534728175,806933704
21b0f3ff213bba03,L,103760060,55625497,1879504002,1139278555
